Timing Analyzer report for traffic_button
Fri Apr 10 04:15:33 2026
Quartus Prime Version 20.1.0 Build 711 06/05/2020 SJ Lite Edition


---------------------
; Table of Contents ;
---------------------
  1. Legal Notice
  2. Timing Analyzer Summary
  3. Parallel Compilation
  4. Clocks
  5. Slow 1200mV 85C Model Fmax Summary
  6. Timing Closure Recommendations
  7. Slow 1200mV 85C Model Setup Summary
  8. Slow 1200mV 85C Model Hold Summary
  9. Slow 1200mV 85C Model Recovery Summary
 10. Slow 1200mV 85C Model Removal Summary
 11. Slow 1200mV 85C Model Minimum Pulse Width Summary
 12. Slow 1200mV 85C Model Setup: 'clk'
 13. Slow 1200mV 85C Model Hold: 'clk'
 14. Slow 1200mV 85C Model Metastability Summary
 15. Slow 1200mV 0C Model Fmax Summary
 16. Slow 1200mV 0C Model Setup Summary
 17. Slow 1200mV 0C Model Hold Summary
 18. Slow 1200mV 0C Model Recovery Summary
 19. Slow 1200mV 0C Model Removal Summary
 20. Slow 1200mV 0C Model Minimum Pulse Width Summary
 21. Slow 1200mV 0C Model Setup: 'clk'
 22. Slow 1200mV 0C Model Hold: 'clk'
 23. Slow 1200mV 0C Model Metastability Summary
 24. Fast 1200mV 0C Model Setup Summary
 25. Fast 1200mV 0C Model Hold Summary
 26. Fast 1200mV 0C Model Recovery Summary
 27. Fast 1200mV 0C Model Removal Summary
 28. Fast 1200mV 0C Model Minimum Pulse Width Summary
 29. Fast 1200mV 0C Model Setup: 'clk'
 30. Fast 1200mV 0C Model Hold: 'clk'
 31. Fast 1200mV 0C Model Metastability Summary
 32. Multicorner Timing Analysis Summary
 33. Board Trace Model Assignments
 34. Input Transition Times
 35. Signal Integrity Metrics (Slow 1200mv 0c Model)
 36. Signal Integrity Metrics (Slow 1200mv 85c Model)
 37. Signal Integrity Metrics (Fast 1200mv 0c Model)
 38. Setup Transfers
 39. Hold Transfers
 40. Report TCCS
 41. Report RSKM
 42. Unconstrained Paths Summary
 43. Clock Status Summary
 44. Unconstrained Input Ports
 45. Unconstrained Output Ports
 46. Unconstrained Input Ports
 47. Unconstrained Output Ports
 48. Timing Analyzer Messages



----------------
; Legal Notice ;
----------------
Copyright (C) 2020  Intel Corporation. All rights reserved.
Your use of Intel Corporation's design tools, logic functions 
and other software and tools, and any partner logic 
functions, and any output files from any of the foregoing 
(including device programming or simulation files), and any 
associated documentation or information are expressly subject 
to the terms and conditions of the Intel Program License 
Subscription Agreement, the Intel Quartus Prime License Agreement,
the Intel FPGA IP License Agreement, or other applicable license
agreement, including, without limitation, that your use is for
the sole purpose of programming logic devices manufactured by
Intel and sold by Intel or its authorized distributors.  Please
refer to the applicable agreement for further details, at
https://fpgasoftware.intel.com/eula.



+-----------------------------------------------------------------------------+
; Timing Analyzer Summary                                                     ;
+-----------------------+-----------------------------------------------------+
; Quartus Prime Version ; Version 20.1.0 Build 711 06/05/2020 SJ Lite Edition ;
; Timing Analyzer       ; Legacy Timing Analyzer                              ;
; Revision Name         ; traffic_button                                      ;
; Device Family         ; Cyclone IV E                                        ;
; Device Name           ; EP4CE6E22C8                                         ;
; Timing Models         ; Final                                               ;
; Delay Model           ; Combined                                            ;
; Rise/Fall Delays      ; Enabled                                             ;
+-----------------------+-----------------------------------------------------+


+------------------------------------------+
; Parallel Compilation                     ;
+----------------------------+-------------+
; Processors                 ; Number      ;
+----------------------------+-------------+
; Number detected on machine ; 8           ;
; Maximum allowed            ; 4           ;
;                            ;             ;
; Average used               ; 1.15        ;
; Maximum used               ; 4           ;
;                            ;             ;
; Usage by Processor         ; % Time Used ;
;     Processor 1            ; 100.0%      ;
;     Processor 2            ;   6.3%      ;
;     Processor 3            ;   4.3%      ;
;     Processor 4            ;   4.0%      ;
+----------------------------+-------------+


+---------------------------------------------------------------------------------------------------------------------------------------------------------------------------------+
; Clocks                                                                                                                                                                          ;
+------------+------+--------+------------+-------+-------+------------+-----------+-------------+-------+--------+-----------+------------+----------+--------+--------+---------+
; Clock Name ; Type ; Period ; Frequency  ; Rise  ; Fall  ; Duty Cycle ; Divide by ; Multiply by ; Phase ; Offset ; Edge List ; Edge Shift ; Inverted ; Master ; Source ; Targets ;
+------------+------+--------+------------+-------+-------+------------+-----------+-------------+-------+--------+-----------+------------+----------+--------+--------+---------+
; clk        ; Base ; 1.000  ; 1000.0 MHz ; 0.000 ; 0.500 ;            ;           ;             ;       ;        ;           ;            ;          ;        ;        ; { clk } ;
+------------+------+--------+------------+-------+-------+------------+-----------+-------------+-------+--------+-----------+------------+----------+--------+--------+---------+


+--------------------------------------------------+
; Slow 1200mV 85C Model Fmax Summary               ;
+------------+-----------------+------------+------+
; Fmax       ; Restricted Fmax ; Clock Name ; Note ;
+------------+-----------------+------------+------+
; 111.89 MHz ; 111.89 MHz      ; clk        ;      ;
+------------+-----------------+------------+------+
This panel reports FMAX for every clock in the design, regardless of the user-specified clock periods.  FMAX is only computed for paths where the source and destination registers or ports are driven by the same clock.  Paths of different clocks, including generated clocks, are ignored.  For paths between a clock and its inversion, FMAX is computed as if the rising and falling edges are scaled along with FMAX, such that the duty cycle (in terms of a percentage) is maintained. Altera recommends that you always use clock constraints and other slack reports for sign-off analysis.


----------------------------------
; Timing Closure Recommendations ;
----------------------------------
HTML report is unavailable in plain text report export.


+-------------------------------------+
; Slow 1200mV 85C Model Setup Summary ;
+-------+--------+--------------------+
; Clock ; Slack  ; End Point TNS      ;
+-------+--------+--------------------+
; clk   ; -7.937 ; -1593.266          ;
+-------+--------+--------------------+


+------------------------------------+
; Slow 1200mV 85C Model Hold Summary ;
+-------+-------+--------------------+
; Clock ; Slack ; End Point TNS      ;
+-------+-------+--------------------+
; clk   ; 0.432 ; 0.000              ;
+-------+-------+--------------------+


------------------------------------------
; Slow 1200mV 85C Model Recovery Summary ;
------------------------------------------
No paths to report.


-----------------------------------------
; Slow 1200mV 85C Model Removal Summary ;
-----------------------------------------
No paths to report.


+---------------------------------------------------+
; Slow 1200mV 85C Model Minimum Pulse Width Summary ;
+-------+--------+----------------------------------+
; Clock ; Slack  ; End Point TNS                    ;
+-------+--------+----------------------------------+
; clk   ; -3.000 ; -722.708                         ;
+-------+--------+----------------------------------+


+----------------------------------------------------------------------------------------------------------------------------------------------------------------+
; Slow 1200mV 85C Model Setup: 'clk'                                                                                                                             ;
+--------+-------------------------------------+-------------------------------------------+--------------+-------------+--------------+------------+------------+
; Slack  ; From Node                           ; To Node                                   ; Launch Clock ; Latch Clock ; Relationship ; Clock Skew ; Data Delay ;
+--------+-------------------------------------+-------------------------------------------+--------------+-------------+--------------+------------+------------+
; -7.937 ; request_decoder:u_req|cnt_s_left[0] ; sm0_coordinator:u_sm0|state.S_EW_SWITCH   ; clk          ; clk         ; 1.000        ; -0.081     ; 8.857      ;
; -7.935 ; request_decoder:u_req|cnt_s_left[0] ; sm0_coordinator:u_sm0|state.S_NS_ACTIVE   ; clk          ; clk         ; 1.000        ; 0.395      ; 9.331      ;
; -7.931 ; request_decoder:u_req|cnt_s_left[0] ; sm0_coordinator:u_sm0|ew_enable           ; clk          ; clk         ; 1.000        ; -0.081     ; 8.851      ;
; -7.824 ; request_decoder:u_req|cnt_w_left[2] ; sm0_coordinator:u_sm0|state.S_EW_SWITCH   ; clk          ; clk         ; 1.000        ; -0.085     ; 8.740      ;
; -7.822 ; request_decoder:u_req|cnt_w_left[2] ; sm0_coordinator:u_sm0|state.S_NS_ACTIVE   ; clk          ; clk         ; 1.000        ; 0.391      ; 9.214      ;
; -7.819 ; request_decoder:u_req|cnt_w_left[1] ; sm0_coordinator:u_sm0|state.S_EW_SWITCH   ; clk          ; clk         ; 1.000        ; -0.085     ; 8.735      ;
; -7.818 ; request_decoder:u_req|cnt_w_left[2] ; sm0_coordinator:u_sm0|ew_enable           ; clk          ; clk         ; 1.000        ; -0.085     ; 8.734      ;
; -7.817 ; request_decoder:u_req|cnt_w_left[1] ; sm0_coordinator:u_sm0|state.S_NS_ACTIVE   ; clk          ; clk         ; 1.000        ; 0.391      ; 9.209      ;
; -7.813 ; request_decoder:u_req|cnt_w_left[1] ; sm0_coordinator:u_sm0|ew_enable           ; clk          ; clk         ; 1.000        ; -0.085     ; 8.729      ;
; -7.738 ; request_decoder:u_req|cnt_n_stra[1] ; sm0_coordinator:u_sm0|state.S_EW_SWITCH   ; clk          ; clk         ; 1.000        ; -0.078     ; 8.661      ;
; -7.737 ; request_decoder:u_req|cnt_s_left[0] ; sm0_coordinator:u_sm0|ns_enable           ; clk          ; clk         ; 1.000        ; 0.395      ; 9.133      ;
; -7.736 ; request_decoder:u_req|cnt_n_stra[1] ; sm0_coordinator:u_sm0|state.S_NS_ACTIVE   ; clk          ; clk         ; 1.000        ; 0.398      ; 9.135      ;
; -7.732 ; request_decoder:u_req|cnt_n_stra[1] ; sm0_coordinator:u_sm0|ew_enable           ; clk          ; clk         ; 1.000        ; -0.078     ; 8.655      ;
; -7.718 ; request_decoder:u_req|cnt_e_stra[0] ; sm0_coordinator:u_sm0|state.S_EW_SWITCH   ; clk          ; clk         ; 1.000        ; -0.081     ; 8.638      ;
; -7.716 ; request_decoder:u_req|cnt_e_stra[0] ; sm0_coordinator:u_sm0|state.S_NS_ACTIVE   ; clk          ; clk         ; 1.000        ; 0.395      ; 9.112      ;
; -7.712 ; request_decoder:u_req|cnt_e_stra[0] ; sm0_coordinator:u_sm0|ew_enable           ; clk          ; clk         ; 1.000        ; -0.081     ; 8.632      ;
; -7.646 ; request_decoder:u_req|cnt_n_ped[0]  ; sm0_coordinator:u_sm0|state.S_EW_SWITCH   ; clk          ; clk         ; 1.000        ; -0.081     ; 8.566      ;
; -7.644 ; request_decoder:u_req|cnt_n_ped[0]  ; sm0_coordinator:u_sm0|state.S_NS_ACTIVE   ; clk          ; clk         ; 1.000        ; 0.395      ; 9.040      ;
; -7.640 ; request_decoder:u_req|cnt_n_ped[0]  ; sm0_coordinator:u_sm0|ew_enable           ; clk          ; clk         ; 1.000        ; -0.081     ; 8.560      ;
; -7.633 ; request_decoder:u_req|cnt_n_ped[1]  ; sm0_coordinator:u_sm0|state.S_EW_SWITCH   ; clk          ; clk         ; 1.000        ; -0.084     ; 8.550      ;
; -7.632 ; request_decoder:u_req|cnt_n_stra[0] ; sm0_coordinator:u_sm0|state.S_EW_SWITCH   ; clk          ; clk         ; 1.000        ; -0.079     ; 8.554      ;
; -7.631 ; request_decoder:u_req|cnt_n_ped[1]  ; sm0_coordinator:u_sm0|state.S_NS_ACTIVE   ; clk          ; clk         ; 1.000        ; 0.392      ; 9.024      ;
; -7.630 ; request_decoder:u_req|cnt_n_stra[0] ; sm0_coordinator:u_sm0|state.S_NS_ACTIVE   ; clk          ; clk         ; 1.000        ; 0.397      ; 9.028      ;
; -7.627 ; request_decoder:u_req|cnt_n_ped[1]  ; sm0_coordinator:u_sm0|ew_enable           ; clk          ; clk         ; 1.000        ; -0.084     ; 8.544      ;
; -7.626 ; request_decoder:u_req|cnt_n_stra[0] ; sm0_coordinator:u_sm0|ew_enable           ; clk          ; clk         ; 1.000        ; -0.079     ; 8.548      ;
; -7.624 ; request_decoder:u_req|cnt_w_left[2] ; sm0_coordinator:u_sm0|ns_enable           ; clk          ; clk         ; 1.000        ; 0.391      ; 9.016      ;
; -7.619 ; request_decoder:u_req|cnt_w_left[1] ; sm0_coordinator:u_sm0|ns_enable           ; clk          ; clk         ; 1.000        ; 0.391      ; 9.011      ;
; -7.610 ; request_decoder:u_req|cnt_e_stra[2] ; sm0_coordinator:u_sm0|state.S_EW_SWITCH   ; clk          ; clk         ; 1.000        ; -0.081     ; 8.530      ;
; -7.608 ; request_decoder:u_req|cnt_e_stra[2] ; sm0_coordinator:u_sm0|state.S_NS_ACTIVE   ; clk          ; clk         ; 1.000        ; 0.395      ; 9.004      ;
; -7.605 ; request_decoder:u_req|cnt_s_left[0] ; sm0_coordinator:u_sm0|state.S_NS_SWITCH   ; clk          ; clk         ; 1.000        ; 0.396      ; 9.002      ;
; -7.604 ; request_decoder:u_req|cnt_e_stra[2] ; sm0_coordinator:u_sm0|ew_enable           ; clk          ; clk         ; 1.000        ; -0.081     ; 8.524      ;
; -7.602 ; request_decoder:u_req|cnt_s_left[1] ; sm0_coordinator:u_sm0|state.S_EW_SWITCH   ; clk          ; clk         ; 1.000        ; -0.081     ; 8.522      ;
; -7.600 ; request_decoder:u_req|cnt_s_left[1] ; sm0_coordinator:u_sm0|state.S_NS_ACTIVE   ; clk          ; clk         ; 1.000        ; 0.395      ; 8.996      ;
; -7.596 ; request_decoder:u_req|cnt_s_left[1] ; sm0_coordinator:u_sm0|ew_enable           ; clk          ; clk         ; 1.000        ; -0.081     ; 8.516      ;
; -7.546 ; request_decoder:u_req|cnt_n_ped[2]  ; sm0_coordinator:u_sm0|state.S_EW_SWITCH   ; clk          ; clk         ; 1.000        ; -0.084     ; 8.463      ;
; -7.544 ; request_decoder:u_req|cnt_n_ped[2]  ; sm0_coordinator:u_sm0|state.S_NS_ACTIVE   ; clk          ; clk         ; 1.000        ; 0.392      ; 8.937      ;
; -7.540 ; request_decoder:u_req|cnt_e_left[0] ; sm0_coordinator:u_sm0|state.S_EW_SWITCH   ; clk          ; clk         ; 1.000        ; -0.081     ; 8.460      ;
; -7.540 ; request_decoder:u_req|cnt_n_ped[2]  ; sm0_coordinator:u_sm0|ew_enable           ; clk          ; clk         ; 1.000        ; -0.084     ; 8.457      ;
; -7.538 ; request_decoder:u_req|cnt_e_left[0] ; sm0_coordinator:u_sm0|state.S_NS_ACTIVE   ; clk          ; clk         ; 1.000        ; 0.395      ; 8.934      ;
; -7.538 ; request_decoder:u_req|cnt_n_stra[1] ; sm0_coordinator:u_sm0|ns_enable           ; clk          ; clk         ; 1.000        ; 0.398      ; 8.937      ;
; -7.534 ; request_decoder:u_req|cnt_e_left[0] ; sm0_coordinator:u_sm0|ew_enable           ; clk          ; clk         ; 1.000        ; -0.081     ; 8.454      ;
; -7.518 ; request_decoder:u_req|cnt_e_stra[0] ; sm0_coordinator:u_sm0|ns_enable           ; clk          ; clk         ; 1.000        ; 0.395      ; 8.914      ;
; -7.516 ; request_decoder:u_req|cnt_w_left[0] ; sm0_coordinator:u_sm0|state.S_EW_SWITCH   ; clk          ; clk         ; 1.000        ; -0.080     ; 8.437      ;
; -7.515 ; request_decoder:u_req|cnt_e_ped[0]  ; sm0_coordinator:u_sm0|state.S_EW_SWITCH   ; clk          ; clk         ; 1.000        ; -0.080     ; 8.436      ;
; -7.514 ; request_decoder:u_req|cnt_w_left[0] ; sm0_coordinator:u_sm0|state.S_NS_ACTIVE   ; clk          ; clk         ; 1.000        ; 0.396      ; 8.911      ;
; -7.514 ; request_decoder:u_req|cnt_s_left[2] ; sm0_coordinator:u_sm0|state.S_EW_SWITCH   ; clk          ; clk         ; 1.000        ; -0.081     ; 8.434      ;
; -7.513 ; request_decoder:u_req|cnt_e_ped[0]  ; sm0_coordinator:u_sm0|state.S_NS_ACTIVE   ; clk          ; clk         ; 1.000        ; 0.396      ; 8.910      ;
; -7.512 ; request_decoder:u_req|cnt_s_left[2] ; sm0_coordinator:u_sm0|state.S_NS_ACTIVE   ; clk          ; clk         ; 1.000        ; 0.395      ; 8.908      ;
; -7.510 ; request_decoder:u_req|cnt_w_left[0] ; sm0_coordinator:u_sm0|ew_enable           ; clk          ; clk         ; 1.000        ; -0.080     ; 8.431      ;
; -7.509 ; request_decoder:u_req|cnt_e_ped[0]  ; sm0_coordinator:u_sm0|ew_enable           ; clk          ; clk         ; 1.000        ; -0.080     ; 8.430      ;
; -7.508 ; request_decoder:u_req|cnt_s_left[2] ; sm0_coordinator:u_sm0|ew_enable           ; clk          ; clk         ; 1.000        ; -0.081     ; 8.428      ;
; -7.493 ; request_decoder:u_req|cnt_e_left[1] ; sm0_coordinator:u_sm0|state.S_EW_SWITCH   ; clk          ; clk         ; 1.000        ; -0.081     ; 8.413      ;
; -7.492 ; request_decoder:u_req|cnt_w_left[2] ; sm0_coordinator:u_sm0|state.S_NS_SWITCH   ; clk          ; clk         ; 1.000        ; 0.392      ; 8.885      ;
; -7.491 ; request_decoder:u_req|cnt_e_left[1] ; sm0_coordinator:u_sm0|state.S_NS_ACTIVE   ; clk          ; clk         ; 1.000        ; 0.395      ; 8.887      ;
; -7.487 ; request_decoder:u_req|cnt_e_left[1] ; sm0_coordinator:u_sm0|ew_enable           ; clk          ; clk         ; 1.000        ; -0.081     ; 8.407      ;
; -7.487 ; request_decoder:u_req|cnt_w_left[1] ; sm0_coordinator:u_sm0|state.S_NS_SWITCH   ; clk          ; clk         ; 1.000        ; 0.392      ; 8.880      ;
; -7.464 ; request_decoder:u_req|cnt_e_stra[1] ; sm0_coordinator:u_sm0|state.S_EW_SWITCH   ; clk          ; clk         ; 1.000        ; -0.081     ; 8.384      ;
; -7.462 ; request_decoder:u_req|cnt_e_stra[1] ; sm0_coordinator:u_sm0|state.S_NS_ACTIVE   ; clk          ; clk         ; 1.000        ; 0.395      ; 8.858      ;
; -7.458 ; request_decoder:u_req|cnt_e_stra[1] ; sm0_coordinator:u_sm0|ew_enable           ; clk          ; clk         ; 1.000        ; -0.081     ; 8.378      ;
; -7.453 ; request_decoder:u_req|cnt_s_left[0] ; sm0_coordinator:u_sm0|state.S_EW_ACTIVE   ; clk          ; clk         ; 1.000        ; 0.396      ; 8.850      ;
; -7.448 ; request_decoder:u_req|cnt_e_ped[2]  ; sm0_coordinator:u_sm0|state.S_EW_SWITCH   ; clk          ; clk         ; 1.000        ; -0.079     ; 8.370      ;
; -7.446 ; request_decoder:u_req|cnt_e_ped[2]  ; sm0_coordinator:u_sm0|state.S_NS_ACTIVE   ; clk          ; clk         ; 1.000        ; 0.397      ; 8.844      ;
; -7.446 ; request_decoder:u_req|cnt_n_ped[0]  ; sm0_coordinator:u_sm0|ns_enable           ; clk          ; clk         ; 1.000        ; 0.395      ; 8.842      ;
; -7.446 ; request_decoder:u_req|cnt_n_left[0] ; sm0_coordinator:u_sm0|state.S_EW_SWITCH   ; clk          ; clk         ; 1.000        ; -0.079     ; 8.368      ;
; -7.444 ; request_decoder:u_req|cnt_n_left[0] ; sm0_coordinator:u_sm0|state.S_NS_ACTIVE   ; clk          ; clk         ; 1.000        ; 0.397      ; 8.842      ;
; -7.442 ; request_decoder:u_req|cnt_e_ped[2]  ; sm0_coordinator:u_sm0|ew_enable           ; clk          ; clk         ; 1.000        ; -0.079     ; 8.364      ;
; -7.440 ; request_decoder:u_req|cnt_n_left[0] ; sm0_coordinator:u_sm0|ew_enable           ; clk          ; clk         ; 1.000        ; -0.079     ; 8.362      ;
; -7.439 ; direction_sm:u_north|phase_cnt[0]   ; direction_sm:u_north|dur[4]               ; clk          ; clk         ; 1.000        ; -0.570     ; 7.870      ;
; -7.433 ; request_decoder:u_req|cnt_n_ped[1]  ; sm0_coordinator:u_sm0|ns_enable           ; clk          ; clk         ; 1.000        ; 0.392      ; 8.826      ;
; -7.432 ; request_decoder:u_req|cnt_n_stra[0] ; sm0_coordinator:u_sm0|ns_enable           ; clk          ; clk         ; 1.000        ; 0.397      ; 8.830      ;
; -7.411 ; request_decoder:u_req|cnt_e_ped[1]  ; sm0_coordinator:u_sm0|state.S_EW_SWITCH   ; clk          ; clk         ; 1.000        ; -0.079     ; 8.333      ;
; -7.410 ; request_decoder:u_req|cnt_e_stra[2] ; sm0_coordinator:u_sm0|ns_enable           ; clk          ; clk         ; 1.000        ; 0.395      ; 8.806      ;
; -7.409 ; request_decoder:u_req|cnt_e_ped[1]  ; sm0_coordinator:u_sm0|state.S_NS_ACTIVE   ; clk          ; clk         ; 1.000        ; 0.397      ; 8.807      ;
; -7.406 ; request_decoder:u_req|cnt_n_stra[1] ; sm0_coordinator:u_sm0|state.S_NS_SWITCH   ; clk          ; clk         ; 1.000        ; 0.399      ; 8.806      ;
; -7.405 ; request_decoder:u_req|cnt_e_ped[1]  ; sm0_coordinator:u_sm0|ew_enable           ; clk          ; clk         ; 1.000        ; -0.079     ; 8.327      ;
; -7.402 ; request_decoder:u_req|cnt_s_left[1] ; sm0_coordinator:u_sm0|ns_enable           ; clk          ; clk         ; 1.000        ; 0.395      ; 8.798      ;
; -7.392 ; request_decoder:u_req|cnt_e_left[2] ; sm0_coordinator:u_sm0|state.S_EW_SWITCH   ; clk          ; clk         ; 1.000        ; -0.081     ; 8.312      ;
; -7.390 ; request_decoder:u_req|cnt_e_left[2] ; sm0_coordinator:u_sm0|state.S_NS_ACTIVE   ; clk          ; clk         ; 1.000        ; 0.395      ; 8.786      ;
; -7.386 ; request_decoder:u_req|cnt_e_left[2] ; sm0_coordinator:u_sm0|ew_enable           ; clk          ; clk         ; 1.000        ; -0.081     ; 8.306      ;
; -7.386 ; request_decoder:u_req|cnt_e_stra[0] ; sm0_coordinator:u_sm0|state.S_NS_SWITCH   ; clk          ; clk         ; 1.000        ; 0.396      ; 8.783      ;
; -7.346 ; request_decoder:u_req|cnt_n_ped[2]  ; sm0_coordinator:u_sm0|ns_enable           ; clk          ; clk         ; 1.000        ; 0.392      ; 8.739      ;
; -7.340 ; request_decoder:u_req|cnt_w_left[2] ; sm0_coordinator:u_sm0|state.S_EW_ACTIVE   ; clk          ; clk         ; 1.000        ; 0.392      ; 8.733      ;
; -7.340 ; request_decoder:u_req|cnt_e_left[0] ; sm0_coordinator:u_sm0|ns_enable           ; clk          ; clk         ; 1.000        ; 0.395      ; 8.736      ;
; -7.336 ; request_decoder:u_req|cnt_n_left[2] ; sm0_coordinator:u_sm0|state.S_EW_SWITCH   ; clk          ; clk         ; 1.000        ; -0.079     ; 8.258      ;
; -7.335 ; request_decoder:u_req|cnt_w_left[1] ; sm0_coordinator:u_sm0|state.S_EW_ACTIVE   ; clk          ; clk         ; 1.000        ; 0.392      ; 8.728      ;
; -7.334 ; request_decoder:u_req|cnt_n_left[2] ; sm0_coordinator:u_sm0|state.S_NS_ACTIVE   ; clk          ; clk         ; 1.000        ; 0.397      ; 8.732      ;
; -7.330 ; request_decoder:u_req|cnt_n_left[2] ; sm0_coordinator:u_sm0|ew_enable           ; clk          ; clk         ; 1.000        ; -0.079     ; 8.252      ;
; -7.316 ; request_decoder:u_req|cnt_w_left[0] ; sm0_coordinator:u_sm0|ns_enable           ; clk          ; clk         ; 1.000        ; 0.396      ; 8.713      ;
; -7.315 ; request_decoder:u_req|cnt_e_ped[0]  ; sm0_coordinator:u_sm0|ns_enable           ; clk          ; clk         ; 1.000        ; 0.396      ; 8.712      ;
; -7.314 ; request_decoder:u_req|cnt_n_ped[0]  ; sm0_coordinator:u_sm0|state.S_NS_SWITCH   ; clk          ; clk         ; 1.000        ; 0.396      ; 8.711      ;
; -7.314 ; request_decoder:u_req|cnt_s_left[2] ; sm0_coordinator:u_sm0|ns_enable           ; clk          ; clk         ; 1.000        ; 0.395      ; 8.710      ;
; -7.309 ; direction_sm:u_north|phase_cnt[0]   ; direction_sm:u_north|dur[0]               ; clk          ; clk         ; 1.000        ; -0.559     ; 7.751      ;
; -7.301 ; request_decoder:u_req|cnt_n_ped[1]  ; sm0_coordinator:u_sm0|state.S_NS_SWITCH   ; clk          ; clk         ; 1.000        ; 0.393      ; 8.695      ;
; -7.300 ; request_decoder:u_req|cnt_n_stra[0] ; sm0_coordinator:u_sm0|state.S_NS_SWITCH   ; clk          ; clk         ; 1.000        ; 0.398      ; 8.699      ;
; -7.293 ; request_decoder:u_req|cnt_e_left[1] ; sm0_coordinator:u_sm0|ns_enable           ; clk          ; clk         ; 1.000        ; 0.395      ; 8.689      ;
; -7.282 ; request_decoder:u_req|cnt_e_stra[3] ; sm0_coordinator:u_sm0|state.S_EW_SWITCH   ; clk          ; clk         ; 1.000        ; -0.081     ; 8.202      ;
; -7.280 ; request_decoder:u_req|cnt_e_stra[3] ; sm0_coordinator:u_sm0|state.S_NS_ACTIVE   ; clk          ; clk         ; 1.000        ; 0.395      ; 8.676      ;
; -7.278 ; request_decoder:u_req|cnt_e_stra[2] ; sm0_coordinator:u_sm0|state.S_NS_SWITCH   ; clk          ; clk         ; 1.000        ; 0.396      ; 8.675      ;
; -7.277 ; direction_sm:u_north|phase_cnt[0]   ; direction_sm:u_north|state.SM3_STRA_YELL  ; clk          ; clk         ; 1.000        ; -0.573     ; 7.705      ;
; -7.277 ; direction_sm:u_north|phase_cnt[0]   ; direction_sm:u_north|state.SM3_STRA_GREEN ; clk          ; clk         ; 1.000        ; -0.573     ; 7.705      ;
+--------+-------------------------------------+-------------------------------------------+--------------+-------------+--------------+------------+------------+


+---------------------------------------------------------------------------------------------------------------------------------------------------------------------+
; Slow 1200mV 85C Model Hold: 'clk'                                                                                                                                   ;
+-------+-------------------------------------------+-------------------------------------------+--------------+-------------+--------------+------------+------------+
; Slack ; From Node                                 ; To Node                                   ; Launch Clock ; Latch Clock ; Relationship ; Clock Skew ; Data Delay ;
+-------+-------------------------------------------+-------------------------------------------+--------------+-------------+--------------+------------+------------+
; 0.432 ; direction_sm:u_north|state.SM1_LEFT_GREEN ; direction_sm:u_north|state.SM1_LEFT_GREEN ; clk          ; clk         ; 0.000        ; 0.102      ; 0.746      ;
; 0.432 ; direction_sm:u_north|state.SM2_PED_SOLID  ; direction_sm:u_north|state.SM2_PED_SOLID  ; clk          ; clk         ; 0.000        ; 0.102      ; 0.746      ;
; 0.433 ; sm0_coordinator:u_sm0|state.S_NS_ACTIVE   ; sm0_coordinator:u_sm0|state.S_NS_ACTIVE   ; clk          ; clk         ; 0.000        ; 0.101      ; 0.746      ;
; 0.434 ; direction_sm:u_west|state.SM1_LEFT_GREEN  ; direction_sm:u_west|state.SM1_LEFT_GREEN  ; clk          ; clk         ; 0.000        ; 0.100      ; 0.746      ;
; 0.453 ; direction_sm:u_west|lt_done               ; direction_sm:u_west|lt_done               ; clk          ; clk         ; 0.000        ; 0.081      ; 0.746      ;
; 0.453 ; direction_sm:u_west|ped_active            ; direction_sm:u_west|ped_active            ; clk          ; clk         ; 0.000        ; 0.081      ; 0.746      ;
; 0.453 ; direction_sm:u_west|state.SM2_PED_SOLID   ; direction_sm:u_west|state.SM2_PED_SOLID   ; clk          ; clk         ; 0.000        ; 0.081      ; 0.746      ;
; 0.453 ; direction_sm:u_west|state.IDLE            ; direction_sm:u_west|state.IDLE            ; clk          ; clk         ; 0.000        ; 0.081      ; 0.746      ;
; 0.453 ; direction_sm:u_west|sm_idle               ; direction_sm:u_west|sm_idle               ; clk          ; clk         ; 0.000        ; 0.081      ; 0.746      ;
; 0.453 ; direction_sm:u_east|max_hit               ; direction_sm:u_east|max_hit               ; clk          ; clk         ; 0.000        ; 0.081      ; 0.746      ;
; 0.453 ; seg_state:u_seg|dig_sel[1]                ; seg_state:u_seg|dig_sel[1]                ; clk          ; clk         ; 0.000        ; 0.081      ; 0.746      ;
; 0.453 ; seg_state:u_seg|dig_sel[0]                ; seg_state:u_seg|dig_sel[0]                ; clk          ; clk         ; 0.000        ; 0.081      ; 0.746      ;
; 0.453 ; direction_sm:u_west|state.SM3_WAIT_OPP    ; direction_sm:u_west|state.SM3_WAIT_OPP    ; clk          ; clk         ; 0.000        ; 0.081      ; 0.746      ;
; 0.453 ; direction_sm:u_north|sm_idle              ; direction_sm:u_north|sm_idle              ; clk          ; clk         ; 0.000        ; 0.081      ; 0.746      ;
; 0.453 ; direction_sm:u_north|dur[0]               ; direction_sm:u_north|dur[0]               ; clk          ; clk         ; 0.000        ; 0.081      ; 0.746      ;
; 0.453 ; direction_sm:u_south|dur[0]               ; direction_sm:u_south|dur[0]               ; clk          ; clk         ; 0.000        ; 0.081      ; 0.746      ;
; 0.453 ; direction_sm:u_south|state.SM2_PED_SOLID  ; direction_sm:u_south|state.SM2_PED_SOLID  ; clk          ; clk         ; 0.000        ; 0.081      ; 0.746      ;
; 0.453 ; direction_sm:u_south|state.SM1_LEFT_GREEN ; direction_sm:u_south|state.SM1_LEFT_GREEN ; clk          ; clk         ; 0.000        ; 0.081      ; 0.746      ;
; 0.453 ; direction_sm:u_north|ped_active           ; direction_sm:u_north|ped_active           ; clk          ; clk         ; 0.000        ; 0.081      ; 0.746      ;
; 0.453 ; direction_sm:u_north|lt_done              ; direction_sm:u_north|lt_done              ; clk          ; clk         ; 0.000        ; 0.081      ; 0.746      ;
; 0.453 ; request_decoder:u_req|req_n_stra          ; request_decoder:u_req|req_n_stra          ; clk          ; clk         ; 0.000        ; 0.081      ; 0.746      ;
; 0.453 ; request_decoder:u_req|req_s_ped           ; request_decoder:u_req|req_s_ped           ; clk          ; clk         ; 0.000        ; 0.081      ; 0.746      ;
; 0.453 ; request_decoder:u_req|req_n_ped           ; request_decoder:u_req|req_n_ped           ; clk          ; clk         ; 0.000        ; 0.081      ; 0.746      ;
; 0.453 ; request_decoder:u_req|req_w_ped           ; request_decoder:u_req|req_w_ped           ; clk          ; clk         ; 0.000        ; 0.081      ; 0.746      ;
; 0.453 ; request_decoder:u_req|req_n_left          ; request_decoder:u_req|req_n_left          ; clk          ; clk         ; 0.000        ; 0.081      ; 0.746      ;
; 0.453 ; request_decoder:u_req|req_s_left          ; request_decoder:u_req|req_s_left          ; clk          ; clk         ; 0.000        ; 0.081      ; 0.746      ;
; 0.453 ; request_decoder:u_req|sub_tick            ; request_decoder:u_req|sub_tick            ; clk          ; clk         ; 0.000        ; 0.081      ; 0.746      ;
; 0.454 ; request_decoder:u_req|req_e_ped           ; request_decoder:u_req|req_e_ped           ; clk          ; clk         ; 0.000        ; 0.080      ; 0.746      ;
; 0.454 ; request_decoder:u_req|req_w_left          ; request_decoder:u_req|req_w_left          ; clk          ; clk         ; 0.000        ; 0.080      ; 0.746      ;
; 0.454 ; direction_sm:u_east|lt_done               ; direction_sm:u_east|lt_done               ; clk          ; clk         ; 0.000        ; 0.080      ; 0.746      ;
; 0.454 ; direction_sm:u_east|dur[0]                ; direction_sm:u_east|dur[0]                ; clk          ; clk         ; 0.000        ; 0.080      ; 0.746      ;
; 0.454 ; direction_sm:u_east|ped_active            ; direction_sm:u_east|ped_active            ; clk          ; clk         ; 0.000        ; 0.080      ; 0.746      ;
; 0.454 ; direction_sm:u_east|state.SM2_PED_SOLID   ; direction_sm:u_east|state.SM2_PED_SOLID   ; clk          ; clk         ; 0.000        ; 0.080      ; 0.746      ;
; 0.454 ; direction_sm:u_east|state.SM1_LEFT_GREEN  ; direction_sm:u_east|state.SM1_LEFT_GREEN  ; clk          ; clk         ; 0.000        ; 0.080      ; 0.746      ;
; 0.454 ; request_decoder:u_req|req_e_left          ; request_decoder:u_req|req_e_left          ; clk          ; clk         ; 0.000        ; 0.080      ; 0.746      ;
; 0.454 ; request_decoder:u_req|req_w_stra          ; request_decoder:u_req|req_w_stra          ; clk          ; clk         ; 0.000        ; 0.080      ; 0.746      ;
; 0.454 ; request_decoder:u_req|req_e_stra          ; request_decoder:u_req|req_e_stra          ; clk          ; clk         ; 0.000        ; 0.080      ; 0.746      ;
; 0.454 ; direction_sm:u_south|lt_done              ; direction_sm:u_south|lt_done              ; clk          ; clk         ; 0.000        ; 0.080      ; 0.746      ;
; 0.454 ; direction_sm:u_east|sm_idle               ; direction_sm:u_east|sm_idle               ; clk          ; clk         ; 0.000        ; 0.080      ; 0.746      ;
; 0.454 ; direction_sm:u_south|sm_idle              ; direction_sm:u_south|sm_idle              ; clk          ; clk         ; 0.000        ; 0.080      ; 0.746      ;
; 0.454 ; direction_sm:u_south|ped_active           ; direction_sm:u_south|ped_active           ; clk          ; clk         ; 0.000        ; 0.080      ; 0.746      ;
; 0.454 ; sm0_coordinator:u_sm0|ew_enable           ; sm0_coordinator:u_sm0|ew_enable           ; clk          ; clk         ; 0.000        ; 0.080      ; 0.746      ;
; 0.454 ; sm0_coordinator:u_sm0|state.S_EW_SWITCH   ; sm0_coordinator:u_sm0|state.S_EW_SWITCH   ; clk          ; clk         ; 0.000        ; 0.080      ; 0.746      ;
; 0.454 ; request_decoder:u_req|req_s_stra          ; request_decoder:u_req|req_s_stra          ; clk          ; clk         ; 0.000        ; 0.080      ; 0.746      ;
; 0.492 ; dip_controller:u_dip|deb_cnt[19]          ; dip_controller:u_dip|deb_cnt[19]          ; clk          ; clk         ; 0.000        ; 0.081      ; 0.785      ;
; 0.500 ; dip_controller:u_dip|sync0[1]             ; dip_controller:u_dip|sync1[1]             ; clk          ; clk         ; 0.000        ; 0.082      ; 0.794      ;
; 0.501 ; config_regs:u_cfg|shadow[9][2]            ; config_regs:u_cfg|ped_flash[2]            ; clk          ; clk         ; 0.000        ; 0.081      ; 0.794      ;
; 0.501 ; config_regs:u_cfg|shadow[9][0]            ; config_regs:u_cfg|ped_flash[0]            ; clk          ; clk         ; 0.000        ; 0.081      ; 0.794      ;
; 0.501 ; dip_controller:u_dip|sync0[2]             ; dip_controller:u_dip|sync1[2]             ; clk          ; clk         ; 0.000        ; 0.082      ; 0.795      ;
; 0.501 ; dip_controller:u_dip|sync0[0]             ; dip_controller:u_dip|sync1[0]             ; clk          ; clk         ; 0.000        ; 0.082      ; 0.795      ;
; 0.502 ; config_regs:u_cfg|shadow[9][1]            ; config_regs:u_cfg|ped_flash[1]            ; clk          ; clk         ; 0.000        ; 0.081      ; 0.795      ;
; 0.503 ; config_regs:u_cfg|shadow[9][7]            ; config_regs:u_cfg|ped_flash[7]            ; clk          ; clk         ; 0.000        ; 0.081      ; 0.796      ;
; 0.503 ; config_regs:u_cfg|shadow[9][6]            ; config_regs:u_cfg|ped_flash[6]            ; clk          ; clk         ; 0.000        ; 0.081      ; 0.796      ;
; 0.510 ; dip_controller:u_dip|sync1[3]             ; dip_controller:u_dip|dip_cand[3]          ; clk          ; clk         ; 0.000        ; 0.082      ; 0.804      ;
; 0.515 ; request_decoder:u_req|cnt_w_stra[6]       ; request_decoder:u_req|cnt_w_stra[6]       ; clk          ; clk         ; 0.000        ; 0.081      ; 0.808      ;
; 0.518 ; request_decoder:u_req|cnt_e_ped[6]        ; request_decoder:u_req|cnt_e_ped[6]        ; clk          ; clk         ; 0.000        ; 0.080      ; 0.810      ;
; 0.548 ; request_decoder:u_req|cnt_w_left[6]       ; request_decoder:u_req|cnt_w_left[6]       ; clk          ; clk         ; 0.000        ; 0.080      ; 0.840      ;
; 0.675 ; direction_sm:u_east|state.SM3_STRA_YELL   ; direction_sm:u_east|state.IDLE            ; clk          ; clk         ; 0.000        ; 0.080      ; 0.967      ;
; 0.678 ; sm0_coordinator:u_sm0|state.S_EW_SWITCH   ; sm0_coordinator:u_sm0|state.S_HALT        ; clk          ; clk         ; 0.000        ; 0.080      ; 0.970      ;
; 0.693 ; direction_sm:u_north|state.SM3_STRA_GREEN ; direction_sm:u_north|max_hit              ; clk          ; clk         ; 0.000        ; 0.081      ; 0.986      ;
; 0.699 ; config_regs:u_cfg|shadow[9][4]            ; config_regs:u_cfg|ped_flash[4]            ; clk          ; clk         ; 0.000        ; 0.081      ; 0.992      ;
; 0.699 ; config_regs:u_cfg|shadow[9][3]            ; config_regs:u_cfg|ped_flash[3]            ; clk          ; clk         ; 0.000        ; 0.081      ; 0.992      ;
; 0.699 ; dip_controller:u_dip|sync0[3]             ; dip_controller:u_dip|sync1[3]             ; clk          ; clk         ; 0.000        ; 0.082      ; 0.993      ;
; 0.703 ; request_decoder:u_req|cnt_n_ped[6]        ; request_decoder:u_req|cnt_n_ped[6]        ; clk          ; clk         ; 0.000        ; 0.081      ; 0.996      ;
; 0.705 ; dip_controller:u_dip|sync1[0]             ; dip_controller:u_dip|dip_cand[0]          ; clk          ; clk         ; 0.000        ; 0.082      ; 0.999      ;
; 0.705 ; dip_controller:u_dip|sync1[1]             ; dip_controller:u_dip|dip_cand[1]          ; clk          ; clk         ; 0.000        ; 0.082      ; 0.999      ;
; 0.707 ; dip_controller:u_dip|sync1[2]             ; dip_controller:u_dip|dip_cand[2]          ; clk          ; clk         ; 0.000        ; 0.082      ; 1.001      ;
; 0.712 ; request_decoder:u_req|cnt_w_ped[6]        ; request_decoder:u_req|cnt_w_ped[6]        ; clk          ; clk         ; 0.000        ; 0.081      ; 1.005      ;
; 0.722 ; config_regs:u_cfg|shadow[2][2]            ; config_regs:u_cfg|left_max_ns[2]          ; clk          ; clk         ; 0.000        ; 0.080      ; 1.014      ;
; 0.732 ; request_decoder:u_req|cnt_s_ped[1]        ; request_decoder:u_req|cnt_s_ped[1]        ; clk          ; clk         ; 0.000        ; 0.102      ; 1.046      ;
; 0.733 ; direction_sm:u_east|state.SM3_WAIT_OPP    ; direction_sm:u_east|state.SM3_STRA_GREEN  ; clk          ; clk         ; 0.000        ; 0.080      ; 1.025      ;
; 0.736 ; dip_controller:u_dip|deb_cnt[5]           ; dip_controller:u_dip|deb_cnt[5]           ; clk          ; clk         ; 0.000        ; 0.081      ; 1.029      ;
; 0.738 ; dip_controller:u_dip|deb_cnt[1]           ; dip_controller:u_dip|deb_cnt[1]           ; clk          ; clk         ; 0.000        ; 0.081      ; 1.031      ;
; 0.738 ; dip_controller:u_dip|deb_cnt[3]           ; dip_controller:u_dip|deb_cnt[3]           ; clk          ; clk         ; 0.000        ; 0.081      ; 1.031      ;
; 0.740 ; dip_controller:u_dip|deb_cnt[2]           ; dip_controller:u_dip|deb_cnt[2]           ; clk          ; clk         ; 0.000        ; 0.081      ; 1.033      ;
; 0.740 ; dip_controller:u_dip|deb_cnt[4]           ; dip_controller:u_dip|deb_cnt[4]           ; clk          ; clk         ; 0.000        ; 0.081      ; 1.033      ;
; 0.742 ; direction_sm:u_south|state.SM3_STRA_GREEN ; direction_sm:u_south|state.SM3_STRA_YELL  ; clk          ; clk         ; 0.000        ; 0.080      ; 1.034      ;
; 0.742 ; dip_controller:u_dip|deb_cnt[9]           ; dip_controller:u_dip|deb_cnt[9]           ; clk          ; clk         ; 0.000        ; 0.081      ; 1.035      ;
; 0.742 ; clk_div:u_clk|cnt_1hz[16]                 ; clk_div:u_clk|cnt_1hz[16]                 ; clk          ; clk         ; 0.000        ; 0.082      ; 1.036      ;
; 0.743 ; dip_controller:u_dip|deb_cnt[7]           ; dip_controller:u_dip|deb_cnt[7]           ; clk          ; clk         ; 0.000        ; 0.081      ; 1.036      ;
; 0.743 ; clk_div:u_clk|cnt_1hz[18]                 ; clk_div:u_clk|cnt_1hz[18]                 ; clk          ; clk         ; 0.000        ; 0.082      ; 1.037      ;
; 0.743 ; clk_div:u_clk|cnt_1hz[10]                 ; clk_div:u_clk|cnt_1hz[10]                 ; clk          ; clk         ; 0.000        ; 0.080      ; 1.035      ;
; 0.744 ; direction_sm:u_south|state.SM3_STRA_YELL  ; direction_sm:u_south|state.IDLE           ; clk          ; clk         ; 0.000        ; 0.080      ; 1.036      ;
; 0.744 ; dip_controller:u_dip|deb_cnt[11]          ; dip_controller:u_dip|deb_cnt[11]          ; clk          ; clk         ; 0.000        ; 0.081      ; 1.037      ;
; 0.744 ; dip_controller:u_dip|deb_cnt[13]          ; dip_controller:u_dip|deb_cnt[13]          ; clk          ; clk         ; 0.000        ; 0.081      ; 1.037      ;
; 0.744 ; clk_div:u_clk|cnt_1hz[8]                  ; clk_div:u_clk|cnt_1hz[8]                  ; clk          ; clk         ; 0.000        ; 0.080      ; 1.036      ;
; 0.745 ; dip_controller:u_dip|deb_cnt[15]          ; dip_controller:u_dip|deb_cnt[15]          ; clk          ; clk         ; 0.000        ; 0.081      ; 1.038      ;
; 0.745 ; clk_div:u_clk|cnt_1hz[2]                  ; clk_div:u_clk|cnt_1hz[2]                  ; clk          ; clk         ; 0.000        ; 0.080      ; 1.037      ;
; 0.746 ; dip_controller:u_dip|deb_cnt[8]           ; dip_controller:u_dip|deb_cnt[8]           ; clk          ; clk         ; 0.000        ; 0.081      ; 1.039      ;
; 0.746 ; dip_controller:u_dip|deb_cnt[10]          ; dip_controller:u_dip|deb_cnt[10]          ; clk          ; clk         ; 0.000        ; 0.081      ; 1.039      ;
; 0.746 ; clk_div:u_clk|cnt_1hz[11]                 ; clk_div:u_clk|cnt_1hz[11]                 ; clk          ; clk         ; 0.000        ; 0.080      ; 1.038      ;
; 0.746 ; clk_div:u_clk|cnt_1hz[6]                  ; clk_div:u_clk|cnt_1hz[6]                  ; clk          ; clk         ; 0.000        ; 0.080      ; 1.038      ;
; 0.746 ; clk_div:u_clk|cnt_1hz[4]                  ; clk_div:u_clk|cnt_1hz[4]                  ; clk          ; clk         ; 0.000        ; 0.080      ; 1.038      ;
; 0.747 ; direction_sm:u_north|state.SM3_STRA_GREEN ; direction_sm:u_north|state.SM3_STRA_YELL  ; clk          ; clk         ; 0.000        ; 0.081      ; 1.040      ;
; 0.747 ; dip_controller:u_dip|deb_cnt[6]           ; dip_controller:u_dip|deb_cnt[6]           ; clk          ; clk         ; 0.000        ; 0.081      ; 1.040      ;
; 0.747 ; dip_controller:u_dip|deb_cnt[12]          ; dip_controller:u_dip|deb_cnt[12]          ; clk          ; clk         ; 0.000        ; 0.081      ; 1.040      ;
; 0.747 ; dip_controller:u_dip|deb_cnt[14]          ; dip_controller:u_dip|deb_cnt[14]          ; clk          ; clk         ; 0.000        ; 0.081      ; 1.040      ;
; 0.747 ; dip_controller:u_dip|deb_cnt[16]          ; dip_controller:u_dip|deb_cnt[16]          ; clk          ; clk         ; 0.000        ; 0.081      ; 1.040      ;
; 0.747 ; dip_controller:u_dip|deb_cnt[17]          ; dip_controller:u_dip|deb_cnt[17]          ; clk          ; clk         ; 0.000        ; 0.081      ; 1.040      ;
; 0.747 ; clk_div:u_clk|cnt_1hz[9]                  ; clk_div:u_clk|cnt_1hz[9]                  ; clk          ; clk         ; 0.000        ; 0.080      ; 1.039      ;
+-------+-------------------------------------------+-------------------------------------------+--------------+-------------+--------------+------------+------------+


-----------------------------------------------
; Slow 1200mV 85C Model Metastability Summary ;
-----------------------------------------------
Design MTBF is not calculated because the design doesn't meet its timing requirements.



+--------------------------------------------------+
; Slow 1200mV 0C Model Fmax Summary                ;
+------------+-----------------+------------+------+
; Fmax       ; Restricted Fmax ; Clock Name ; Note ;
+------------+-----------------+------------+------+
; 122.25 MHz ; 122.25 MHz      ; clk        ;      ;
+------------+-----------------+------------+------+
This panel reports FMAX for every clock in the design, regardless of the user-specified clock periods.  FMAX is only computed for paths where the source and destination registers or ports are driven by the same clock.  Paths of different clocks, including generated clocks, are ignored.  For paths between a clock and its inversion, FMAX is computed as if the rising and falling edges are scaled along with FMAX, such that the duty cycle (in terms of a percentage) is maintained. Altera recommends that you always use clock constraints and other slack reports for sign-off analysis.


+------------------------------------+
; Slow 1200mV 0C Model Setup Summary ;
+-------+--------+-------------------+
; Clock ; Slack  ; End Point TNS     ;
+-------+--------+-------------------+
; clk   ; -7.180 ; -1452.552         ;
+-------+--------+-------------------+


+-----------------------------------+
; Slow 1200mV 0C Model Hold Summary ;
+-------+-------+-------------------+
; Clock ; Slack ; End Point TNS     ;
+-------+-------+-------------------+
; clk   ; 0.381 ; 0.000             ;
+-------+-------+-------------------+


-----------------------------------------
; Slow 1200mV 0C Model Recovery Summary ;
-----------------------------------------
No paths to report.


----------------------------------------
; Slow 1200mV 0C Model Removal Summary ;
----------------------------------------
No paths to report.


+--------------------------------------------------+
; Slow 1200mV 0C Model Minimum Pulse Width Summary ;
+-------+--------+---------------------------------+
; Clock ; Slack  ; End Point TNS                   ;
+-------+--------+---------------------------------+
; clk   ; -3.000 ; -722.708                        ;
+-------+--------+---------------------------------+


+----------------------------------------------------------------------------------------------------------------------------------------------------------------+
; Slow 1200mV 0C Model Setup: 'clk'                                                                                                                              ;
+--------+-------------------------------------+-------------------------------------------+--------------+-------------+--------------+------------+------------+
; Slack  ; From Node                           ; To Node                                   ; Launch Clock ; Latch Clock ; Relationship ; Clock Skew ; Data Delay ;
+--------+-------------------------------------+-------------------------------------------+--------------+-------------+--------------+------------+------------+
; -7.180 ; request_decoder:u_req|cnt_s_left[0] ; sm0_coordinator:u_sm0|state.S_EW_SWITCH   ; clk          ; clk         ; 1.000        ; -0.072     ; 8.110      ;
; -7.167 ; request_decoder:u_req|cnt_s_left[0] ; sm0_coordinator:u_sm0|ew_enable           ; clk          ; clk         ; 1.000        ; -0.072     ; 8.097      ;
; -7.132 ; request_decoder:u_req|cnt_s_left[0] ; sm0_coordinator:u_sm0|state.S_NS_ACTIVE   ; clk          ; clk         ; 1.000        ; 0.376      ; 8.510      ;
; -7.109 ; request_decoder:u_req|cnt_w_left[2] ; sm0_coordinator:u_sm0|state.S_EW_SWITCH   ; clk          ; clk         ; 1.000        ; -0.076     ; 8.035      ;
; -7.096 ; request_decoder:u_req|cnt_w_left[2] ; sm0_coordinator:u_sm0|ew_enable           ; clk          ; clk         ; 1.000        ; -0.076     ; 8.022      ;
; -7.061 ; request_decoder:u_req|cnt_w_left[2] ; sm0_coordinator:u_sm0|state.S_NS_ACTIVE   ; clk          ; clk         ; 1.000        ; 0.372      ; 8.435      ;
; -7.059 ; request_decoder:u_req|cnt_w_left[1] ; sm0_coordinator:u_sm0|state.S_EW_SWITCH   ; clk          ; clk         ; 1.000        ; -0.076     ; 7.985      ;
; -7.046 ; request_decoder:u_req|cnt_w_left[1] ; sm0_coordinator:u_sm0|ew_enable           ; clk          ; clk         ; 1.000        ; -0.076     ; 7.972      ;
; -7.011 ; request_decoder:u_req|cnt_w_left[1] ; sm0_coordinator:u_sm0|state.S_NS_ACTIVE   ; clk          ; clk         ; 1.000        ; 0.372      ; 8.385      ;
; -6.995 ; request_decoder:u_req|cnt_n_stra[1] ; sm0_coordinator:u_sm0|state.S_EW_SWITCH   ; clk          ; clk         ; 1.000        ; -0.070     ; 7.927      ;
; -6.982 ; request_decoder:u_req|cnt_n_stra[1] ; sm0_coordinator:u_sm0|ew_enable           ; clk          ; clk         ; 1.000        ; -0.070     ; 7.914      ;
; -6.968 ; request_decoder:u_req|cnt_e_stra[0] ; sm0_coordinator:u_sm0|state.S_EW_SWITCH   ; clk          ; clk         ; 1.000        ; -0.071     ; 7.899      ;
; -6.964 ; request_decoder:u_req|cnt_s_left[0] ; sm0_coordinator:u_sm0|ns_enable           ; clk          ; clk         ; 1.000        ; 0.376      ; 8.342      ;
; -6.955 ; request_decoder:u_req|cnt_e_stra[0] ; sm0_coordinator:u_sm0|ew_enable           ; clk          ; clk         ; 1.000        ; -0.071     ; 7.886      ;
; -6.947 ; request_decoder:u_req|cnt_n_stra[1] ; sm0_coordinator:u_sm0|state.S_NS_ACTIVE   ; clk          ; clk         ; 1.000        ; 0.378      ; 8.327      ;
; -6.920 ; request_decoder:u_req|cnt_e_stra[0] ; sm0_coordinator:u_sm0|state.S_NS_ACTIVE   ; clk          ; clk         ; 1.000        ; 0.377      ; 8.299      ;
; -6.904 ; request_decoder:u_req|cnt_n_stra[0] ; sm0_coordinator:u_sm0|state.S_EW_SWITCH   ; clk          ; clk         ; 1.000        ; -0.071     ; 7.835      ;
; -6.893 ; request_decoder:u_req|cnt_w_left[2] ; sm0_coordinator:u_sm0|ns_enable           ; clk          ; clk         ; 1.000        ; 0.372      ; 8.267      ;
; -6.891 ; request_decoder:u_req|cnt_n_stra[0] ; sm0_coordinator:u_sm0|ew_enable           ; clk          ; clk         ; 1.000        ; -0.071     ; 7.822      ;
; -6.890 ; request_decoder:u_req|cnt_n_ped[0]  ; sm0_coordinator:u_sm0|state.S_EW_SWITCH   ; clk          ; clk         ; 1.000        ; -0.072     ; 7.820      ;
; -6.877 ; request_decoder:u_req|cnt_e_stra[2] ; sm0_coordinator:u_sm0|state.S_EW_SWITCH   ; clk          ; clk         ; 1.000        ; -0.071     ; 7.808      ;
; -6.877 ; request_decoder:u_req|cnt_n_ped[0]  ; sm0_coordinator:u_sm0|ew_enable           ; clk          ; clk         ; 1.000        ; -0.072     ; 7.807      ;
; -6.869 ; request_decoder:u_req|cnt_s_left[0] ; sm0_coordinator:u_sm0|state.S_NS_SWITCH   ; clk          ; clk         ; 1.000        ; 0.373      ; 8.244      ;
; -6.864 ; request_decoder:u_req|cnt_e_stra[2] ; sm0_coordinator:u_sm0|ew_enable           ; clk          ; clk         ; 1.000        ; -0.071     ; 7.795      ;
; -6.856 ; request_decoder:u_req|cnt_n_stra[0] ; sm0_coordinator:u_sm0|state.S_NS_ACTIVE   ; clk          ; clk         ; 1.000        ; 0.377      ; 8.235      ;
; -6.850 ; request_decoder:u_req|cnt_n_ped[1]  ; sm0_coordinator:u_sm0|state.S_EW_SWITCH   ; clk          ; clk         ; 1.000        ; -0.073     ; 7.779      ;
; -6.843 ; request_decoder:u_req|cnt_w_left[1] ; sm0_coordinator:u_sm0|ns_enable           ; clk          ; clk         ; 1.000        ; 0.372      ; 8.217      ;
; -6.842 ; request_decoder:u_req|cnt_n_ped[0]  ; sm0_coordinator:u_sm0|state.S_NS_ACTIVE   ; clk          ; clk         ; 1.000        ; 0.376      ; 8.220      ;
; -6.837 ; request_decoder:u_req|cnt_n_ped[1]  ; sm0_coordinator:u_sm0|ew_enable           ; clk          ; clk         ; 1.000        ; -0.073     ; 7.766      ;
; -6.829 ; request_decoder:u_req|cnt_e_stra[2] ; sm0_coordinator:u_sm0|state.S_NS_ACTIVE   ; clk          ; clk         ; 1.000        ; 0.377      ; 8.208      ;
; -6.818 ; request_decoder:u_req|cnt_n_ped[2]  ; sm0_coordinator:u_sm0|state.S_EW_SWITCH   ; clk          ; clk         ; 1.000        ; -0.073     ; 7.747      ;
; -6.811 ; request_decoder:u_req|cnt_s_left[1] ; sm0_coordinator:u_sm0|state.S_EW_SWITCH   ; clk          ; clk         ; 1.000        ; -0.072     ; 7.741      ;
; -6.805 ; request_decoder:u_req|cnt_n_ped[2]  ; sm0_coordinator:u_sm0|ew_enable           ; clk          ; clk         ; 1.000        ; -0.073     ; 7.734      ;
; -6.802 ; request_decoder:u_req|cnt_n_ped[1]  ; sm0_coordinator:u_sm0|state.S_NS_ACTIVE   ; clk          ; clk         ; 1.000        ; 0.375      ; 8.179      ;
; -6.798 ; request_decoder:u_req|cnt_w_left[2] ; sm0_coordinator:u_sm0|state.S_NS_SWITCH   ; clk          ; clk         ; 1.000        ; 0.369      ; 8.169      ;
; -6.798 ; request_decoder:u_req|cnt_s_left[1] ; sm0_coordinator:u_sm0|ew_enable           ; clk          ; clk         ; 1.000        ; -0.072     ; 7.728      ;
; -6.792 ; request_decoder:u_req|cnt_s_left[2] ; sm0_coordinator:u_sm0|state.S_EW_SWITCH   ; clk          ; clk         ; 1.000        ; -0.072     ; 7.722      ;
; -6.786 ; request_decoder:u_req|cnt_e_left[0] ; sm0_coordinator:u_sm0|state.S_EW_SWITCH   ; clk          ; clk         ; 1.000        ; -0.071     ; 7.717      ;
; -6.780 ; direction_sm:u_north|phase_cnt[0]   ; direction_sm:u_north|dur[4]               ; clk          ; clk         ; 1.000        ; -0.541     ; 7.241      ;
; -6.779 ; request_decoder:u_req|cnt_s_left[2] ; sm0_coordinator:u_sm0|ew_enable           ; clk          ; clk         ; 1.000        ; -0.072     ; 7.709      ;
; -6.779 ; request_decoder:u_req|cnt_n_stra[1] ; sm0_coordinator:u_sm0|ns_enable           ; clk          ; clk         ; 1.000        ; 0.378      ; 8.159      ;
; -6.773 ; request_decoder:u_req|cnt_e_left[0] ; sm0_coordinator:u_sm0|ew_enable           ; clk          ; clk         ; 1.000        ; -0.071     ; 7.704      ;
; -6.770 ; request_decoder:u_req|cnt_n_ped[2]  ; sm0_coordinator:u_sm0|state.S_NS_ACTIVE   ; clk          ; clk         ; 1.000        ; 0.375      ; 8.147      ;
; -6.763 ; request_decoder:u_req|cnt_s_left[1] ; sm0_coordinator:u_sm0|state.S_NS_ACTIVE   ; clk          ; clk         ; 1.000        ; 0.376      ; 8.141      ;
; -6.759 ; request_decoder:u_req|cnt_w_left[0] ; sm0_coordinator:u_sm0|state.S_EW_SWITCH   ; clk          ; clk         ; 1.000        ; -0.070     ; 7.691      ;
; -6.757 ; request_decoder:u_req|cnt_e_ped[0]  ; sm0_coordinator:u_sm0|state.S_EW_SWITCH   ; clk          ; clk         ; 1.000        ; -0.070     ; 7.689      ;
; -6.752 ; request_decoder:u_req|cnt_e_stra[0] ; sm0_coordinator:u_sm0|ns_enable           ; clk          ; clk         ; 1.000        ; 0.377      ; 8.131      ;
; -6.748 ; request_decoder:u_req|cnt_w_left[1] ; sm0_coordinator:u_sm0|state.S_NS_SWITCH   ; clk          ; clk         ; 1.000        ; 0.369      ; 8.119      ;
; -6.746 ; request_decoder:u_req|cnt_w_left[0] ; sm0_coordinator:u_sm0|ew_enable           ; clk          ; clk         ; 1.000        ; -0.070     ; 7.678      ;
; -6.745 ; request_decoder:u_req|cnt_e_ped[2]  ; sm0_coordinator:u_sm0|state.S_EW_SWITCH   ; clk          ; clk         ; 1.000        ; -0.069     ; 7.678      ;
; -6.744 ; request_decoder:u_req|cnt_e_ped[0]  ; sm0_coordinator:u_sm0|ew_enable           ; clk          ; clk         ; 1.000        ; -0.070     ; 7.676      ;
; -6.744 ; request_decoder:u_req|cnt_s_left[2] ; sm0_coordinator:u_sm0|state.S_NS_ACTIVE   ; clk          ; clk         ; 1.000        ; 0.376      ; 8.122      ;
; -6.738 ; request_decoder:u_req|cnt_e_left[0] ; sm0_coordinator:u_sm0|state.S_NS_ACTIVE   ; clk          ; clk         ; 1.000        ; 0.377      ; 8.117      ;
; -6.732 ; request_decoder:u_req|cnt_e_ped[2]  ; sm0_coordinator:u_sm0|ew_enable           ; clk          ; clk         ; 1.000        ; -0.069     ; 7.665      ;
; -6.721 ; request_decoder:u_req|cnt_s_left[0] ; sm0_coordinator:u_sm0|state.S_EW_ACTIVE   ; clk          ; clk         ; 1.000        ; 0.373      ; 8.096      ;
; -6.719 ; request_decoder:u_req|cnt_e_left[1] ; sm0_coordinator:u_sm0|state.S_EW_SWITCH   ; clk          ; clk         ; 1.000        ; -0.071     ; 7.650      ;
; -6.712 ; request_decoder:u_req|cnt_n_left[0] ; sm0_coordinator:u_sm0|state.S_EW_SWITCH   ; clk          ; clk         ; 1.000        ; -0.071     ; 7.643      ;
; -6.711 ; request_decoder:u_req|cnt_w_left[0] ; sm0_coordinator:u_sm0|state.S_NS_ACTIVE   ; clk          ; clk         ; 1.000        ; 0.378      ; 8.091      ;
; -6.709 ; request_decoder:u_req|cnt_e_ped[0]  ; sm0_coordinator:u_sm0|state.S_NS_ACTIVE   ; clk          ; clk         ; 1.000        ; 0.378      ; 8.089      ;
; -6.706 ; request_decoder:u_req|cnt_e_left[1] ; sm0_coordinator:u_sm0|ew_enable           ; clk          ; clk         ; 1.000        ; -0.071     ; 7.637      ;
; -6.699 ; request_decoder:u_req|cnt_n_left[0] ; sm0_coordinator:u_sm0|ew_enable           ; clk          ; clk         ; 1.000        ; -0.071     ; 7.630      ;
; -6.697 ; request_decoder:u_req|cnt_e_ped[2]  ; sm0_coordinator:u_sm0|state.S_NS_ACTIVE   ; clk          ; clk         ; 1.000        ; 0.379      ; 8.078      ;
; -6.691 ; request_decoder:u_req|cnt_e_stra[1] ; sm0_coordinator:u_sm0|state.S_EW_SWITCH   ; clk          ; clk         ; 1.000        ; -0.071     ; 7.622      ;
; -6.690 ; direction_sm:u_north|phase_cnt[0]   ; direction_sm:u_north|dur[0]               ; clk          ; clk         ; 1.000        ; -0.532     ; 7.160      ;
; -6.688 ; request_decoder:u_req|cnt_n_stra[0] ; sm0_coordinator:u_sm0|ns_enable           ; clk          ; clk         ; 1.000        ; 0.377      ; 8.067      ;
; -6.684 ; request_decoder:u_req|cnt_n_stra[1] ; sm0_coordinator:u_sm0|state.S_NS_SWITCH   ; clk          ; clk         ; 1.000        ; 0.375      ; 8.061      ;
; -6.678 ; request_decoder:u_req|cnt_e_stra[1] ; sm0_coordinator:u_sm0|ew_enable           ; clk          ; clk         ; 1.000        ; -0.071     ; 7.609      ;
; -6.674 ; request_decoder:u_req|cnt_n_ped[0]  ; sm0_coordinator:u_sm0|ns_enable           ; clk          ; clk         ; 1.000        ; 0.376      ; 8.052      ;
; -6.671 ; request_decoder:u_req|cnt_e_left[1] ; sm0_coordinator:u_sm0|state.S_NS_ACTIVE   ; clk          ; clk         ; 1.000        ; 0.377      ; 8.050      ;
; -6.664 ; request_decoder:u_req|cnt_n_left[0] ; sm0_coordinator:u_sm0|state.S_NS_ACTIVE   ; clk          ; clk         ; 1.000        ; 0.377      ; 8.043      ;
; -6.661 ; request_decoder:u_req|cnt_e_stra[2] ; sm0_coordinator:u_sm0|ns_enable           ; clk          ; clk         ; 1.000        ; 0.377      ; 8.040      ;
; -6.657 ; request_decoder:u_req|cnt_e_stra[0] ; sm0_coordinator:u_sm0|state.S_NS_SWITCH   ; clk          ; clk         ; 1.000        ; 0.374      ; 8.033      ;
; -6.655 ; request_decoder:u_req|cnt_e_left[2] ; sm0_coordinator:u_sm0|state.S_EW_SWITCH   ; clk          ; clk         ; 1.000        ; -0.071     ; 7.586      ;
; -6.650 ; request_decoder:u_req|cnt_w_left[2] ; sm0_coordinator:u_sm0|state.S_EW_ACTIVE   ; clk          ; clk         ; 1.000        ; 0.369      ; 8.021      ;
; -6.645 ; request_decoder:u_req|cnt_e_ped[1]  ; sm0_coordinator:u_sm0|state.S_EW_SWITCH   ; clk          ; clk         ; 1.000        ; -0.069     ; 7.578      ;
; -6.643 ; request_decoder:u_req|cnt_e_stra[1] ; sm0_coordinator:u_sm0|state.S_NS_ACTIVE   ; clk          ; clk         ; 1.000        ; 0.377      ; 8.022      ;
; -6.642 ; request_decoder:u_req|cnt_e_left[2] ; sm0_coordinator:u_sm0|ew_enable           ; clk          ; clk         ; 1.000        ; -0.071     ; 7.573      ;
; -6.634 ; request_decoder:u_req|cnt_n_ped[1]  ; sm0_coordinator:u_sm0|ns_enable           ; clk          ; clk         ; 1.000        ; 0.375      ; 8.011      ;
; -6.632 ; request_decoder:u_req|cnt_e_ped[1]  ; sm0_coordinator:u_sm0|ew_enable           ; clk          ; clk         ; 1.000        ; -0.069     ; 7.565      ;
; -6.631 ; request_decoder:u_req|cnt_n_left[2] ; sm0_coordinator:u_sm0|state.S_EW_SWITCH   ; clk          ; clk         ; 1.000        ; -0.071     ; 7.562      ;
; -6.626 ; request_decoder:u_req|cnt_e_stra[3] ; sm0_coordinator:u_sm0|state.S_EW_SWITCH   ; clk          ; clk         ; 1.000        ; -0.071     ; 7.557      ;
; -6.620 ; direction_sm:u_north|phase_cnt[0]   ; direction_sm:u_north|state.SM3_STRA_YELL  ; clk          ; clk         ; 1.000        ; -0.544     ; 7.078      ;
; -6.620 ; direction_sm:u_north|phase_cnt[0]   ; direction_sm:u_north|state.SM3_STRA_GREEN ; clk          ; clk         ; 1.000        ; -0.544     ; 7.078      ;
; -6.618 ; request_decoder:u_req|cnt_n_left[2] ; sm0_coordinator:u_sm0|ew_enable           ; clk          ; clk         ; 1.000        ; -0.071     ; 7.549      ;
; -6.613 ; request_decoder:u_req|cnt_e_stra[3] ; sm0_coordinator:u_sm0|ew_enable           ; clk          ; clk         ; 1.000        ; -0.071     ; 7.544      ;
; -6.607 ; request_decoder:u_req|cnt_e_left[2] ; sm0_coordinator:u_sm0|state.S_NS_ACTIVE   ; clk          ; clk         ; 1.000        ; 0.377      ; 7.986      ;
; -6.603 ; request_decoder:u_req|cnt_e_left[3] ; sm0_coordinator:u_sm0|state.S_EW_SWITCH   ; clk          ; clk         ; 1.000        ; -0.071     ; 7.534      ;
; -6.602 ; request_decoder:u_req|cnt_n_ped[2]  ; sm0_coordinator:u_sm0|ns_enable           ; clk          ; clk         ; 1.000        ; 0.375      ; 7.979      ;
; -6.600 ; request_decoder:u_req|cnt_w_left[1] ; sm0_coordinator:u_sm0|state.S_EW_ACTIVE   ; clk          ; clk         ; 1.000        ; 0.369      ; 7.971      ;
; -6.597 ; request_decoder:u_req|cnt_e_ped[1]  ; sm0_coordinator:u_sm0|state.S_NS_ACTIVE   ; clk          ; clk         ; 1.000        ; 0.379      ; 7.978      ;
; -6.595 ; request_decoder:u_req|cnt_s_left[1] ; sm0_coordinator:u_sm0|ns_enable           ; clk          ; clk         ; 1.000        ; 0.376      ; 7.973      ;
; -6.593 ; request_decoder:u_req|cnt_w_left[3] ; sm0_coordinator:u_sm0|state.S_EW_SWITCH   ; clk          ; clk         ; 1.000        ; -0.076     ; 7.519      ;
; -6.593 ; request_decoder:u_req|cnt_n_stra[0] ; sm0_coordinator:u_sm0|state.S_NS_SWITCH   ; clk          ; clk         ; 1.000        ; 0.374      ; 7.969      ;
; -6.590 ; request_decoder:u_req|cnt_e_left[3] ; sm0_coordinator:u_sm0|ew_enable           ; clk          ; clk         ; 1.000        ; -0.071     ; 7.521      ;
; -6.588 ; request_decoder:u_req|cnt_s_stra[1] ; sm0_coordinator:u_sm0|state.S_EW_SWITCH   ; clk          ; clk         ; 1.000        ; -0.065     ; 7.525      ;
; -6.583 ; request_decoder:u_req|cnt_n_left[2] ; sm0_coordinator:u_sm0|state.S_NS_ACTIVE   ; clk          ; clk         ; 1.000        ; 0.377      ; 7.962      ;
; -6.580 ; request_decoder:u_req|cnt_w_left[3] ; sm0_coordinator:u_sm0|ew_enable           ; clk          ; clk         ; 1.000        ; -0.076     ; 7.506      ;
; -6.579 ; request_decoder:u_req|cnt_n_ped[0]  ; sm0_coordinator:u_sm0|state.S_NS_SWITCH   ; clk          ; clk         ; 1.000        ; 0.373      ; 7.954      ;
; -6.578 ; request_decoder:u_req|cnt_e_stra[3] ; sm0_coordinator:u_sm0|state.S_NS_ACTIVE   ; clk          ; clk         ; 1.000        ; 0.377      ; 7.957      ;
; -6.576 ; request_decoder:u_req|cnt_s_left[2] ; sm0_coordinator:u_sm0|ns_enable           ; clk          ; clk         ; 1.000        ; 0.376      ; 7.954      ;
+--------+-------------------------------------+-------------------------------------------+--------------+-------------+--------------+------------+------------+


+---------------------------------------------------------------------------------------------------------------------------------------------------------------------+
; Slow 1200mV 0C Model Hold: 'clk'                                                                                                                                    ;
+-------+-------------------------------------------+-------------------------------------------+--------------+-------------+--------------+------------+------------+
; Slack ; From Node                                 ; To Node                                   ; Launch Clock ; Latch Clock ; Relationship ; Clock Skew ; Data Delay ;
+-------+-------------------------------------------+-------------------------------------------+--------------+-------------+--------------+------------+------------+
; 0.381 ; direction_sm:u_north|state.SM1_LEFT_GREEN ; direction_sm:u_north|state.SM1_LEFT_GREEN ; clk          ; clk         ; 0.000        ; 0.093      ; 0.669      ;
; 0.381 ; direction_sm:u_north|state.SM2_PED_SOLID  ; direction_sm:u_north|state.SM2_PED_SOLID  ; clk          ; clk         ; 0.000        ; 0.093      ; 0.669      ;
; 0.383 ; sm0_coordinator:u_sm0|state.S_NS_ACTIVE   ; sm0_coordinator:u_sm0|state.S_NS_ACTIVE   ; clk          ; clk         ; 0.000        ; 0.091      ; 0.669      ;
; 0.384 ; direction_sm:u_west|state.SM1_LEFT_GREEN  ; direction_sm:u_west|state.SM1_LEFT_GREEN  ; clk          ; clk         ; 0.000        ; 0.090      ; 0.669      ;
; 0.401 ; direction_sm:u_north|dur[0]               ; direction_sm:u_north|dur[0]               ; clk          ; clk         ; 0.000        ; 0.073      ; 0.669      ;
; 0.401 ; request_decoder:u_req|req_n_stra          ; request_decoder:u_req|req_n_stra          ; clk          ; clk         ; 0.000        ; 0.073      ; 0.669      ;
; 0.402 ; direction_sm:u_west|lt_done               ; direction_sm:u_west|lt_done               ; clk          ; clk         ; 0.000        ; 0.072      ; 0.669      ;
; 0.402 ; direction_sm:u_west|ped_active            ; direction_sm:u_west|ped_active            ; clk          ; clk         ; 0.000        ; 0.072      ; 0.669      ;
; 0.402 ; direction_sm:u_west|state.SM2_PED_SOLID   ; direction_sm:u_west|state.SM2_PED_SOLID   ; clk          ; clk         ; 0.000        ; 0.072      ; 0.669      ;
; 0.402 ; request_decoder:u_req|req_w_left          ; request_decoder:u_req|req_w_left          ; clk          ; clk         ; 0.000        ; 0.072      ; 0.669      ;
; 0.402 ; direction_sm:u_west|state.IDLE            ; direction_sm:u_west|state.IDLE            ; clk          ; clk         ; 0.000        ; 0.072      ; 0.669      ;
; 0.402 ; direction_sm:u_west|sm_idle               ; direction_sm:u_west|sm_idle               ; clk          ; clk         ; 0.000        ; 0.072      ; 0.669      ;
; 0.402 ; direction_sm:u_east|lt_done               ; direction_sm:u_east|lt_done               ; clk          ; clk         ; 0.000        ; 0.072      ; 0.669      ;
; 0.402 ; direction_sm:u_east|dur[0]                ; direction_sm:u_east|dur[0]                ; clk          ; clk         ; 0.000        ; 0.072      ; 0.669      ;
; 0.402 ; direction_sm:u_east|ped_active            ; direction_sm:u_east|ped_active            ; clk          ; clk         ; 0.000        ; 0.072      ; 0.669      ;
; 0.402 ; direction_sm:u_east|state.SM2_PED_SOLID   ; direction_sm:u_east|state.SM2_PED_SOLID   ; clk          ; clk         ; 0.000        ; 0.072      ; 0.669      ;
; 0.402 ; direction_sm:u_east|state.SM1_LEFT_GREEN  ; direction_sm:u_east|state.SM1_LEFT_GREEN  ; clk          ; clk         ; 0.000        ; 0.072      ; 0.669      ;
; 0.402 ; direction_sm:u_east|max_hit               ; direction_sm:u_east|max_hit               ; clk          ; clk         ; 0.000        ; 0.072      ; 0.669      ;
; 0.402 ; request_decoder:u_req|req_w_stra          ; request_decoder:u_req|req_w_stra          ; clk          ; clk         ; 0.000        ; 0.072      ; 0.669      ;
; 0.402 ; request_decoder:u_req|req_e_stra          ; request_decoder:u_req|req_e_stra          ; clk          ; clk         ; 0.000        ; 0.072      ; 0.669      ;
; 0.402 ; seg_state:u_seg|dig_sel[1]                ; seg_state:u_seg|dig_sel[1]                ; clk          ; clk         ; 0.000        ; 0.072      ; 0.669      ;
; 0.402 ; seg_state:u_seg|dig_sel[0]                ; seg_state:u_seg|dig_sel[0]                ; clk          ; clk         ; 0.000        ; 0.072      ; 0.669      ;
; 0.402 ; direction_sm:u_west|state.SM3_WAIT_OPP    ; direction_sm:u_west|state.SM3_WAIT_OPP    ; clk          ; clk         ; 0.000        ; 0.072      ; 0.669      ;
; 0.402 ; direction_sm:u_north|sm_idle              ; direction_sm:u_north|sm_idle              ; clk          ; clk         ; 0.000        ; 0.072      ; 0.669      ;
; 0.402 ; direction_sm:u_south|lt_done              ; direction_sm:u_south|lt_done              ; clk          ; clk         ; 0.000        ; 0.072      ; 0.669      ;
; 0.402 ; direction_sm:u_south|dur[0]               ; direction_sm:u_south|dur[0]               ; clk          ; clk         ; 0.000        ; 0.072      ; 0.669      ;
; 0.402 ; direction_sm:u_south|state.SM2_PED_SOLID  ; direction_sm:u_south|state.SM2_PED_SOLID  ; clk          ; clk         ; 0.000        ; 0.072      ; 0.669      ;
; 0.402 ; direction_sm:u_east|sm_idle               ; direction_sm:u_east|sm_idle               ; clk          ; clk         ; 0.000        ; 0.072      ; 0.669      ;
; 0.402 ; direction_sm:u_south|sm_idle              ; direction_sm:u_south|sm_idle              ; clk          ; clk         ; 0.000        ; 0.072      ; 0.669      ;
; 0.402 ; direction_sm:u_south|ped_active           ; direction_sm:u_south|ped_active           ; clk          ; clk         ; 0.000        ; 0.072      ; 0.669      ;
; 0.402 ; direction_sm:u_south|state.SM1_LEFT_GREEN ; direction_sm:u_south|state.SM1_LEFT_GREEN ; clk          ; clk         ; 0.000        ; 0.072      ; 0.669      ;
; 0.402 ; direction_sm:u_north|ped_active           ; direction_sm:u_north|ped_active           ; clk          ; clk         ; 0.000        ; 0.072      ; 0.669      ;
; 0.402 ; direction_sm:u_north|lt_done              ; direction_sm:u_north|lt_done              ; clk          ; clk         ; 0.000        ; 0.072      ; 0.669      ;
; 0.402 ; sm0_coordinator:u_sm0|ew_enable           ; sm0_coordinator:u_sm0|ew_enable           ; clk          ; clk         ; 0.000        ; 0.072      ; 0.669      ;
; 0.402 ; sm0_coordinator:u_sm0|state.S_EW_SWITCH   ; sm0_coordinator:u_sm0|state.S_EW_SWITCH   ; clk          ; clk         ; 0.000        ; 0.072      ; 0.669      ;
; 0.402 ; request_decoder:u_req|req_s_ped           ; request_decoder:u_req|req_s_ped           ; clk          ; clk         ; 0.000        ; 0.072      ; 0.669      ;
; 0.402 ; request_decoder:u_req|req_n_ped           ; request_decoder:u_req|req_n_ped           ; clk          ; clk         ; 0.000        ; 0.072      ; 0.669      ;
; 0.402 ; request_decoder:u_req|req_w_ped           ; request_decoder:u_req|req_w_ped           ; clk          ; clk         ; 0.000        ; 0.072      ; 0.669      ;
; 0.402 ; request_decoder:u_req|req_n_left          ; request_decoder:u_req|req_n_left          ; clk          ; clk         ; 0.000        ; 0.072      ; 0.669      ;
; 0.402 ; request_decoder:u_req|req_s_left          ; request_decoder:u_req|req_s_left          ; clk          ; clk         ; 0.000        ; 0.072      ; 0.669      ;
; 0.402 ; request_decoder:u_req|req_s_stra          ; request_decoder:u_req|req_s_stra          ; clk          ; clk         ; 0.000        ; 0.072      ; 0.669      ;
; 0.402 ; request_decoder:u_req|sub_tick            ; request_decoder:u_req|sub_tick            ; clk          ; clk         ; 0.000        ; 0.072      ; 0.669      ;
; 0.403 ; request_decoder:u_req|req_e_ped           ; request_decoder:u_req|req_e_ped           ; clk          ; clk         ; 0.000        ; 0.071      ; 0.669      ;
; 0.403 ; request_decoder:u_req|req_e_left          ; request_decoder:u_req|req_e_left          ; clk          ; clk         ; 0.000        ; 0.071      ; 0.669      ;
; 0.455 ; dip_controller:u_dip|deb_cnt[19]          ; dip_controller:u_dip|deb_cnt[19]          ; clk          ; clk         ; 0.000        ; 0.073      ; 0.723      ;
; 0.470 ; dip_controller:u_dip|sync0[1]             ; dip_controller:u_dip|sync1[1]             ; clk          ; clk         ; 0.000        ; 0.073      ; 0.738      ;
; 0.470 ; dip_controller:u_dip|sync0[0]             ; dip_controller:u_dip|sync1[0]             ; clk          ; clk         ; 0.000        ; 0.073      ; 0.738      ;
; 0.471 ; config_regs:u_cfg|shadow[9][2]            ; config_regs:u_cfg|ped_flash[2]            ; clk          ; clk         ; 0.000        ; 0.072      ; 0.738      ;
; 0.471 ; config_regs:u_cfg|shadow[9][0]            ; config_regs:u_cfg|ped_flash[0]            ; clk          ; clk         ; 0.000        ; 0.072      ; 0.738      ;
; 0.471 ; dip_controller:u_dip|sync0[2]             ; dip_controller:u_dip|sync1[2]             ; clk          ; clk         ; 0.000        ; 0.073      ; 0.739      ;
; 0.472 ; config_regs:u_cfg|shadow[9][7]            ; config_regs:u_cfg|ped_flash[7]            ; clk          ; clk         ; 0.000        ; 0.072      ; 0.739      ;
; 0.472 ; config_regs:u_cfg|shadow[9][1]            ; config_regs:u_cfg|ped_flash[1]            ; clk          ; clk         ; 0.000        ; 0.072      ; 0.739      ;
; 0.473 ; config_regs:u_cfg|shadow[9][6]            ; config_regs:u_cfg|ped_flash[6]            ; clk          ; clk         ; 0.000        ; 0.072      ; 0.740      ;
; 0.475 ; request_decoder:u_req|cnt_w_stra[6]       ; request_decoder:u_req|cnt_w_stra[6]       ; clk          ; clk         ; 0.000        ; 0.073      ; 0.743      ;
; 0.478 ; request_decoder:u_req|cnt_e_ped[6]        ; request_decoder:u_req|cnt_e_ped[6]        ; clk          ; clk         ; 0.000        ; 0.071      ; 0.744      ;
; 0.481 ; dip_controller:u_dip|sync1[3]             ; dip_controller:u_dip|dip_cand[3]          ; clk          ; clk         ; 0.000        ; 0.073      ; 0.749      ;
; 0.505 ; request_decoder:u_req|cnt_w_left[6]       ; request_decoder:u_req|cnt_w_left[6]       ; clk          ; clk         ; 0.000        ; 0.072      ; 0.772      ;
; 0.626 ; direction_sm:u_east|state.SM3_STRA_YELL   ; direction_sm:u_east|state.IDLE            ; clk          ; clk         ; 0.000        ; 0.072      ; 0.893      ;
; 0.631 ; sm0_coordinator:u_sm0|state.S_EW_SWITCH   ; sm0_coordinator:u_sm0|state.S_HALT        ; clk          ; clk         ; 0.000        ; 0.072      ; 0.898      ;
; 0.639 ; request_decoder:u_req|cnt_n_ped[6]        ; request_decoder:u_req|cnt_n_ped[6]        ; clk          ; clk         ; 0.000        ; 0.072      ; 0.906      ;
; 0.644 ; config_regs:u_cfg|shadow[2][2]            ; config_regs:u_cfg|left_max_ns[2]          ; clk          ; clk         ; 0.000        ; 0.070      ; 0.909      ;
; 0.644 ; request_decoder:u_req|cnt_w_ped[6]        ; request_decoder:u_req|cnt_w_ped[6]        ; clk          ; clk         ; 0.000        ; 0.072      ; 0.911      ;
; 0.646 ; config_regs:u_cfg|shadow[9][4]            ; config_regs:u_cfg|ped_flash[4]            ; clk          ; clk         ; 0.000        ; 0.072      ; 0.913      ;
; 0.647 ; config_regs:u_cfg|shadow[9][3]            ; config_regs:u_cfg|ped_flash[3]            ; clk          ; clk         ; 0.000        ; 0.072      ; 0.914      ;
; 0.647 ; direction_sm:u_north|state.SM3_STRA_GREEN ; direction_sm:u_north|max_hit              ; clk          ; clk         ; 0.000        ; 0.072      ; 0.914      ;
; 0.647 ; dip_controller:u_dip|sync0[3]             ; dip_controller:u_dip|sync1[3]             ; clk          ; clk         ; 0.000        ; 0.073      ; 0.915      ;
; 0.653 ; dip_controller:u_dip|sync1[0]             ; dip_controller:u_dip|dip_cand[0]          ; clk          ; clk         ; 0.000        ; 0.073      ; 0.921      ;
; 0.654 ; dip_controller:u_dip|sync1[1]             ; dip_controller:u_dip|dip_cand[1]          ; clk          ; clk         ; 0.000        ; 0.073      ; 0.922      ;
; 0.655 ; dip_controller:u_dip|sync1[2]             ; dip_controller:u_dip|dip_cand[2]          ; clk          ; clk         ; 0.000        ; 0.073      ; 0.923      ;
; 0.676 ; direction_sm:u_east|state.SM3_WAIT_OPP    ; direction_sm:u_east|state.SM3_STRA_GREEN  ; clk          ; clk         ; 0.000        ; 0.072      ; 0.943      ;
; 0.683 ; dip_controller:u_dip|deb_cnt[5]           ; dip_controller:u_dip|deb_cnt[5]           ; clk          ; clk         ; 0.000        ; 0.074      ; 0.952      ;
; 0.684 ; direction_sm:u_south|state.SM3_STRA_GREEN ; direction_sm:u_south|state.SM3_STRA_YELL  ; clk          ; clk         ; 0.000        ; 0.072      ; 0.951      ;
; 0.684 ; request_decoder:u_req|cnt_s_ped[1]        ; request_decoder:u_req|cnt_s_ped[1]        ; clk          ; clk         ; 0.000        ; 0.092      ; 0.971      ;
; 0.685 ; dip_controller:u_dip|deb_cnt[3]           ; dip_controller:u_dip|deb_cnt[3]           ; clk          ; clk         ; 0.000        ; 0.074      ; 0.954      ;
; 0.686 ; dip_controller:u_dip|deb_cnt[1]           ; dip_controller:u_dip|deb_cnt[1]           ; clk          ; clk         ; 0.000        ; 0.074      ; 0.955      ;
; 0.689 ; dip_controller:u_dip|deb_cnt[2]           ; dip_controller:u_dip|deb_cnt[2]           ; clk          ; clk         ; 0.000        ; 0.074      ; 0.958      ;
; 0.689 ; dip_controller:u_dip|deb_cnt[4]           ; dip_controller:u_dip|deb_cnt[4]           ; clk          ; clk         ; 0.000        ; 0.074      ; 0.958      ;
; 0.689 ; dip_controller:u_dip|deb_cnt[7]           ; dip_controller:u_dip|deb_cnt[7]           ; clk          ; clk         ; 0.000        ; 0.074      ; 0.958      ;
; 0.689 ; dip_controller:u_dip|deb_cnt[9]           ; dip_controller:u_dip|deb_cnt[9]           ; clk          ; clk         ; 0.000        ; 0.074      ; 0.958      ;
; 0.690 ; clk_div:u_clk|cnt_1hz[10]                 ; clk_div:u_clk|cnt_1hz[10]                 ; clk          ; clk         ; 0.000        ; 0.073      ; 0.958      ;
; 0.690 ; clk_div:u_clk|cnt_1hz[8]                  ; clk_div:u_clk|cnt_1hz[8]                  ; clk          ; clk         ; 0.000        ; 0.073      ; 0.958      ;
; 0.691 ; dip_controller:u_dip|deb_cnt[15]          ; dip_controller:u_dip|deb_cnt[15]          ; clk          ; clk         ; 0.000        ; 0.073      ; 0.959      ;
; 0.691 ; clk_div:u_clk|cnt_1hz[18]                 ; clk_div:u_clk|cnt_1hz[18]                 ; clk          ; clk         ; 0.000        ; 0.072      ; 0.958      ;
; 0.692 ; direction_sm:u_north|state.SM3_STRA_GREEN ; direction_sm:u_north|state.SM3_STRA_YELL  ; clk          ; clk         ; 0.000        ; 0.072      ; 0.959      ;
; 0.692 ; dip_controller:u_dip|deb_cnt[13]          ; dip_controller:u_dip|deb_cnt[13]          ; clk          ; clk         ; 0.000        ; 0.073      ; 0.960      ;
; 0.692 ; clk_div:u_clk|cnt_1hz[16]                 ; clk_div:u_clk|cnt_1hz[16]                 ; clk          ; clk         ; 0.000        ; 0.072      ; 0.959      ;
; 0.692 ; clk_div:u_clk|cnt_1hz[3]                  ; clk_div:u_clk|cnt_1hz[3]                  ; clk          ; clk         ; 0.000        ; 0.073      ; 0.960      ;
; 0.692 ; clk_div:u_clk|cnt_1hz[2]                  ; clk_div:u_clk|cnt_1hz[2]                  ; clk          ; clk         ; 0.000        ; 0.073      ; 0.960      ;
; 0.693 ; dip_controller:u_dip|deb_cnt[11]          ; dip_controller:u_dip|deb_cnt[11]          ; clk          ; clk         ; 0.000        ; 0.073      ; 0.961      ;
; 0.693 ; clk_div:u_clk|cnt_1hz[6]                  ; clk_div:u_clk|cnt_1hz[6]                  ; clk          ; clk         ; 0.000        ; 0.073      ; 0.961      ;
; 0.694 ; dip_controller:u_dip|deb_cnt[6]           ; dip_controller:u_dip|deb_cnt[6]           ; clk          ; clk         ; 0.000        ; 0.074      ; 0.963      ;
; 0.694 ; dip_controller:u_dip|deb_cnt[8]           ; dip_controller:u_dip|deb_cnt[8]           ; clk          ; clk         ; 0.000        ; 0.074      ; 0.963      ;
; 0.694 ; dip_controller:u_dip|deb_cnt[10]          ; dip_controller:u_dip|deb_cnt[10]          ; clk          ; clk         ; 0.000        ; 0.073      ; 0.962      ;
; 0.694 ; clk_div:u_clk|cnt_1hz[11]                 ; clk_div:u_clk|cnt_1hz[11]                 ; clk          ; clk         ; 0.000        ; 0.073      ; 0.962      ;
; 0.694 ; clk_div:u_clk|cnt_1hz[4]                  ; clk_div:u_clk|cnt_1hz[4]                  ; clk          ; clk         ; 0.000        ; 0.073      ; 0.962      ;
; 0.695 ; dip_controller:u_dip|deb_cnt[16]          ; dip_controller:u_dip|deb_cnt[16]          ; clk          ; clk         ; 0.000        ; 0.073      ; 0.963      ;
; 0.696 ; dip_controller:u_dip|deb_cnt[12]          ; dip_controller:u_dip|deb_cnt[12]          ; clk          ; clk         ; 0.000        ; 0.073      ; 0.964      ;
; 0.696 ; dip_controller:u_dip|deb_cnt[17]          ; dip_controller:u_dip|deb_cnt[17]          ; clk          ; clk         ; 0.000        ; 0.073      ; 0.964      ;
; 0.696 ; clk_div:u_clk|cnt_1hz[9]                  ; clk_div:u_clk|cnt_1hz[9]                  ; clk          ; clk         ; 0.000        ; 0.073      ; 0.964      ;
; 0.697 ; dip_controller:u_dip|deb_cnt[14]          ; dip_controller:u_dip|deb_cnt[14]          ; clk          ; clk         ; 0.000        ; 0.073      ; 0.965      ;
+-------+-------------------------------------------+-------------------------------------------+--------------+-------------+--------------+------------+------------+


----------------------------------------------
; Slow 1200mV 0C Model Metastability Summary ;
----------------------------------------------
Design MTBF is not calculated because the design doesn't meet its timing requirements.



+------------------------------------+
; Fast 1200mV 0C Model Setup Summary ;
+-------+--------+-------------------+
; Clock ; Slack  ; End Point TNS     ;
+-------+--------+-------------------+
; clk   ; -2.823 ; -475.288          ;
+-------+--------+-------------------+


+-----------------------------------+
; Fast 1200mV 0C Model Hold Summary ;
+-------+-------+-------------------+
; Clock ; Slack ; End Point TNS     ;
+-------+-------+-------------------+
; clk   ; 0.178 ; 0.000             ;
+-------+-------+-------------------+


-----------------------------------------
; Fast 1200mV 0C Model Recovery Summary ;
-----------------------------------------
No paths to report.


----------------------------------------
; Fast 1200mV 0C Model Removal Summary ;
----------------------------------------
No paths to report.


+--------------------------------------------------+
; Fast 1200mV 0C Model Minimum Pulse Width Summary ;
+-------+--------+---------------------------------+
; Clock ; Slack  ; End Point TNS                   ;
+-------+--------+---------------------------------+
; clk   ; -3.000 ; -630.042                        ;
+-------+--------+---------------------------------+


+----------------------------------------------------------------------------------------------------------------------------------------------------------------+
; Fast 1200mV 0C Model Setup: 'clk'                                                                                                                              ;
+--------+-------------------------------------+-------------------------------------------+--------------+-------------+--------------+------------+------------+
; Slack  ; From Node                           ; To Node                                   ; Launch Clock ; Latch Clock ; Relationship ; Clock Skew ; Data Delay ;
+--------+-------------------------------------+-------------------------------------------+--------------+-------------+--------------+------------+------------+
; -2.823 ; request_decoder:u_req|cnt_w_left[1] ; sm0_coordinator:u_sm0|state.S_NS_ACTIVE   ; clk          ; clk         ; 1.000        ; 0.149      ; 3.959      ;
; -2.804 ; request_decoder:u_req|cnt_w_left[1] ; sm0_coordinator:u_sm0|ew_enable           ; clk          ; clk         ; 1.000        ; -0.044     ; 3.747      ;
; -2.796 ; request_decoder:u_req|cnt_w_left[1] ; sm0_coordinator:u_sm0|state.S_EW_SWITCH   ; clk          ; clk         ; 1.000        ; -0.044     ; 3.739      ;
; -2.752 ; request_decoder:u_req|cnt_n_stra[1] ; sm0_coordinator:u_sm0|state.S_NS_ACTIVE   ; clk          ; clk         ; 1.000        ; 0.158      ; 3.897      ;
; -2.741 ; request_decoder:u_req|cnt_s_left[0] ; sm0_coordinator:u_sm0|state.S_NS_ACTIVE   ; clk          ; clk         ; 1.000        ; 0.155      ; 3.883      ;
; -2.733 ; request_decoder:u_req|cnt_n_stra[1] ; sm0_coordinator:u_sm0|ew_enable           ; clk          ; clk         ; 1.000        ; -0.035     ; 3.685      ;
; -2.726 ; request_decoder:u_req|cnt_w_left[1] ; sm0_coordinator:u_sm0|ns_enable           ; clk          ; clk         ; 1.000        ; 0.149      ; 3.862      ;
; -2.725 ; request_decoder:u_req|cnt_n_stra[1] ; sm0_coordinator:u_sm0|state.S_EW_SWITCH   ; clk          ; clk         ; 1.000        ; -0.035     ; 3.677      ;
; -2.722 ; request_decoder:u_req|cnt_s_left[0] ; sm0_coordinator:u_sm0|ew_enable           ; clk          ; clk         ; 1.000        ; -0.038     ; 3.671      ;
; -2.717 ; request_decoder:u_req|cnt_w_left[2] ; sm0_coordinator:u_sm0|state.S_NS_ACTIVE   ; clk          ; clk         ; 1.000        ; 0.149      ; 3.853      ;
; -2.714 ; request_decoder:u_req|cnt_s_left[0] ; sm0_coordinator:u_sm0|state.S_EW_SWITCH   ; clk          ; clk         ; 1.000        ; -0.038     ; 3.663      ;
; -2.698 ; request_decoder:u_req|cnt_w_left[2] ; sm0_coordinator:u_sm0|ew_enable           ; clk          ; clk         ; 1.000        ; -0.044     ; 3.641      ;
; -2.693 ; request_decoder:u_req|cnt_e_stra[0] ; sm0_coordinator:u_sm0|state.S_NS_ACTIVE   ; clk          ; clk         ; 1.000        ; 0.153      ; 3.833      ;
; -2.692 ; request_decoder:u_req|cnt_w_left[1] ; sm0_coordinator:u_sm0|state.S_NS_SWITCH   ; clk          ; clk         ; 1.000        ; 0.147      ; 3.826      ;
; -2.690 ; request_decoder:u_req|cnt_w_left[2] ; sm0_coordinator:u_sm0|state.S_EW_SWITCH   ; clk          ; clk         ; 1.000        ; -0.044     ; 3.633      ;
; -2.688 ; request_decoder:u_req|cnt_n_ped[1]  ; sm0_coordinator:u_sm0|state.S_NS_ACTIVE   ; clk          ; clk         ; 1.000        ; 0.154      ; 3.829      ;
; -2.675 ; request_decoder:u_req|cnt_s_left[1] ; sm0_coordinator:u_sm0|state.S_NS_ACTIVE   ; clk          ; clk         ; 1.000        ; 0.155      ; 3.817      ;
; -2.674 ; request_decoder:u_req|cnt_e_stra[0] ; sm0_coordinator:u_sm0|ew_enable           ; clk          ; clk         ; 1.000        ; -0.040     ; 3.621      ;
; -2.669 ; request_decoder:u_req|cnt_n_ped[1]  ; sm0_coordinator:u_sm0|ew_enable           ; clk          ; clk         ; 1.000        ; -0.039     ; 3.617      ;
; -2.666 ; request_decoder:u_req|cnt_e_stra[0] ; sm0_coordinator:u_sm0|state.S_EW_SWITCH   ; clk          ; clk         ; 1.000        ; -0.040     ; 3.613      ;
; -2.661 ; request_decoder:u_req|cnt_n_ped[1]  ; sm0_coordinator:u_sm0|state.S_EW_SWITCH   ; clk          ; clk         ; 1.000        ; -0.039     ; 3.609      ;
; -2.656 ; request_decoder:u_req|cnt_s_left[1] ; sm0_coordinator:u_sm0|ew_enable           ; clk          ; clk         ; 1.000        ; -0.038     ; 3.605      ;
; -2.655 ; request_decoder:u_req|cnt_n_stra[1] ; sm0_coordinator:u_sm0|ns_enable           ; clk          ; clk         ; 1.000        ; 0.158      ; 3.800      ;
; -2.648 ; request_decoder:u_req|cnt_e_left[1] ; sm0_coordinator:u_sm0|state.S_NS_ACTIVE   ; clk          ; clk         ; 1.000        ; 0.153      ; 3.788      ;
; -2.648 ; request_decoder:u_req|cnt_s_left[1] ; sm0_coordinator:u_sm0|state.S_EW_SWITCH   ; clk          ; clk         ; 1.000        ; -0.038     ; 3.597      ;
; -2.644 ; request_decoder:u_req|cnt_s_left[0] ; sm0_coordinator:u_sm0|ns_enable           ; clk          ; clk         ; 1.000        ; 0.155      ; 3.786      ;
; -2.641 ; request_decoder:u_req|cnt_e_stra[2] ; sm0_coordinator:u_sm0|state.S_NS_ACTIVE   ; clk          ; clk         ; 1.000        ; 0.152      ; 3.780      ;
; -2.639 ; request_decoder:u_req|cnt_n_ped[0]  ; sm0_coordinator:u_sm0|state.S_NS_ACTIVE   ; clk          ; clk         ; 1.000        ; 0.155      ; 3.781      ;
; -2.636 ; request_decoder:u_req|cnt_e_left[0] ; sm0_coordinator:u_sm0|state.S_NS_ACTIVE   ; clk          ; clk         ; 1.000        ; 0.153      ; 3.776      ;
; -2.632 ; request_decoder:u_req|cnt_e_stra[1] ; sm0_coordinator:u_sm0|state.S_NS_ACTIVE   ; clk          ; clk         ; 1.000        ; 0.153      ; 3.772      ;
; -2.629 ; request_decoder:u_req|cnt_e_left[1] ; sm0_coordinator:u_sm0|ew_enable           ; clk          ; clk         ; 1.000        ; -0.040     ; 3.576      ;
; -2.622 ; request_decoder:u_req|cnt_e_stra[2] ; sm0_coordinator:u_sm0|ew_enable           ; clk          ; clk         ; 1.000        ; -0.041     ; 3.568      ;
; -2.621 ; request_decoder:u_req|cnt_e_ped[0]  ; sm0_coordinator:u_sm0|state.S_NS_ACTIVE   ; clk          ; clk         ; 1.000        ; 0.154      ; 3.762      ;
; -2.621 ; request_decoder:u_req|cnt_e_left[1] ; sm0_coordinator:u_sm0|state.S_EW_SWITCH   ; clk          ; clk         ; 1.000        ; -0.040     ; 3.568      ;
; -2.621 ; request_decoder:u_req|cnt_n_stra[1] ; sm0_coordinator:u_sm0|state.S_NS_SWITCH   ; clk          ; clk         ; 1.000        ; 0.156      ; 3.764      ;
; -2.620 ; request_decoder:u_req|cnt_w_left[2] ; sm0_coordinator:u_sm0|ns_enable           ; clk          ; clk         ; 1.000        ; 0.149      ; 3.756      ;
; -2.620 ; request_decoder:u_req|cnt_n_ped[0]  ; sm0_coordinator:u_sm0|ew_enable           ; clk          ; clk         ; 1.000        ; -0.038     ; 3.569      ;
; -2.618 ; request_decoder:u_req|cnt_w_left[0] ; sm0_coordinator:u_sm0|state.S_NS_ACTIVE   ; clk          ; clk         ; 1.000        ; 0.154      ; 3.759      ;
; -2.617 ; request_decoder:u_req|cnt_e_left[0] ; sm0_coordinator:u_sm0|ew_enable           ; clk          ; clk         ; 1.000        ; -0.040     ; 3.564      ;
; -2.614 ; request_decoder:u_req|cnt_e_stra[2] ; sm0_coordinator:u_sm0|state.S_EW_SWITCH   ; clk          ; clk         ; 1.000        ; -0.041     ; 3.560      ;
; -2.613 ; request_decoder:u_req|cnt_w_left[1] ; sm0_coordinator:u_sm0|state.S_EW_ACTIVE   ; clk          ; clk         ; 1.000        ; 0.147      ; 3.747      ;
; -2.613 ; request_decoder:u_req|cnt_e_stra[1] ; sm0_coordinator:u_sm0|ew_enable           ; clk          ; clk         ; 1.000        ; -0.040     ; 3.560      ;
; -2.613 ; direction_sm:u_north|phase_cnt[0]   ; direction_sm:u_north|dur[4]               ; clk          ; clk         ; 1.000        ; -0.230     ; 3.370      ;
; -2.612 ; request_decoder:u_req|cnt_n_ped[0]  ; sm0_coordinator:u_sm0|state.S_EW_SWITCH   ; clk          ; clk         ; 1.000        ; -0.038     ; 3.561      ;
; -2.610 ; request_decoder:u_req|cnt_s_left[0] ; sm0_coordinator:u_sm0|state.S_NS_SWITCH   ; clk          ; clk         ; 1.000        ; 0.153      ; 3.750      ;
; -2.609 ; request_decoder:u_req|cnt_e_left[0] ; sm0_coordinator:u_sm0|state.S_EW_SWITCH   ; clk          ; clk         ; 1.000        ; -0.040     ; 3.556      ;
; -2.605 ; request_decoder:u_req|cnt_e_ped[1]  ; sm0_coordinator:u_sm0|state.S_NS_ACTIVE   ; clk          ; clk         ; 1.000        ; 0.155      ; 3.747      ;
; -2.605 ; request_decoder:u_req|cnt_e_stra[1] ; sm0_coordinator:u_sm0|state.S_EW_SWITCH   ; clk          ; clk         ; 1.000        ; -0.040     ; 3.552      ;
; -2.602 ; request_decoder:u_req|cnt_e_ped[0]  ; sm0_coordinator:u_sm0|ew_enable           ; clk          ; clk         ; 1.000        ; -0.039     ; 3.550      ;
; -2.602 ; request_decoder:u_req|cnt_n_stra[0] ; sm0_coordinator:u_sm0|state.S_NS_ACTIVE   ; clk          ; clk         ; 1.000        ; 0.158      ; 3.747      ;
; -2.599 ; request_decoder:u_req|cnt_w_left[0] ; sm0_coordinator:u_sm0|ew_enable           ; clk          ; clk         ; 1.000        ; -0.039     ; 3.547      ;
; -2.596 ; request_decoder:u_req|cnt_e_stra[0] ; sm0_coordinator:u_sm0|ns_enable           ; clk          ; clk         ; 1.000        ; 0.153      ; 3.736      ;
; -2.594 ; request_decoder:u_req|cnt_e_ped[0]  ; sm0_coordinator:u_sm0|state.S_EW_SWITCH   ; clk          ; clk         ; 1.000        ; -0.039     ; 3.542      ;
; -2.591 ; request_decoder:u_req|cnt_w_left[0] ; sm0_coordinator:u_sm0|state.S_EW_SWITCH   ; clk          ; clk         ; 1.000        ; -0.039     ; 3.539      ;
; -2.591 ; request_decoder:u_req|cnt_n_ped[1]  ; sm0_coordinator:u_sm0|ns_enable           ; clk          ; clk         ; 1.000        ; 0.154      ; 3.732      ;
; -2.586 ; request_decoder:u_req|cnt_e_ped[1]  ; sm0_coordinator:u_sm0|ew_enable           ; clk          ; clk         ; 1.000        ; -0.038     ; 3.535      ;
; -2.586 ; request_decoder:u_req|cnt_w_left[2] ; sm0_coordinator:u_sm0|state.S_NS_SWITCH   ; clk          ; clk         ; 1.000        ; 0.147      ; 3.720      ;
; -2.584 ; request_decoder:u_req|cnt_n_ped[2]  ; sm0_coordinator:u_sm0|state.S_NS_ACTIVE   ; clk          ; clk         ; 1.000        ; 0.154      ; 3.725      ;
; -2.583 ; request_decoder:u_req|cnt_n_stra[0] ; sm0_coordinator:u_sm0|ew_enable           ; clk          ; clk         ; 1.000        ; -0.035     ; 3.535      ;
; -2.578 ; request_decoder:u_req|cnt_e_ped[1]  ; sm0_coordinator:u_sm0|state.S_EW_SWITCH   ; clk          ; clk         ; 1.000        ; -0.038     ; 3.527      ;
; -2.578 ; direction_sm:u_north|phase_cnt[0]   ; direction_sm:u_north|dur[0]               ; clk          ; clk         ; 1.000        ; -0.227     ; 3.338      ;
; -2.578 ; request_decoder:u_req|cnt_s_left[1] ; sm0_coordinator:u_sm0|ns_enable           ; clk          ; clk         ; 1.000        ; 0.155      ; 3.720      ;
; -2.575 ; request_decoder:u_req|cnt_n_stra[0] ; sm0_coordinator:u_sm0|state.S_EW_SWITCH   ; clk          ; clk         ; 1.000        ; -0.035     ; 3.527      ;
; -2.568 ; request_decoder:u_req|cnt_s_left[2] ; sm0_coordinator:u_sm0|state.S_NS_ACTIVE   ; clk          ; clk         ; 1.000        ; 0.155      ; 3.710      ;
; -2.567 ; request_decoder:u_req|cnt_e_left[2] ; sm0_coordinator:u_sm0|state.S_NS_ACTIVE   ; clk          ; clk         ; 1.000        ; 0.153      ; 3.707      ;
; -2.565 ; request_decoder:u_req|cnt_n_ped[2]  ; sm0_coordinator:u_sm0|ew_enable           ; clk          ; clk         ; 1.000        ; -0.039     ; 3.513      ;
; -2.562 ; request_decoder:u_req|cnt_e_stra[0] ; sm0_coordinator:u_sm0|state.S_NS_SWITCH   ; clk          ; clk         ; 1.000        ; 0.151      ; 3.700      ;
; -2.557 ; request_decoder:u_req|cnt_n_ped[2]  ; sm0_coordinator:u_sm0|state.S_EW_SWITCH   ; clk          ; clk         ; 1.000        ; -0.039     ; 3.505      ;
; -2.557 ; request_decoder:u_req|cnt_n_ped[1]  ; sm0_coordinator:u_sm0|state.S_NS_SWITCH   ; clk          ; clk         ; 1.000        ; 0.152      ; 3.696      ;
; -2.551 ; request_decoder:u_req|cnt_e_left[1] ; sm0_coordinator:u_sm0|ns_enable           ; clk          ; clk         ; 1.000        ; 0.153      ; 3.691      ;
; -2.550 ; request_decoder:u_req|cnt_e_ped[2]  ; sm0_coordinator:u_sm0|state.S_NS_ACTIVE   ; clk          ; clk         ; 1.000        ; 0.155      ; 3.692      ;
; -2.549 ; request_decoder:u_req|cnt_s_left[2] ; sm0_coordinator:u_sm0|ew_enable           ; clk          ; clk         ; 1.000        ; -0.038     ; 3.498      ;
; -2.548 ; request_decoder:u_req|cnt_e_left[2] ; sm0_coordinator:u_sm0|ew_enable           ; clk          ; clk         ; 1.000        ; -0.040     ; 3.495      ;
; -2.544 ; request_decoder:u_req|cnt_e_stra[2] ; sm0_coordinator:u_sm0|ns_enable           ; clk          ; clk         ; 1.000        ; 0.152      ; 3.683      ;
; -2.544 ; direction_sm:u_north|phase_cnt[0]   ; direction_sm:u_north|state.SM3_STRA_YELL  ; clk          ; clk         ; 1.000        ; -0.233     ; 3.298      ;
; -2.544 ; direction_sm:u_north|phase_cnt[0]   ; direction_sm:u_north|state.SM3_STRA_GREEN ; clk          ; clk         ; 1.000        ; -0.233     ; 3.298      ;
; -2.544 ; request_decoder:u_req|cnt_s_left[1] ; sm0_coordinator:u_sm0|state.S_NS_SWITCH   ; clk          ; clk         ; 1.000        ; 0.153      ; 3.684      ;
; -2.542 ; request_decoder:u_req|cnt_n_stra[1] ; sm0_coordinator:u_sm0|state.S_EW_ACTIVE   ; clk          ; clk         ; 1.000        ; 0.156      ; 3.685      ;
; -2.542 ; request_decoder:u_req|cnt_n_ped[0]  ; sm0_coordinator:u_sm0|ns_enable           ; clk          ; clk         ; 1.000        ; 0.155      ; 3.684      ;
; -2.541 ; request_decoder:u_req|cnt_s_left[2] ; sm0_coordinator:u_sm0|state.S_EW_SWITCH   ; clk          ; clk         ; 1.000        ; -0.038     ; 3.490      ;
; -2.541 ; request_decoder:u_req|cnt_n_left[0] ; sm0_coordinator:u_sm0|state.S_NS_ACTIVE   ; clk          ; clk         ; 1.000        ; 0.158      ; 3.686      ;
; -2.540 ; request_decoder:u_req|cnt_e_left[2] ; sm0_coordinator:u_sm0|state.S_EW_SWITCH   ; clk          ; clk         ; 1.000        ; -0.040     ; 3.487      ;
; -2.539 ; request_decoder:u_req|cnt_e_left[0] ; sm0_coordinator:u_sm0|ns_enable           ; clk          ; clk         ; 1.000        ; 0.153      ; 3.679      ;
; -2.535 ; request_decoder:u_req|cnt_e_stra[1] ; sm0_coordinator:u_sm0|ns_enable           ; clk          ; clk         ; 1.000        ; 0.153      ; 3.675      ;
; -2.531 ; request_decoder:u_req|cnt_e_ped[2]  ; sm0_coordinator:u_sm0|ew_enable           ; clk          ; clk         ; 1.000        ; -0.038     ; 3.480      ;
; -2.531 ; request_decoder:u_req|cnt_s_left[0] ; sm0_coordinator:u_sm0|state.S_EW_ACTIVE   ; clk          ; clk         ; 1.000        ; 0.153      ; 3.671      ;
; -2.524 ; request_decoder:u_req|cnt_e_ped[0]  ; sm0_coordinator:u_sm0|ns_enable           ; clk          ; clk         ; 1.000        ; 0.154      ; 3.665      ;
; -2.523 ; request_decoder:u_req|cnt_e_ped[2]  ; sm0_coordinator:u_sm0|state.S_EW_SWITCH   ; clk          ; clk         ; 1.000        ; -0.038     ; 3.472      ;
; -2.522 ; request_decoder:u_req|cnt_n_left[0] ; sm0_coordinator:u_sm0|ew_enable           ; clk          ; clk         ; 1.000        ; -0.035     ; 3.474      ;
; -2.521 ; request_decoder:u_req|cnt_w_left[0] ; sm0_coordinator:u_sm0|ns_enable           ; clk          ; clk         ; 1.000        ; 0.154      ; 3.662      ;
; -2.520 ; request_decoder:u_req|cnt_w_left[3] ; sm0_coordinator:u_sm0|state.S_NS_ACTIVE   ; clk          ; clk         ; 1.000        ; 0.149      ; 3.656      ;
; -2.517 ; request_decoder:u_req|cnt_e_left[1] ; sm0_coordinator:u_sm0|state.S_NS_SWITCH   ; clk          ; clk         ; 1.000        ; 0.151      ; 3.655      ;
; -2.516 ; request_decoder:u_req|cnt_e_stra[3] ; sm0_coordinator:u_sm0|state.S_NS_ACTIVE   ; clk          ; clk         ; 1.000        ; 0.152      ; 3.655      ;
; -2.515 ; request_decoder:u_req|cnt_n_stra[3] ; sm0_coordinator:u_sm0|state.S_EW_SWITCH   ; clk          ; clk         ; 1.000        ; -0.035     ; 3.467      ;
; -2.514 ; request_decoder:u_req|cnt_n_left[0] ; sm0_coordinator:u_sm0|state.S_EW_SWITCH   ; clk          ; clk         ; 1.000        ; -0.035     ; 3.466      ;
; -2.510 ; request_decoder:u_req|cnt_e_stra[2] ; sm0_coordinator:u_sm0|state.S_NS_SWITCH   ; clk          ; clk         ; 1.000        ; 0.150      ; 3.647      ;
; -2.508 ; request_decoder:u_req|cnt_e_ped[1]  ; sm0_coordinator:u_sm0|ns_enable           ; clk          ; clk         ; 1.000        ; 0.155      ; 3.650      ;
; -2.508 ; request_decoder:u_req|cnt_n_ped[0]  ; sm0_coordinator:u_sm0|state.S_NS_SWITCH   ; clk          ; clk         ; 1.000        ; 0.153      ; 3.648      ;
; -2.508 ; request_decoder:u_req|cnt_n_stra[3] ; sm0_coordinator:u_sm0|ew_enable           ; clk          ; clk         ; 1.000        ; -0.035     ; 3.460      ;
; -2.507 ; request_decoder:u_req|cnt_w_left[2] ; sm0_coordinator:u_sm0|state.S_EW_ACTIVE   ; clk          ; clk         ; 1.000        ; 0.147      ; 3.641      ;
+--------+-------------------------------------+-------------------------------------------+--------------+-------------+--------------+------------+------------+


+---------------------------------------------------------------------------------------------------------------------------------------------------------------------+
; Fast 1200mV 0C Model Hold: 'clk'                                                                                                                                    ;
+-------+-------------------------------------------+-------------------------------------------+--------------+-------------+--------------+------------+------------+
; Slack ; From Node                                 ; To Node                                   ; Launch Clock ; Latch Clock ; Relationship ; Clock Skew ; Data Delay ;
+-------+-------------------------------------------+-------------------------------------------+--------------+-------------+--------------+------------+------------+
; 0.178 ; direction_sm:u_west|state.SM1_LEFT_GREEN  ; direction_sm:u_west|state.SM1_LEFT_GREEN  ; clk          ; clk         ; 0.000        ; 0.045      ; 0.307      ;
; 0.178 ; direction_sm:u_north|state.SM1_LEFT_GREEN ; direction_sm:u_north|state.SM1_LEFT_GREEN ; clk          ; clk         ; 0.000        ; 0.045      ; 0.307      ;
; 0.178 ; direction_sm:u_north|state.SM2_PED_SOLID  ; direction_sm:u_north|state.SM2_PED_SOLID  ; clk          ; clk         ; 0.000        ; 0.045      ; 0.307      ;
; 0.178 ; sm0_coordinator:u_sm0|state.S_NS_ACTIVE   ; sm0_coordinator:u_sm0|state.S_NS_ACTIVE   ; clk          ; clk         ; 0.000        ; 0.045      ; 0.307      ;
; 0.186 ; direction_sm:u_west|state.SM3_WAIT_OPP    ; direction_sm:u_west|state.SM3_WAIT_OPP    ; clk          ; clk         ; 0.000        ; 0.037      ; 0.307      ;
; 0.186 ; sm0_coordinator:u_sm0|ew_enable           ; sm0_coordinator:u_sm0|ew_enable           ; clk          ; clk         ; 0.000        ; 0.037      ; 0.307      ;
; 0.186 ; sm0_coordinator:u_sm0|state.S_EW_SWITCH   ; sm0_coordinator:u_sm0|state.S_EW_SWITCH   ; clk          ; clk         ; 0.000        ; 0.037      ; 0.307      ;
; 0.186 ; request_decoder:u_req|req_s_ped           ; request_decoder:u_req|req_s_ped           ; clk          ; clk         ; 0.000        ; 0.037      ; 0.307      ;
; 0.186 ; request_decoder:u_req|req_w_ped           ; request_decoder:u_req|req_w_ped           ; clk          ; clk         ; 0.000        ; 0.037      ; 0.307      ;
; 0.186 ; request_decoder:u_req|req_s_left          ; request_decoder:u_req|req_s_left          ; clk          ; clk         ; 0.000        ; 0.037      ; 0.307      ;
; 0.186 ; request_decoder:u_req|sub_tick            ; request_decoder:u_req|sub_tick            ; clk          ; clk         ; 0.000        ; 0.037      ; 0.307      ;
; 0.187 ; request_decoder:u_req|req_e_ped           ; request_decoder:u_req|req_e_ped           ; clk          ; clk         ; 0.000        ; 0.036      ; 0.307      ;
; 0.187 ; direction_sm:u_west|lt_done               ; direction_sm:u_west|lt_done               ; clk          ; clk         ; 0.000        ; 0.036      ; 0.307      ;
; 0.187 ; direction_sm:u_west|ped_active            ; direction_sm:u_west|ped_active            ; clk          ; clk         ; 0.000        ; 0.036      ; 0.307      ;
; 0.187 ; direction_sm:u_west|state.SM2_PED_SOLID   ; direction_sm:u_west|state.SM2_PED_SOLID   ; clk          ; clk         ; 0.000        ; 0.036      ; 0.307      ;
; 0.187 ; request_decoder:u_req|req_w_left          ; request_decoder:u_req|req_w_left          ; clk          ; clk         ; 0.000        ; 0.036      ; 0.307      ;
; 0.187 ; direction_sm:u_west|state.IDLE            ; direction_sm:u_west|state.IDLE            ; clk          ; clk         ; 0.000        ; 0.036      ; 0.307      ;
; 0.187 ; direction_sm:u_west|sm_idle               ; direction_sm:u_west|sm_idle               ; clk          ; clk         ; 0.000        ; 0.036      ; 0.307      ;
; 0.187 ; direction_sm:u_east|lt_done               ; direction_sm:u_east|lt_done               ; clk          ; clk         ; 0.000        ; 0.036      ; 0.307      ;
; 0.187 ; direction_sm:u_east|dur[0]                ; direction_sm:u_east|dur[0]                ; clk          ; clk         ; 0.000        ; 0.036      ; 0.307      ;
; 0.187 ; direction_sm:u_east|ped_active            ; direction_sm:u_east|ped_active            ; clk          ; clk         ; 0.000        ; 0.036      ; 0.307      ;
; 0.187 ; direction_sm:u_east|state.SM2_PED_SOLID   ; direction_sm:u_east|state.SM2_PED_SOLID   ; clk          ; clk         ; 0.000        ; 0.036      ; 0.307      ;
; 0.187 ; direction_sm:u_east|state.SM1_LEFT_GREEN  ; direction_sm:u_east|state.SM1_LEFT_GREEN  ; clk          ; clk         ; 0.000        ; 0.036      ; 0.307      ;
; 0.187 ; request_decoder:u_req|req_e_left          ; request_decoder:u_req|req_e_left          ; clk          ; clk         ; 0.000        ; 0.036      ; 0.307      ;
; 0.187 ; direction_sm:u_east|max_hit               ; direction_sm:u_east|max_hit               ; clk          ; clk         ; 0.000        ; 0.036      ; 0.307      ;
; 0.187 ; request_decoder:u_req|req_w_stra          ; request_decoder:u_req|req_w_stra          ; clk          ; clk         ; 0.000        ; 0.036      ; 0.307      ;
; 0.187 ; request_decoder:u_req|req_e_stra          ; request_decoder:u_req|req_e_stra          ; clk          ; clk         ; 0.000        ; 0.036      ; 0.307      ;
; 0.187 ; seg_state:u_seg|dig_sel[1]                ; seg_state:u_seg|dig_sel[1]                ; clk          ; clk         ; 0.000        ; 0.036      ; 0.307      ;
; 0.187 ; seg_state:u_seg|dig_sel[0]                ; seg_state:u_seg|dig_sel[0]                ; clk          ; clk         ; 0.000        ; 0.036      ; 0.307      ;
; 0.187 ; direction_sm:u_north|sm_idle              ; direction_sm:u_north|sm_idle              ; clk          ; clk         ; 0.000        ; 0.036      ; 0.307      ;
; 0.187 ; direction_sm:u_north|dur[0]               ; direction_sm:u_north|dur[0]               ; clk          ; clk         ; 0.000        ; 0.036      ; 0.307      ;
; 0.187 ; direction_sm:u_south|lt_done              ; direction_sm:u_south|lt_done              ; clk          ; clk         ; 0.000        ; 0.036      ; 0.307      ;
; 0.187 ; direction_sm:u_south|dur[0]               ; direction_sm:u_south|dur[0]               ; clk          ; clk         ; 0.000        ; 0.036      ; 0.307      ;
; 0.187 ; direction_sm:u_south|state.SM2_PED_SOLID  ; direction_sm:u_south|state.SM2_PED_SOLID  ; clk          ; clk         ; 0.000        ; 0.036      ; 0.307      ;
; 0.187 ; direction_sm:u_east|sm_idle               ; direction_sm:u_east|sm_idle               ; clk          ; clk         ; 0.000        ; 0.036      ; 0.307      ;
; 0.187 ; direction_sm:u_south|sm_idle              ; direction_sm:u_south|sm_idle              ; clk          ; clk         ; 0.000        ; 0.036      ; 0.307      ;
; 0.187 ; direction_sm:u_south|ped_active           ; direction_sm:u_south|ped_active           ; clk          ; clk         ; 0.000        ; 0.036      ; 0.307      ;
; 0.187 ; direction_sm:u_south|state.SM1_LEFT_GREEN ; direction_sm:u_south|state.SM1_LEFT_GREEN ; clk          ; clk         ; 0.000        ; 0.036      ; 0.307      ;
; 0.187 ; direction_sm:u_north|ped_active           ; direction_sm:u_north|ped_active           ; clk          ; clk         ; 0.000        ; 0.036      ; 0.307      ;
; 0.187 ; direction_sm:u_north|lt_done              ; direction_sm:u_north|lt_done              ; clk          ; clk         ; 0.000        ; 0.036      ; 0.307      ;
; 0.187 ; request_decoder:u_req|req_n_stra          ; request_decoder:u_req|req_n_stra          ; clk          ; clk         ; 0.000        ; 0.036      ; 0.307      ;
; 0.187 ; request_decoder:u_req|req_n_ped           ; request_decoder:u_req|req_n_ped           ; clk          ; clk         ; 0.000        ; 0.036      ; 0.307      ;
; 0.187 ; request_decoder:u_req|req_n_left          ; request_decoder:u_req|req_n_left          ; clk          ; clk         ; 0.000        ; 0.036      ; 0.307      ;
; 0.188 ; request_decoder:u_req|req_s_stra          ; request_decoder:u_req|req_s_stra          ; clk          ; clk         ; 0.000        ; 0.035      ; 0.307      ;
; 0.193 ; dip_controller:u_dip|sync0[1]             ; dip_controller:u_dip|sync1[1]             ; clk          ; clk         ; 0.000        ; 0.037      ; 0.314      ;
; 0.194 ; config_regs:u_cfg|shadow[9][2]            ; config_regs:u_cfg|ped_flash[2]            ; clk          ; clk         ; 0.000        ; 0.036      ; 0.314      ;
; 0.194 ; config_regs:u_cfg|shadow[9][0]            ; config_regs:u_cfg|ped_flash[0]            ; clk          ; clk         ; 0.000        ; 0.036      ; 0.314      ;
; 0.194 ; dip_controller:u_dip|sync0[2]             ; dip_controller:u_dip|sync1[2]             ; clk          ; clk         ; 0.000        ; 0.037      ; 0.315      ;
; 0.194 ; dip_controller:u_dip|sync0[0]             ; dip_controller:u_dip|sync1[0]             ; clk          ; clk         ; 0.000        ; 0.037      ; 0.315      ;
; 0.195 ; config_regs:u_cfg|shadow[9][7]            ; config_regs:u_cfg|ped_flash[7]            ; clk          ; clk         ; 0.000        ; 0.036      ; 0.315      ;
; 0.195 ; config_regs:u_cfg|shadow[9][1]            ; config_regs:u_cfg|ped_flash[1]            ; clk          ; clk         ; 0.000        ; 0.036      ; 0.315      ;
; 0.196 ; config_regs:u_cfg|shadow[9][6]            ; config_regs:u_cfg|ped_flash[6]            ; clk          ; clk         ; 0.000        ; 0.036      ; 0.316      ;
; 0.197 ; dip_controller:u_dip|deb_cnt[19]          ; dip_controller:u_dip|deb_cnt[19]          ; clk          ; clk         ; 0.000        ; 0.037      ; 0.318      ;
; 0.200 ; dip_controller:u_dip|sync1[3]             ; dip_controller:u_dip|dip_cand[3]          ; clk          ; clk         ; 0.000        ; 0.037      ; 0.321      ;
; 0.209 ; request_decoder:u_req|cnt_e_ped[6]        ; request_decoder:u_req|cnt_e_ped[6]        ; clk          ; clk         ; 0.000        ; 0.036      ; 0.329      ;
; 0.209 ; request_decoder:u_req|cnt_w_stra[6]       ; request_decoder:u_req|cnt_w_stra[6]       ; clk          ; clk         ; 0.000        ; 0.036      ; 0.329      ;
; 0.224 ; request_decoder:u_req|cnt_w_left[6]       ; request_decoder:u_req|cnt_w_left[6]       ; clk          ; clk         ; 0.000        ; 0.036      ; 0.344      ;
; 0.267 ; config_regs:u_cfg|shadow[9][4]            ; config_regs:u_cfg|ped_flash[4]            ; clk          ; clk         ; 0.000        ; 0.036      ; 0.387      ;
; 0.267 ; config_regs:u_cfg|shadow[9][3]            ; config_regs:u_cfg|ped_flash[3]            ; clk          ; clk         ; 0.000        ; 0.036      ; 0.387      ;
; 0.268 ; dip_controller:u_dip|sync0[3]             ; dip_controller:u_dip|sync1[3]             ; clk          ; clk         ; 0.000        ; 0.037      ; 0.389      ;
; 0.270 ; dip_controller:u_dip|sync1[0]             ; dip_controller:u_dip|dip_cand[0]          ; clk          ; clk         ; 0.000        ; 0.037      ; 0.391      ;
; 0.271 ; request_decoder:u_req|cnt_n_ped[6]        ; request_decoder:u_req|cnt_n_ped[6]        ; clk          ; clk         ; 0.000        ; 0.036      ; 0.391      ;
; 0.271 ; dip_controller:u_dip|sync1[1]             ; dip_controller:u_dip|dip_cand[1]          ; clk          ; clk         ; 0.000        ; 0.037      ; 0.392      ;
; 0.272 ; config_regs:u_cfg|shadow[2][2]            ; config_regs:u_cfg|left_max_ns[2]          ; clk          ; clk         ; 0.000        ; 0.035      ; 0.391      ;
; 0.272 ; sm0_coordinator:u_sm0|state.S_EW_SWITCH   ; sm0_coordinator:u_sm0|state.S_HALT        ; clk          ; clk         ; 0.000        ; 0.037      ; 0.393      ;
; 0.273 ; dip_controller:u_dip|sync1[2]             ; dip_controller:u_dip|dip_cand[2]          ; clk          ; clk         ; 0.000        ; 0.037      ; 0.394      ;
; 0.275 ; request_decoder:u_req|cnt_w_ped[6]        ; request_decoder:u_req|cnt_w_ped[6]        ; clk          ; clk         ; 0.000        ; 0.037      ; 0.396      ;
; 0.278 ; direction_sm:u_east|state.SM3_STRA_YELL   ; direction_sm:u_east|state.IDLE            ; clk          ; clk         ; 0.000        ; 0.036      ; 0.398      ;
; 0.278 ; direction_sm:u_north|state.SM3_STRA_GREEN ; direction_sm:u_north|max_hit              ; clk          ; clk         ; 0.000        ; 0.036      ; 0.398      ;
; 0.283 ; direction_sm:u_east|state.SM3_WAIT_OPP    ; direction_sm:u_east|state.SM3_STRA_GREEN  ; clk          ; clk         ; 0.000        ; 0.036      ; 0.403      ;
; 0.289 ; direction_sm:u_south|state.SM3_STRA_GREEN ; direction_sm:u_south|state.SM3_STRA_YELL  ; clk          ; clk         ; 0.000        ; 0.036      ; 0.409      ;
; 0.292 ; direction_sm:u_south|state.SM3_STRA_YELL  ; direction_sm:u_south|state.IDLE           ; clk          ; clk         ; 0.000        ; 0.036      ; 0.412      ;
; 0.292 ; direction_sm:u_north|state.SM3_STRA_GREEN ; direction_sm:u_north|state.SM3_STRA_YELL  ; clk          ; clk         ; 0.000        ; 0.036      ; 0.412      ;
; 0.293 ; dip_controller:u_dip|deb_cnt[1]           ; dip_controller:u_dip|deb_cnt[1]           ; clk          ; clk         ; 0.000        ; 0.037      ; 0.414      ;
; 0.293 ; dip_controller:u_dip|deb_cnt[5]           ; dip_controller:u_dip|deb_cnt[5]           ; clk          ; clk         ; 0.000        ; 0.037      ; 0.414      ;
; 0.294 ; dip_controller:u_dip|deb_cnt[2]           ; dip_controller:u_dip|deb_cnt[2]           ; clk          ; clk         ; 0.000        ; 0.037      ; 0.415      ;
; 0.294 ; dip_controller:u_dip|deb_cnt[3]           ; dip_controller:u_dip|deb_cnt[3]           ; clk          ; clk         ; 0.000        ; 0.037      ; 0.415      ;
; 0.295 ; request_decoder:u_req|cnt_s_ped[1]        ; request_decoder:u_req|cnt_s_ped[1]        ; clk          ; clk         ; 0.000        ; 0.045      ; 0.424      ;
; 0.295 ; dip_controller:u_dip|deb_cnt[4]           ; dip_controller:u_dip|deb_cnt[4]           ; clk          ; clk         ; 0.000        ; 0.037      ; 0.416      ;
; 0.296 ; direction_sm:u_north|state.SM3_WAIT_OPP   ; direction_sm:u_north|state.SM3_STRA_GREEN ; clk          ; clk         ; 0.000        ; 0.036      ; 0.416      ;
; 0.296 ; dip_controller:u_dip|deb_cnt[7]           ; dip_controller:u_dip|deb_cnt[7]           ; clk          ; clk         ; 0.000        ; 0.037      ; 0.417      ;
; 0.296 ; dip_controller:u_dip|deb_cnt[9]           ; dip_controller:u_dip|deb_cnt[9]           ; clk          ; clk         ; 0.000        ; 0.037      ; 0.417      ;
; 0.297 ; dip_controller:u_dip|deb_cnt[10]          ; dip_controller:u_dip|deb_cnt[10]          ; clk          ; clk         ; 0.000        ; 0.037      ; 0.418      ;
; 0.297 ; dip_controller:u_dip|deb_cnt[11]          ; dip_controller:u_dip|deb_cnt[11]          ; clk          ; clk         ; 0.000        ; 0.037      ; 0.418      ;
; 0.297 ; dip_controller:u_dip|deb_cnt[13]          ; dip_controller:u_dip|deb_cnt[13]          ; clk          ; clk         ; 0.000        ; 0.037      ; 0.418      ;
; 0.297 ; dip_controller:u_dip|deb_cnt[15]          ; dip_controller:u_dip|deb_cnt[15]          ; clk          ; clk         ; 0.000        ; 0.037      ; 0.418      ;
; 0.297 ; clk_div:u_clk|cnt_1hz[18]                 ; clk_div:u_clk|cnt_1hz[18]                 ; clk          ; clk         ; 0.000        ; 0.036      ; 0.417      ;
; 0.297 ; clk_div:u_clk|cnt_1hz[10]                 ; clk_div:u_clk|cnt_1hz[10]                 ; clk          ; clk         ; 0.000        ; 0.036      ; 0.417      ;
; 0.298 ; dip_controller:u_dip|deb_cnt[6]           ; dip_controller:u_dip|deb_cnt[6]           ; clk          ; clk         ; 0.000        ; 0.037      ; 0.419      ;
; 0.298 ; dip_controller:u_dip|deb_cnt[8]           ; dip_controller:u_dip|deb_cnt[8]           ; clk          ; clk         ; 0.000        ; 0.037      ; 0.419      ;
; 0.298 ; clk_div:u_clk|cnt_1hz[16]                 ; clk_div:u_clk|cnt_1hz[16]                 ; clk          ; clk         ; 0.000        ; 0.036      ; 0.418      ;
; 0.298 ; clk_div:u_clk|cnt_1hz[11]                 ; clk_div:u_clk|cnt_1hz[11]                 ; clk          ; clk         ; 0.000        ; 0.036      ; 0.418      ;
; 0.298 ; clk_div:u_clk|cnt_1hz[8]                  ; clk_div:u_clk|cnt_1hz[8]                  ; clk          ; clk         ; 0.000        ; 0.036      ; 0.418      ;
; 0.298 ; clk_div:u_clk|cnt_1hz[6]                  ; clk_div:u_clk|cnt_1hz[6]                  ; clk          ; clk         ; 0.000        ; 0.036      ; 0.418      ;
; 0.298 ; clk_div:u_clk|cnt_1hz[4]                  ; clk_div:u_clk|cnt_1hz[4]                  ; clk          ; clk         ; 0.000        ; 0.036      ; 0.418      ;
; 0.298 ; clk_div:u_clk|cnt_1hz[3]                  ; clk_div:u_clk|cnt_1hz[3]                  ; clk          ; clk         ; 0.000        ; 0.036      ; 0.418      ;
; 0.298 ; clk_div:u_clk|cnt_1hz[2]                  ; clk_div:u_clk|cnt_1hz[2]                  ; clk          ; clk         ; 0.000        ; 0.036      ; 0.418      ;
; 0.299 ; dip_controller:u_dip|deb_cnt[12]          ; dip_controller:u_dip|deb_cnt[12]          ; clk          ; clk         ; 0.000        ; 0.037      ; 0.420      ;
; 0.299 ; dip_controller:u_dip|deb_cnt[14]          ; dip_controller:u_dip|deb_cnt[14]          ; clk          ; clk         ; 0.000        ; 0.037      ; 0.420      ;
; 0.299 ; dip_controller:u_dip|deb_cnt[16]          ; dip_controller:u_dip|deb_cnt[16]          ; clk          ; clk         ; 0.000        ; 0.037      ; 0.420      ;
+-------+-------------------------------------------+-------------------------------------------+--------------+-------------+--------------+------------+------------+


----------------------------------------------
; Fast 1200mV 0C Model Metastability Summary ;
----------------------------------------------
Design MTBF is not calculated because the design doesn't meet its timing requirements.



+---------------------------------------------------------------------------------+
; Multicorner Timing Analysis Summary                                             ;
+------------------+-----------+-------+----------+---------+---------------------+
; Clock            ; Setup     ; Hold  ; Recovery ; Removal ; Minimum Pulse Width ;
+------------------+-----------+-------+----------+---------+---------------------+
; Worst-case Slack ; -7.937    ; 0.178 ; N/A      ; N/A     ; -3.000              ;
;  clk             ; -7.937    ; 0.178 ; N/A      ; N/A     ; -3.000              ;
; Design-wide TNS  ; -1593.266 ; 0.0   ; 0.0      ; 0.0     ; -722.708            ;
;  clk             ; -1593.266 ; 0.000 ; N/A      ; N/A     ; -722.708            ;
+------------------+-----------+-------+----------+---------+---------------------+


+---------------------------------------------------------------------------------------------------------------------------------------------------------------------------------------------------------------------------------------------------------------------------------------------------------------------------------------------------------------------------------------------------------------------+
; Board Trace Model Assignments                                                                                                                                                                                                                                                                                                                                                                                       ;
+------------------+--------------+-------------------+-------------------------+-------------------------+---------------+---------------------+----------------+------------------+--------+------------------+------------------------+------------------------+--------------+---------------+-----------------+-------+---------------------+--------------------+---------------+-----------------+-------------+
; Pin              ; I/O Standard ; Near Tline Length ; Near Tline L per Length ; Near Tline C per Length ; Near Series R ; Near Differential R ; Near Pull-up R ; Near Pull-down R ; Near C ; Far Tline Length ; Far Tline L per Length ; Far Tline C per Length ; Far Series R ; Far Pull-up R ; Far Pull-down R ; Far C ; Termination Voltage ; Far Differential R ; EBD File Name ; EBD Signal Name ; EBD Far-end ;
+------------------+--------------+-------------------+-------------------------+-------------------------+---------------+---------------------+----------------+------------------+--------+------------------+------------------------+------------------------+--------------+---------------+-----------------+-------+---------------------+--------------------+---------------+-----------------+-------------+
; SVNSEG_SEG[0]    ; 3.3-V LVTTL  ; 0 in              ; 0 H/in                  ; 0 F/in                  ; short         ; -                   ; open           ; open             ; open   ; 0 in             ; 0 H/in                 ; 0 F/in                 ; short        ; open          ; open            ; open  ; 0 V                 ; -                  ; n/a           ; n/a             ; n/a         ;
; SVNSEG_SEG[1]    ; 3.3-V LVTTL  ; 0 in              ; 0 H/in                  ; 0 F/in                  ; short         ; -                   ; open           ; open             ; open   ; 0 in             ; 0 H/in                 ; 0 F/in                 ; short        ; open          ; open            ; open  ; 0 V                 ; -                  ; n/a           ; n/a             ; n/a         ;
; SVNSEG_SEG[2]    ; 3.3-V LVTTL  ; 0 in              ; 0 H/in                  ; 0 F/in                  ; short         ; -                   ; open           ; open             ; open   ; 0 in             ; 0 H/in                 ; 0 F/in                 ; short        ; open          ; open            ; open  ; 0 V                 ; -                  ; n/a           ; n/a             ; n/a         ;
; SVNSEG_SEG[3]    ; 3.3-V LVTTL  ; 0 in              ; 0 H/in                  ; 0 F/in                  ; short         ; -                   ; open           ; open             ; open   ; 0 in             ; 0 H/in                 ; 0 F/in                 ; short        ; open          ; open            ; open  ; 0 V                 ; -                  ; n/a           ; n/a             ; n/a         ;
; SVNSEG_SEG[4]    ; 3.3-V LVTTL  ; 0 in              ; 0 H/in                  ; 0 F/in                  ; short         ; -                   ; open           ; open             ; open   ; 0 in             ; 0 H/in                 ; 0 F/in                 ; short        ; open          ; open            ; open  ; 0 V                 ; -                  ; n/a           ; n/a             ; n/a         ;
; SVNSEG_SEG[5]    ; 3.3-V LVTTL  ; 0 in              ; 0 H/in                  ; 0 F/in                  ; short         ; -                   ; open           ; open             ; open   ; 0 in             ; 0 H/in                 ; 0 F/in                 ; short        ; open          ; open            ; open  ; 0 V                 ; -                  ; n/a           ; n/a             ; n/a         ;
; SVNSEG_SEG[6]    ; 3.3-V LVTTL  ; 0 in              ; 0 H/in                  ; 0 F/in                  ; short         ; -                   ; open           ; open             ; open   ; 0 in             ; 0 H/in                 ; 0 F/in                 ; short        ; open          ; open            ; open  ; 0 V                 ; -                  ; n/a           ; n/a             ; n/a         ;
; SVNSEG_SEG[7]    ; 3.3-V LVTTL  ; 0 in              ; 0 H/in                  ; 0 F/in                  ; short         ; -                   ; open           ; open             ; open   ; 0 in             ; 0 H/in                 ; 0 F/in                 ; short        ; open          ; open            ; open  ; 0 V                 ; -                  ; n/a           ; n/a             ; n/a         ;
; n_r_left         ; 3.3-V LVTTL  ; 0 in              ; 0 H/in                  ; 0 F/in                  ; short         ; -                   ; open           ; open             ; open   ; 0 in             ; 0 H/in                 ; 0 F/in                 ; short        ; open          ; open            ; open  ; 0 V                 ; -                  ; n/a           ; n/a             ; n/a         ;
; n_y_left         ; 3.3-V LVTTL  ; 0 in              ; 0 H/in                  ; 0 F/in                  ; short         ; -                   ; open           ; open             ; open   ; 0 in             ; 0 H/in                 ; 0 F/in                 ; short        ; open          ; open            ; open  ; 0 V                 ; -                  ; n/a           ; n/a             ; n/a         ;
; n_g_left         ; 3.3-V LVTTL  ; 0 in              ; 0 H/in                  ; 0 F/in                  ; short         ; -                   ; open           ; open             ; open   ; 0 in             ; 0 H/in                 ; 0 F/in                 ; short        ; open          ; open            ; open  ; 0 V                 ; -                  ; n/a           ; n/a             ; n/a         ;
; n_r_ped          ; 2.5 V        ; 0 in              ; 0 H/in                  ; 0 F/in                  ; short         ; -                   ; open           ; open             ; open   ; 0 in             ; 0 H/in                 ; 0 F/in                 ; short        ; open          ; open            ; open  ; 0 V                 ; -                  ; n/a           ; n/a             ; n/a         ;
; n_g_ped          ; 3.3-V LVTTL  ; 0 in              ; 0 H/in                  ; 0 F/in                  ; short         ; -                   ; open           ; open             ; open   ; 0 in             ; 0 H/in                 ; 0 F/in                 ; short        ; open          ; open            ; open  ; 0 V                 ; -                  ; n/a           ; n/a             ; n/a         ;
; n_r_stra         ; 3.3-V LVTTL  ; 0 in              ; 0 H/in                  ; 0 F/in                  ; short         ; -                   ; open           ; open             ; open   ; 0 in             ; 0 H/in                 ; 0 F/in                 ; short        ; open          ; open            ; open  ; 0 V                 ; -                  ; n/a           ; n/a             ; n/a         ;
; n_y_stra         ; 3.3-V LVTTL  ; 0 in              ; 0 H/in                  ; 0 F/in                  ; short         ; -                   ; open           ; open             ; open   ; 0 in             ; 0 H/in                 ; 0 F/in                 ; short        ; open          ; open            ; open  ; 0 V                 ; -                  ; n/a           ; n/a             ; n/a         ;
; n_g_stra         ; 3.3-V LVTTL  ; 0 in              ; 0 H/in                  ; 0 F/in                  ; short         ; -                   ; open           ; open             ; open   ; 0 in             ; 0 H/in                 ; 0 F/in                 ; short        ; open          ; open            ; open  ; 0 V                 ; -                  ; n/a           ; n/a             ; n/a         ;
; s_r_left         ; 3.3-V LVTTL  ; 0 in              ; 0 H/in                  ; 0 F/in                  ; short         ; -                   ; open           ; open             ; open   ; 0 in             ; 0 H/in                 ; 0 F/in                 ; short        ; open          ; open            ; open  ; 0 V                 ; -                  ; n/a           ; n/a             ; n/a         ;
; s_y_left         ; 3.3-V LVTTL  ; 0 in              ; 0 H/in                  ; 0 F/in                  ; short         ; -                   ; open           ; open             ; open   ; 0 in             ; 0 H/in                 ; 0 F/in                 ; short        ; open          ; open            ; open  ; 0 V                 ; -                  ; n/a           ; n/a             ; n/a         ;
; s_g_left         ; 3.3-V LVTTL  ; 0 in              ; 0 H/in                  ; 0 F/in                  ; short         ; -                   ; open           ; open             ; open   ; 0 in             ; 0 H/in                 ; 0 F/in                 ; short        ; open          ; open            ; open  ; 0 V                 ; -                  ; n/a           ; n/a             ; n/a         ;
; s_r_ped          ; 2.5 V        ; 0 in              ; 0 H/in                  ; 0 F/in                  ; short         ; -                   ; open           ; open             ; open   ; 0 in             ; 0 H/in                 ; 0 F/in                 ; short        ; open          ; open            ; open  ; 0 V                 ; -                  ; n/a           ; n/a             ; n/a         ;
; s_g_ped          ; 3.3-V LVTTL  ; 0 in              ; 0 H/in                  ; 0 F/in                  ; short         ; -                   ; open           ; open             ; open   ; 0 in             ; 0 H/in                 ; 0 F/in                 ; short        ; open          ; open            ; open  ; 0 V                 ; -                  ; n/a           ; n/a             ; n/a         ;
; s_r_stra         ; 3.3-V LVTTL  ; 0 in              ; 0 H/in                  ; 0 F/in                  ; short         ; -                   ; open           ; open             ; open   ; 0 in             ; 0 H/in                 ; 0 F/in                 ; short        ; open          ; open            ; open  ; 0 V                 ; -                  ; n/a           ; n/a             ; n/a         ;
; s_y_stra         ; 3.3-V LVTTL  ; 0 in              ; 0 H/in                  ; 0 F/in                  ; short         ; -                   ; open           ; open             ; open   ; 0 in             ; 0 H/in                 ; 0 F/in                 ; short        ; open          ; open            ; open  ; 0 V                 ; -                  ; n/a           ; n/a             ; n/a         ;
; s_g_stra         ; 3.3-V LVTTL  ; 0 in              ; 0 H/in                  ; 0 F/in                  ; short         ; -                   ; open           ; open             ; open   ; 0 in             ; 0 H/in                 ; 0 F/in                 ; short        ; open          ; open            ; open  ; 0 V                 ; -                  ; n/a           ; n/a             ; n/a         ;
; e_r_left         ; 3.3-V LVTTL  ; 0 in              ; 0 H/in                  ; 0 F/in                  ; short         ; -                   ; open           ; open             ; open   ; 0 in             ; 0 H/in                 ; 0 F/in                 ; short        ; open          ; open            ; open  ; 0 V                 ; -                  ; n/a           ; n/a             ; n/a         ;
; e_y_left         ; 3.3-V LVTTL  ; 0 in              ; 0 H/in                  ; 0 F/in                  ; short         ; -                   ; open           ; open             ; open   ; 0 in             ; 0 H/in                 ; 0 F/in                 ; short        ; open          ; open            ; open  ; 0 V                 ; -                  ; n/a           ; n/a             ; n/a         ;
; e_g_left         ; 3.3-V LVTTL  ; 0 in              ; 0 H/in                  ; 0 F/in                  ; short         ; -                   ; open           ; open             ; open   ; 0 in             ; 0 H/in                 ; 0 F/in                 ; short        ; open          ; open            ; open  ; 0 V                 ; -                  ; n/a           ; n/a             ; n/a         ;
; e_r_ped          ; 2.5 V        ; 0 in              ; 0 H/in                  ; 0 F/in                  ; short         ; -                   ; open           ; open             ; open   ; 0 in             ; 0 H/in                 ; 0 F/in                 ; short        ; open          ; open            ; open  ; 0 V                 ; -                  ; n/a           ; n/a             ; n/a         ;
; e_g_ped          ; 3.3-V LVTTL  ; 0 in              ; 0 H/in                  ; 0 F/in                  ; short         ; -                   ; open           ; open             ; open   ; 0 in             ; 0 H/in                 ; 0 F/in                 ; short        ; open          ; open            ; open  ; 0 V                 ; -                  ; n/a           ; n/a             ; n/a         ;
; e_r_stra         ; 3.3-V LVTTL  ; 0 in              ; 0 H/in                  ; 0 F/in                  ; short         ; -                   ; open           ; open             ; open   ; 0 in             ; 0 H/in                 ; 0 F/in                 ; short        ; open          ; open            ; open  ; 0 V                 ; -                  ; n/a           ; n/a             ; n/a         ;
; e_y_stra         ; 3.3-V LVTTL  ; 0 in              ; 0 H/in                  ; 0 F/in                  ; short         ; -                   ; open           ; open             ; open   ; 0 in             ; 0 H/in                 ; 0 F/in                 ; short        ; open          ; open            ; open  ; 0 V                 ; -                  ; n/a           ; n/a             ; n/a         ;
; e_g_stra         ; 3.3-V LVTTL  ; 0 in              ; 0 H/in                  ; 0 F/in                  ; short         ; -                   ; open           ; open             ; open   ; 0 in             ; 0 H/in                 ; 0 F/in                 ; short        ; open          ; open            ; open  ; 0 V                 ; -                  ; n/a           ; n/a             ; n/a         ;
; w_r_left         ; 3.3-V LVTTL  ; 0 in              ; 0 H/in                  ; 0 F/in                  ; short         ; -                   ; open           ; open             ; open   ; 0 in             ; 0 H/in                 ; 0 F/in                 ; short        ; open          ; open            ; open  ; 0 V                 ; -                  ; n/a           ; n/a             ; n/a         ;
; w_y_left         ; 3.3-V LVTTL  ; 0 in              ; 0 H/in                  ; 0 F/in                  ; short         ; -                   ; open           ; open             ; open   ; 0 in             ; 0 H/in                 ; 0 F/in                 ; short        ; open          ; open            ; open  ; 0 V                 ; -                  ; n/a           ; n/a             ; n/a         ;
; w_g_left         ; 3.3-V LVTTL  ; 0 in              ; 0 H/in                  ; 0 F/in                  ; short         ; -                   ; open           ; open             ; open   ; 0 in             ; 0 H/in                 ; 0 F/in                 ; short        ; open          ; open            ; open  ; 0 V                 ; -                  ; n/a           ; n/a             ; n/a         ;
; w_r_ped          ; 2.5 V        ; 0 in              ; 0 H/in                  ; 0 F/in                  ; short         ; -                   ; open           ; open             ; open   ; 0 in             ; 0 H/in                 ; 0 F/in                 ; short        ; open          ; open            ; open  ; 0 V                 ; -                  ; n/a           ; n/a             ; n/a         ;
; w_g_ped          ; 3.3-V LVTTL  ; 0 in              ; 0 H/in                  ; 0 F/in                  ; short         ; -                   ; open           ; open             ; open   ; 0 in             ; 0 H/in                 ; 0 F/in                 ; short        ; open          ; open            ; open  ; 0 V                 ; -                  ; n/a           ; n/a             ; n/a         ;
; w_r_stra         ; 3.3-V LVTTL  ; 0 in              ; 0 H/in                  ; 0 F/in                  ; short         ; -                   ; open           ; open             ; open   ; 0 in             ; 0 H/in                 ; 0 F/in                 ; short        ; open          ; open            ; open  ; 0 V                 ; -                  ; n/a           ; n/a             ; n/a         ;
; w_y_stra         ; 3.3-V LVTTL  ; 0 in              ; 0 H/in                  ; 0 F/in                  ; short         ; -                   ; open           ; open             ; open   ; 0 in             ; 0 H/in                 ; 0 F/in                 ; short        ; open          ; open            ; open  ; 0 V                 ; -                  ; n/a           ; n/a             ; n/a         ;
; w_g_stra         ; 3.3-V LVTTL  ; 0 in              ; 0 H/in                  ; 0 F/in                  ; short         ; -                   ; open           ; open             ; open   ; 0 in             ; 0 H/in                 ; 0 F/in                 ; short        ; open          ; open            ; open  ; 0 V                 ; -                  ; n/a           ; n/a             ; n/a         ;
; system_fault_led ; 3.3-V LVTTL  ; 0 in              ; 0 H/in                  ; 0 F/in                  ; short         ; -                   ; open           ; open             ; open   ; 0 in             ; 0 H/in                 ; 0 F/in                 ; short        ; open          ; open            ; open  ; 0 V                 ; -                  ; n/a           ; n/a             ; n/a         ;
; dig_dip[0]       ; 3.3-V LVTTL  ; 0 in              ; 0 H/in                  ; 0 F/in                  ; short         ; -                   ; open           ; open             ; open   ; 0 in             ; 0 H/in                 ; 0 F/in                 ; short        ; open          ; open            ; open  ; 0 V                 ; -                  ; n/a           ; n/a             ; n/a         ;
; dig_dip[1]       ; 3.3-V LVTTL  ; 0 in              ; 0 H/in                  ; 0 F/in                  ; short         ; -                   ; open           ; open             ; open   ; 0 in             ; 0 H/in                 ; 0 F/in                 ; short        ; open          ; open            ; open  ; 0 V                 ; -                  ; n/a           ; n/a             ; n/a         ;
; dig_dip[2]       ; 3.3-V LVTTL  ; 0 in              ; 0 H/in                  ; 0 F/in                  ; short         ; -                   ; open           ; open             ; open   ; 0 in             ; 0 H/in                 ; 0 F/in                 ; short        ; open          ; open            ; open  ; 0 V                 ; -                  ; n/a           ; n/a             ; n/a         ;
; dig_dip[3]       ; 3.3-V LVTTL  ; 0 in              ; 0 H/in                  ; 0 F/in                  ; short         ; -                   ; open           ; open             ; open   ; 0 in             ; 0 H/in                 ; 0 F/in                 ; short        ; open          ; open            ; open  ; 0 V                 ; -                  ; n/a           ; n/a             ; n/a         ;
; ~ALTERA_DCLK~    ; 3.3-V LVTTL  ; 0 in              ; 0 H/in                  ; 0 F/in                  ; short         ; -                   ; open           ; open             ; open   ; 0 in             ; 0 H/in                 ; 0 F/in                 ; short        ; open          ; open            ; open  ; 0 V                 ; -                  ; n/a           ; n/a             ; n/a         ;
; ~ALTERA_nCEO~    ; 2.5 V        ; 0 in              ; 0 H/in                  ; 0 F/in                  ; short         ; -                   ; open           ; open             ; open   ; 0 in             ; 0 H/in                 ; 0 F/in                 ; short        ; open          ; open            ; open  ; 0 V                 ; -                  ; n/a           ; n/a             ; n/a         ;
+------------------+--------------+-------------------+-------------------------+-------------------------+---------------+---------------------+----------------+------------------+--------+------------------+------------------------+------------------------+--------------+---------------+-----------------+-------+---------------------+--------------------+---------------+-----------------+-------------+


+----------------------------------------------------------------------------+
; Input Transition Times                                                     ;
+-------------------------+--------------+-----------------+-----------------+
; Pin                     ; I/O Standard ; 10-90 Rise Time ; 90-10 Fall Time ;
+-------------------------+--------------+-----------------+-----------------+
; dig_dip[0]              ; 3.3-V LVTTL  ; 2640 ps         ; 2640 ps         ;
; dig_dip[1]              ; 3.3-V LVTTL  ; 2640 ps         ; 2640 ps         ;
; dig_dip[2]              ; 3.3-V LVTTL  ; 2640 ps         ; 2640 ps         ;
; dig_dip[3]              ; 3.3-V LVTTL  ; 2640 ps         ; 2640 ps         ;
; clk                     ; 3.3-V LVTTL  ; 2640 ps         ; 2640 ps         ;
; rst_n                   ; 3.3-V LVTTL  ; 2640 ps         ; 2640 ps         ;
; io_mode                 ; 3.3-V LVTTL  ; 2640 ps         ; 2640 ps         ;
; cfg_data[0]             ; 3.3-V LVTTL  ; 2640 ps         ; 2640 ps         ;
; cfg_addr[3]             ; 3.3-V LVTTL  ; 2640 ps         ; 2640 ps         ;
; cfg_we                  ; 3.3-V LVTTL  ; 2640 ps         ; 2640 ps         ;
; cfg_addr[1]             ; 3.3-V LVTTL  ; 2640 ps         ; 2640 ps         ;
; cfg_addr[2]             ; 3.3-V LVTTL  ; 2640 ps         ; 2640 ps         ;
; cfg_addr[0]             ; 3.3-V LVTTL  ; 2640 ps         ; 2640 ps         ;
; cfg_data[7]             ; 3.3-V LVTTL  ; 2640 ps         ; 2640 ps         ;
; cfg_data[6]             ; 3.3-V LVTTL  ; 2640 ps         ; 2640 ps         ;
; cfg_data[5]             ; 3.3-V LVTTL  ; 2640 ps         ; 2640 ps         ;
; cfg_data[4]             ; 3.3-V LVTTL  ; 2640 ps         ; 2640 ps         ;
; cfg_data[3]             ; 3.3-V LVTTL  ; 2640 ps         ; 2640 ps         ;
; cfg_data[2]             ; 3.3-V LVTTL  ; 2640 ps         ; 2640 ps         ;
; cfg_data[1]             ; 3.3-V LVTTL  ; 2640 ps         ; 2640 ps         ;
; ~ALTERA_ASDO_DATA1~     ; 3.3-V LVTTL  ; 2640 ps         ; 2640 ps         ;
; ~ALTERA_FLASH_nCE_nCSO~ ; 3.3-V LVTTL  ; 2640 ps         ; 2640 ps         ;
; ~ALTERA_DATA0~          ; 3.3-V LVTTL  ; 2640 ps         ; 2640 ps         ;
+-------------------------+--------------+-----------------+-----------------+


+-----------------------------------------------------------------------------------------------------------------------------------------------------------------------------------------------------------------------------------------------------------------------------------------------------------------------------------------------------------------------------------------------------------------------------------------------------------------------------------------------------------------------------------------------------------------------------------------------------------------------------------------------------------------------------------------------+
; Signal Integrity Metrics (Slow 1200mv 0c Model)                                                                                                                                                                                                                                                                                                                                                                                                                                                                                                                                                                                                                                               ;
+------------------+--------------+---------------------+---------------------+------------------------------+------------------------------+---------------------+---------------------+--------------------------------------+--------------------------------------+-----------------------------+-----------------------------+----------------------------+----------------------------+-----------------------------+-----------------------------+--------------------+--------------------+-------------------------------------+-------------------------------------+----------------------------+----------------------------+---------------------------+---------------------------+
; Pin              ; I/O Standard ; Board Delay on Rise ; Board Delay on Fall ; Steady State Voh at FPGA Pin ; Steady State Vol at FPGA Pin ; Voh Max at FPGA Pin ; Vol Min at FPGA Pin ; Ringback Voltage on Rise at FPGA Pin ; Ringback Voltage on Fall at FPGA Pin ; 10-90 Rise Time at FPGA Pin ; 90-10 Fall Time at FPGA Pin ; Monotonic Rise at FPGA Pin ; Monotonic Fall at FPGA Pin ; Steady State Voh at Far-end ; Steady State Vol at Far-end ; Voh Max at Far-end ; Vol Min at Far-end ; Ringback Voltage on Rise at Far-end ; Ringback Voltage on Fall at Far-end ; 10-90 Rise Time at Far-end ; 90-10 Fall Time at Far-end ; Monotonic Rise at Far-end ; Monotonic Fall at Far-end ;
+------------------+--------------+---------------------+---------------------+------------------------------+------------------------------+---------------------+---------------------+--------------------------------------+--------------------------------------+-----------------------------+-----------------------------+----------------------------+----------------------------+-----------------------------+-----------------------------+--------------------+--------------------+-------------------------------------+-------------------------------------+----------------------------+----------------------------+---------------------------+---------------------------+
; SVNSEG_SEG[0]    ; 3.3-V LVTTL  ; 0 s                 ; 0 s                 ; 3.08 V                       ; 8.89e-09 V                   ; 3.12 V              ; -0.11 V             ; 0.153 V                              ; 0.272 V                              ; 6.41e-10 s                  ; 4.57e-10 s                  ; No                         ; Yes                        ; 3.08 V                      ; 8.89e-09 V                  ; 3.12 V             ; -0.11 V            ; 0.153 V                             ; 0.272 V                             ; 6.41e-10 s                 ; 4.57e-10 s                 ; No                        ; Yes                       ;
; SVNSEG_SEG[1]    ; 3.3-V LVTTL  ; 0 s                 ; 0 s                 ; 3.08 V                       ; 8.89e-09 V                   ; 3.12 V              ; -0.11 V             ; 0.153 V                              ; 0.272 V                              ; 6.41e-10 s                  ; 4.57e-10 s                  ; No                         ; Yes                        ; 3.08 V                      ; 8.89e-09 V                  ; 3.12 V             ; -0.11 V            ; 0.153 V                             ; 0.272 V                             ; 6.41e-10 s                 ; 4.57e-10 s                 ; No                        ; Yes                       ;
; SVNSEG_SEG[2]    ; 3.3-V LVTTL  ; 0 s                 ; 0 s                 ; 3.08 V                       ; 8.89e-09 V                   ; 3.12 V              ; -0.11 V             ; 0.153 V                              ; 0.272 V                              ; 6.41e-10 s                  ; 4.57e-10 s                  ; No                         ; Yes                        ; 3.08 V                      ; 8.89e-09 V                  ; 3.12 V             ; -0.11 V            ; 0.153 V                             ; 0.272 V                             ; 6.41e-10 s                 ; 4.57e-10 s                 ; No                        ; Yes                       ;
; SVNSEG_SEG[3]    ; 3.3-V LVTTL  ; 0 s                 ; 0 s                 ; 3.08 V                       ; 8.89e-09 V                   ; 3.12 V              ; -0.11 V             ; 0.153 V                              ; 0.272 V                              ; 6.41e-10 s                  ; 4.57e-10 s                  ; No                         ; Yes                        ; 3.08 V                      ; 8.89e-09 V                  ; 3.12 V             ; -0.11 V            ; 0.153 V                             ; 0.272 V                             ; 6.41e-10 s                 ; 4.57e-10 s                 ; No                        ; Yes                       ;
; SVNSEG_SEG[4]    ; 3.3-V LVTTL  ; 0 s                 ; 0 s                 ; 3.08 V                       ; 8.89e-09 V                   ; 3.12 V              ; -0.11 V             ; 0.153 V                              ; 0.272 V                              ; 6.41e-10 s                  ; 4.57e-10 s                  ; No                         ; Yes                        ; 3.08 V                      ; 8.89e-09 V                  ; 3.12 V             ; -0.11 V            ; 0.153 V                             ; 0.272 V                             ; 6.41e-10 s                 ; 4.57e-10 s                 ; No                        ; Yes                       ;
; SVNSEG_SEG[5]    ; 3.3-V LVTTL  ; 0 s                 ; 0 s                 ; 3.08 V                       ; 8.89e-09 V                   ; 3.12 V              ; -0.11 V             ; 0.153 V                              ; 0.272 V                              ; 6.41e-10 s                  ; 4.57e-10 s                  ; No                         ; Yes                        ; 3.08 V                      ; 8.89e-09 V                  ; 3.12 V             ; -0.11 V            ; 0.153 V                             ; 0.272 V                             ; 6.41e-10 s                 ; 4.57e-10 s                 ; No                        ; Yes                       ;
; SVNSEG_SEG[6]    ; 3.3-V LVTTL  ; 0 s                 ; 0 s                 ; 3.08 V                       ; 8.89e-09 V                   ; 3.12 V              ; -0.11 V             ; 0.153 V                              ; 0.272 V                              ; 6.41e-10 s                  ; 4.57e-10 s                  ; No                         ; Yes                        ; 3.08 V                      ; 8.89e-09 V                  ; 3.12 V             ; -0.11 V            ; 0.153 V                             ; 0.272 V                             ; 6.41e-10 s                 ; 4.57e-10 s                 ; No                        ; Yes                       ;
; SVNSEG_SEG[7]    ; 3.3-V LVTTL  ; 0 s                 ; 0 s                 ; 3.08 V                       ; 8.89e-09 V                   ; 3.12 V              ; -0.11 V             ; 0.153 V                              ; 0.272 V                              ; 6.41e-10 s                  ; 4.57e-10 s                  ; No                         ; Yes                        ; 3.08 V                      ; 8.89e-09 V                  ; 3.12 V             ; -0.11 V            ; 0.153 V                             ; 0.272 V                             ; 6.41e-10 s                 ; 4.57e-10 s                 ; No                        ; Yes                       ;
; n_r_left         ; 3.3-V LVTTL  ; 0 s                 ; 0 s                 ; 3.08 V                       ; 6.38e-09 V                   ; 3.13 V              ; -0.117 V            ; 0.15 V                               ; 0.263 V                              ; 6.31e-10 s                  ; 4.46e-10 s                  ; No                         ; No                         ; 3.08 V                      ; 6.38e-09 V                  ; 3.13 V             ; -0.117 V           ; 0.15 V                              ; 0.263 V                             ; 6.31e-10 s                 ; 4.46e-10 s                 ; No                        ; No                        ;
; n_y_left         ; 3.3-V LVTTL  ; 0 s                 ; 0 s                 ; 3.08 V                       ; 6.38e-09 V                   ; 3.13 V              ; -0.117 V            ; 0.15 V                               ; 0.263 V                              ; 6.31e-10 s                  ; 4.46e-10 s                  ; No                         ; No                         ; 3.08 V                      ; 6.38e-09 V                  ; 3.13 V             ; -0.117 V           ; 0.15 V                              ; 0.263 V                             ; 6.31e-10 s                 ; 4.46e-10 s                 ; No                        ; No                        ;
; n_g_left         ; 3.3-V LVTTL  ; 0 s                 ; 0 s                 ; 3.08 V                       ; 6.38e-09 V                   ; 3.12 V              ; -0.0818 V           ; 0.205 V                              ; 0.244 V                              ; 8.86e-10 s                  ; 6.56e-10 s                  ; No                         ; No                         ; 3.08 V                      ; 6.38e-09 V                  ; 3.12 V             ; -0.0818 V          ; 0.205 V                             ; 0.244 V                             ; 8.86e-10 s                 ; 6.56e-10 s                 ; No                        ; No                        ;
; n_r_ped          ; 2.5 V        ; 0 s                 ; 0 s                 ; 2.32 V                       ; 2.8e-09 V                    ; 2.37 V              ; -0.00373 V          ; 0.104 V                              ; 0.011 V                              ; 4.34e-10 s                  ; 3.82e-10 s                  ; Yes                        ; Yes                        ; 2.32 V                      ; 2.8e-09 V                   ; 2.37 V             ; -0.00373 V         ; 0.104 V                             ; 0.011 V                             ; 4.34e-10 s                 ; 3.82e-10 s                 ; Yes                       ; Yes                       ;
; n_g_ped          ; 3.3-V LVTTL  ; 0 s                 ; 0 s                 ; 3.08 V                       ; 6.38e-09 V                   ; 3.12 V              ; -0.0818 V           ; 0.205 V                              ; 0.244 V                              ; 8.86e-10 s                  ; 6.56e-10 s                  ; No                         ; No                         ; 3.08 V                      ; 6.38e-09 V                  ; 3.12 V             ; -0.0818 V          ; 0.205 V                             ; 0.244 V                             ; 8.86e-10 s                 ; 6.56e-10 s                 ; No                        ; No                        ;
; n_r_stra         ; 3.3-V LVTTL  ; 0 s                 ; 0 s                 ; 3.08 V                       ; 6.38e-09 V                   ; 3.13 V              ; -0.117 V            ; 0.15 V                               ; 0.263 V                              ; 6.31e-10 s                  ; 4.46e-10 s                  ; No                         ; No                         ; 3.08 V                      ; 6.38e-09 V                  ; 3.13 V             ; -0.117 V           ; 0.15 V                              ; 0.263 V                             ; 6.31e-10 s                 ; 4.46e-10 s                 ; No                        ; No                        ;
; n_y_stra         ; 3.3-V LVTTL  ; 0 s                 ; 0 s                 ; 3.08 V                       ; 6.38e-09 V                   ; 3.09 V              ; -0.011 V            ; 0.226 V                              ; 0.296 V                              ; 4.86e-09 s                  ; 3.55e-09 s                  ; Yes                        ; Yes                        ; 3.08 V                      ; 6.38e-09 V                  ; 3.09 V             ; -0.011 V           ; 0.226 V                             ; 0.296 V                             ; 4.86e-09 s                 ; 3.55e-09 s                 ; Yes                       ; Yes                       ;
; n_g_stra         ; 3.3-V LVTTL  ; 0 s                 ; 0 s                 ; 3.08 V                       ; 6.38e-09 V                   ; 3.12 V              ; -0.0818 V           ; 0.205 V                              ; 0.244 V                              ; 8.86e-10 s                  ; 6.56e-10 s                  ; No                         ; No                         ; 3.08 V                      ; 6.38e-09 V                  ; 3.12 V             ; -0.0818 V          ; 0.205 V                             ; 0.244 V                             ; 8.86e-10 s                 ; 6.56e-10 s                 ; No                        ; No                        ;
; s_r_left         ; 3.3-V LVTTL  ; 0 s                 ; 0 s                 ; 3.08 V                       ; 8.89e-09 V                   ; 3.12 V              ; -0.11 V             ; 0.153 V                              ; 0.272 V                              ; 6.41e-10 s                  ; 4.57e-10 s                  ; No                         ; Yes                        ; 3.08 V                      ; 8.89e-09 V                  ; 3.12 V             ; -0.11 V            ; 0.153 V                             ; 0.272 V                             ; 6.41e-10 s                 ; 4.57e-10 s                 ; No                        ; Yes                       ;
; s_y_left         ; 3.3-V LVTTL  ; 0 s                 ; 0 s                 ; 3.08 V                       ; 8.89e-09 V                   ; 3.12 V              ; -0.11 V             ; 0.153 V                              ; 0.272 V                              ; 6.41e-10 s                  ; 4.57e-10 s                  ; No                         ; Yes                        ; 3.08 V                      ; 8.89e-09 V                  ; 3.12 V             ; -0.11 V            ; 0.153 V                             ; 0.272 V                             ; 6.41e-10 s                 ; 4.57e-10 s                 ; No                        ; Yes                       ;
; s_g_left         ; 3.3-V LVTTL  ; 0 s                 ; 0 s                 ; 3.08 V                       ; 8.89e-09 V                   ; 3.12 V              ; -0.11 V             ; 0.153 V                              ; 0.272 V                              ; 6.41e-10 s                  ; 4.57e-10 s                  ; No                         ; Yes                        ; 3.08 V                      ; 8.89e-09 V                  ; 3.12 V             ; -0.11 V            ; 0.153 V                             ; 0.272 V                             ; 6.41e-10 s                 ; 4.57e-10 s                 ; No                        ; Yes                       ;
; s_r_ped          ; 2.5 V        ; 0 s                 ; 0 s                 ; 2.32 V                       ; 2.07e-09 V                   ; 2.38 V              ; -0.0073 V           ; 0.097 V                              ; 0.018 V                              ; 4.24e-10 s                  ; 3.65e-10 s                  ; No                         ; Yes                        ; 2.32 V                      ; 2.07e-09 V                  ; 2.38 V             ; -0.0073 V          ; 0.097 V                             ; 0.018 V                             ; 4.24e-10 s                 ; 3.65e-10 s                 ; No                        ; Yes                       ;
; s_g_ped          ; 3.3-V LVTTL  ; 0 s                 ; 0 s                 ; 3.08 V                       ; 6.38e-09 V                   ; 3.12 V              ; -0.0818 V           ; 0.205 V                              ; 0.244 V                              ; 8.86e-10 s                  ; 6.56e-10 s                  ; No                         ; No                         ; 3.08 V                      ; 6.38e-09 V                  ; 3.12 V             ; -0.0818 V          ; 0.205 V                             ; 0.244 V                             ; 8.86e-10 s                 ; 6.56e-10 s                 ; No                        ; No                        ;
; s_r_stra         ; 3.3-V LVTTL  ; 0 s                 ; 0 s                 ; 3.08 V                       ; 8.89e-09 V                   ; 3.09 V              ; -0.011 V            ; 0.196 V                              ; 0.301 V                              ; 4.93e-09 s                  ; 3.56e-09 s                  ; Yes                        ; Yes                        ; 3.08 V                      ; 8.89e-09 V                  ; 3.09 V             ; -0.011 V           ; 0.196 V                             ; 0.301 V                             ; 4.93e-09 s                 ; 3.56e-09 s                 ; Yes                       ; Yes                       ;
; s_y_stra         ; 3.3-V LVTTL  ; 0 s                 ; 0 s                 ; 3.08 V                       ; 8.89e-09 V                   ; 3.12 V              ; -0.11 V             ; 0.153 V                              ; 0.272 V                              ; 6.41e-10 s                  ; 4.57e-10 s                  ; No                         ; Yes                        ; 3.08 V                      ; 8.89e-09 V                  ; 3.12 V             ; -0.11 V            ; 0.153 V                             ; 0.272 V                             ; 6.41e-10 s                 ; 4.57e-10 s                 ; No                        ; Yes                       ;
; s_g_stra         ; 3.3-V LVTTL  ; 0 s                 ; 0 s                 ; 3.08 V                       ; 8.89e-09 V                   ; 3.12 V              ; -0.11 V             ; 0.153 V                              ; 0.272 V                              ; 6.41e-10 s                  ; 4.57e-10 s                  ; No                         ; Yes                        ; 3.08 V                      ; 8.89e-09 V                  ; 3.12 V             ; -0.11 V            ; 0.153 V                             ; 0.272 V                             ; 6.41e-10 s                 ; 4.57e-10 s                 ; No                        ; Yes                       ;
; e_r_left         ; 3.3-V LVTTL  ; 0 s                 ; 0 s                 ; 3.08 V                       ; 8.89e-09 V                   ; 3.12 V              ; -0.11 V             ; 0.153 V                              ; 0.272 V                              ; 6.41e-10 s                  ; 4.57e-10 s                  ; No                         ; Yes                        ; 3.08 V                      ; 8.89e-09 V                  ; 3.12 V             ; -0.11 V            ; 0.153 V                             ; 0.272 V                             ; 6.41e-10 s                 ; 4.57e-10 s                 ; No                        ; Yes                       ;
; e_y_left         ; 3.3-V LVTTL  ; 0 s                 ; 0 s                 ; 3.08 V                       ; 8.89e-09 V                   ; 3.09 V              ; -0.011 V            ; 0.196 V                              ; 0.301 V                              ; 4.93e-09 s                  ; 3.56e-09 s                  ; Yes                        ; Yes                        ; 3.08 V                      ; 8.89e-09 V                  ; 3.09 V             ; -0.011 V           ; 0.196 V                             ; 0.301 V                             ; 4.93e-09 s                 ; 3.56e-09 s                 ; Yes                       ; Yes                       ;
; e_g_left         ; 3.3-V LVTTL  ; 0 s                 ; 0 s                 ; 3.08 V                       ; 8.89e-09 V                   ; 3.12 V              ; -0.11 V             ; 0.153 V                              ; 0.272 V                              ; 6.41e-10 s                  ; 4.57e-10 s                  ; No                         ; Yes                        ; 3.08 V                      ; 8.89e-09 V                  ; 3.12 V             ; -0.11 V            ; 0.153 V                             ; 0.272 V                             ; 6.41e-10 s                 ; 4.57e-10 s                 ; No                        ; Yes                       ;
; e_r_ped          ; 2.5 V        ; 0 s                 ; 0 s                 ; 2.32 V                       ; 2.8e-09 V                    ; 2.37 V              ; -0.00373 V          ; 0.104 V                              ; 0.011 V                              ; 4.34e-10 s                  ; 3.82e-10 s                  ; Yes                        ; Yes                        ; 2.32 V                      ; 2.8e-09 V                   ; 2.37 V             ; -0.00373 V         ; 0.104 V                             ; 0.011 V                             ; 4.34e-10 s                 ; 3.82e-10 s                 ; Yes                       ; Yes                       ;
; e_g_ped          ; 3.3-V LVTTL  ; 0 s                 ; 0 s                 ; 3.08 V                       ; 6.38e-09 V                   ; 3.12 V              ; -0.0818 V           ; 0.205 V                              ; 0.244 V                              ; 8.86e-10 s                  ; 6.56e-10 s                  ; No                         ; No                         ; 3.08 V                      ; 6.38e-09 V                  ; 3.12 V             ; -0.0818 V          ; 0.205 V                             ; 0.244 V                             ; 8.86e-10 s                 ; 6.56e-10 s                 ; No                        ; No                        ;
; e_r_stra         ; 3.3-V LVTTL  ; 0 s                 ; 0 s                 ; 3.08 V                       ; 8.89e-09 V                   ; 3.12 V              ; -0.11 V             ; 0.153 V                              ; 0.272 V                              ; 6.41e-10 s                  ; 4.57e-10 s                  ; No                         ; Yes                        ; 3.08 V                      ; 8.89e-09 V                  ; 3.12 V             ; -0.11 V            ; 0.153 V                             ; 0.272 V                             ; 6.41e-10 s                 ; 4.57e-10 s                 ; No                        ; Yes                       ;
; e_y_stra         ; 3.3-V LVTTL  ; 0 s                 ; 0 s                 ; 3.08 V                       ; 8.89e-09 V                   ; 3.12 V              ; -0.11 V             ; 0.153 V                              ; 0.272 V                              ; 6.41e-10 s                  ; 4.57e-10 s                  ; No                         ; Yes                        ; 3.08 V                      ; 8.89e-09 V                  ; 3.12 V             ; -0.11 V            ; 0.153 V                             ; 0.272 V                             ; 6.41e-10 s                 ; 4.57e-10 s                 ; No                        ; Yes                       ;
; e_g_stra         ; 3.3-V LVTTL  ; 0 s                 ; 0 s                 ; 3.08 V                       ; 6.38e-09 V                   ; 3.09 V              ; -0.011 V            ; 0.226 V                              ; 0.296 V                              ; 4.86e-09 s                  ; 3.55e-09 s                  ; Yes                        ; Yes                        ; 3.08 V                      ; 6.38e-09 V                  ; 3.09 V             ; -0.011 V           ; 0.226 V                             ; 0.296 V                             ; 4.86e-09 s                 ; 3.55e-09 s                 ; Yes                       ; Yes                       ;
; w_r_left         ; 3.3-V LVTTL  ; 0 s                 ; 0 s                 ; 3.08 V                       ; 6.38e-09 V                   ; 3.13 V              ; -0.117 V            ; 0.15 V                               ; 0.263 V                              ; 6.31e-10 s                  ; 4.46e-10 s                  ; No                         ; No                         ; 3.08 V                      ; 6.38e-09 V                  ; 3.13 V             ; -0.117 V           ; 0.15 V                              ; 0.263 V                             ; 6.31e-10 s                 ; 4.46e-10 s                 ; No                        ; No                        ;
; w_y_left         ; 3.3-V LVTTL  ; 0 s                 ; 0 s                 ; 3.08 V                       ; 8.89e-09 V                   ; 3.12 V              ; -0.11 V             ; 0.153 V                              ; 0.272 V                              ; 6.41e-10 s                  ; 4.57e-10 s                  ; No                         ; Yes                        ; 3.08 V                      ; 8.89e-09 V                  ; 3.12 V             ; -0.11 V            ; 0.153 V                             ; 0.272 V                             ; 6.41e-10 s                 ; 4.57e-10 s                 ; No                        ; Yes                       ;
; w_g_left         ; 3.3-V LVTTL  ; 0 s                 ; 0 s                 ; 3.08 V                       ; 8.89e-09 V                   ; 3.12 V              ; -0.11 V             ; 0.153 V                              ; 0.272 V                              ; 6.41e-10 s                  ; 4.57e-10 s                  ; No                         ; Yes                        ; 3.08 V                      ; 8.89e-09 V                  ; 3.12 V             ; -0.11 V            ; 0.153 V                             ; 0.272 V                             ; 6.41e-10 s                 ; 4.57e-10 s                 ; No                        ; Yes                       ;
; w_r_ped          ; 2.5 V        ; 0 s                 ; 0 s                 ; 2.32 V                       ; 2.07e-09 V                   ; 2.36 V              ; -0.00737 V          ; 0.209 V                              ; 0.012 V                              ; 5.22e-10 s                  ; 5.33e-10 s                  ; Yes                        ; Yes                        ; 2.32 V                      ; 2.07e-09 V                  ; 2.36 V             ; -0.00737 V         ; 0.209 V                             ; 0.012 V                             ; 5.22e-10 s                 ; 5.33e-10 s                 ; Yes                       ; Yes                       ;
; w_g_ped          ; 3.3-V LVTTL  ; 0 s                 ; 0 s                 ; 3.08 V                       ; 6.38e-09 V                   ; 3.12 V              ; -0.0818 V           ; 0.205 V                              ; 0.244 V                              ; 8.86e-10 s                  ; 6.56e-10 s                  ; No                         ; No                         ; 3.08 V                      ; 6.38e-09 V                  ; 3.12 V             ; -0.0818 V          ; 0.205 V                             ; 0.244 V                             ; 8.86e-10 s                 ; 6.56e-10 s                 ; No                        ; No                        ;
; w_r_stra         ; 3.3-V LVTTL  ; 0 s                 ; 0 s                 ; 3.08 V                       ; 8.89e-09 V                   ; 3.12 V              ; -0.11 V             ; 0.153 V                              ; 0.272 V                              ; 6.41e-10 s                  ; 4.57e-10 s                  ; No                         ; Yes                        ; 3.08 V                      ; 8.89e-09 V                  ; 3.12 V             ; -0.11 V            ; 0.153 V                             ; 0.272 V                             ; 6.41e-10 s                 ; 4.57e-10 s                 ; No                        ; Yes                       ;
; w_y_stra         ; 3.3-V LVTTL  ; 0 s                 ; 0 s                 ; 3.08 V                       ; 8.89e-09 V                   ; 3.12 V              ; -0.11 V             ; 0.153 V                              ; 0.272 V                              ; 6.41e-10 s                  ; 4.57e-10 s                  ; No                         ; Yes                        ; 3.08 V                      ; 8.89e-09 V                  ; 3.12 V             ; -0.11 V            ; 0.153 V                             ; 0.272 V                             ; 6.41e-10 s                 ; 4.57e-10 s                 ; No                        ; Yes                       ;
; w_g_stra         ; 3.3-V LVTTL  ; 0 s                 ; 0 s                 ; 3.08 V                       ; 8.89e-09 V                   ; 3.12 V              ; -0.11 V             ; 0.153 V                              ; 0.272 V                              ; 6.41e-10 s                  ; 4.57e-10 s                  ; No                         ; Yes                        ; 3.08 V                      ; 8.89e-09 V                  ; 3.12 V             ; -0.11 V            ; 0.153 V                             ; 0.272 V                             ; 6.41e-10 s                 ; 4.57e-10 s                 ; No                        ; Yes                       ;
; system_fault_led ; 3.3-V LVTTL  ; 0 s                 ; 0 s                 ; 3.08 V                       ; 8.89e-09 V                   ; 3.12 V              ; -0.11 V             ; 0.153 V                              ; 0.272 V                              ; 6.41e-10 s                  ; 4.57e-10 s                  ; No                         ; Yes                        ; 3.08 V                      ; 8.89e-09 V                  ; 3.12 V             ; -0.11 V            ; 0.153 V                             ; 0.272 V                             ; 6.41e-10 s                 ; 4.57e-10 s                 ; No                        ; Yes                       ;
; dig_dip[0]       ; 3.3-V LVTTL  ; 0 s                 ; 0 s                 ; 3.08 V                       ; 8.89e-09 V                   ; 3.12 V              ; -0.11 V             ; 0.153 V                              ; 0.272 V                              ; 6.41e-10 s                  ; 4.57e-10 s                  ; No                         ; Yes                        ; 3.08 V                      ; 8.89e-09 V                  ; 3.12 V             ; -0.11 V            ; 0.153 V                             ; 0.272 V                             ; 6.41e-10 s                 ; 4.57e-10 s                 ; No                        ; Yes                       ;
; dig_dip[1]       ; 3.3-V LVTTL  ; 0 s                 ; 0 s                 ; 3.08 V                       ; 8.89e-09 V                   ; 3.12 V              ; -0.11 V             ; 0.153 V                              ; 0.272 V                              ; 6.41e-10 s                  ; 4.57e-10 s                  ; No                         ; Yes                        ; 3.08 V                      ; 8.89e-09 V                  ; 3.12 V             ; -0.11 V            ; 0.153 V                             ; 0.272 V                             ; 6.41e-10 s                 ; 4.57e-10 s                 ; No                        ; Yes                       ;
; dig_dip[2]       ; 3.3-V LVTTL  ; 0 s                 ; 0 s                 ; 3.08 V                       ; 8.89e-09 V                   ; 3.09 V              ; -0.011 V            ; 0.196 V                              ; 0.301 V                              ; 4.93e-09 s                  ; 3.56e-09 s                  ; Yes                        ; Yes                        ; 3.08 V                      ; 8.89e-09 V                  ; 3.09 V             ; -0.011 V           ; 0.196 V                             ; 0.301 V                             ; 4.93e-09 s                 ; 3.56e-09 s                 ; Yes                       ; Yes                       ;
; dig_dip[3]       ; 3.3-V LVTTL  ; 0 s                 ; 0 s                 ; 3.08 V                       ; 8.89e-09 V                   ; 3.12 V              ; -0.11 V             ; 0.153 V                              ; 0.272 V                              ; 6.41e-10 s                  ; 4.57e-10 s                  ; No                         ; Yes                        ; 3.08 V                      ; 8.89e-09 V                  ; 3.12 V             ; -0.11 V            ; 0.153 V                             ; 0.272 V                             ; 6.41e-10 s                 ; 4.57e-10 s                 ; No                        ; Yes                       ;
; ~ALTERA_DCLK~    ; 3.3-V LVTTL  ; 0 s                 ; 0 s                 ; 3.08 V                       ; 3.51e-09 V                   ; 3.18 V              ; -0.157 V            ; 0.147 V                              ; 0.259 V                              ; 2.81e-10 s                  ; 2.53e-10 s                  ; Yes                        ; Yes                        ; 3.08 V                      ; 3.51e-09 V                  ; 3.18 V             ; -0.157 V           ; 0.147 V                             ; 0.259 V                             ; 2.81e-10 s                 ; 2.53e-10 s                 ; Yes                       ; Yes                       ;
; ~ALTERA_nCEO~    ; 2.5 V        ; 0 s                 ; 0 s                 ; 2.32 V                       ; 2.57e-09 V                   ; 2.37 V              ; -0.00683 V          ; 0.171 V                              ; 0.018 V                              ; 4.97e-10 s                  ; 6.66e-10 s                  ; Yes                        ; Yes                        ; 2.32 V                      ; 2.57e-09 V                  ; 2.37 V             ; -0.00683 V         ; 0.171 V                             ; 0.018 V                             ; 4.97e-10 s                 ; 6.66e-10 s                 ; Yes                       ; Yes                       ;
+------------------+--------------+---------------------+---------------------+------------------------------+------------------------------+---------------------+---------------------+--------------------------------------+--------------------------------------+-----------------------------+-----------------------------+----------------------------+----------------------------+-----------------------------+-----------------------------+--------------------+--------------------+-------------------------------------+-------------------------------------+----------------------------+----------------------------+---------------------------+---------------------------+


+-----------------------------------------------------------------------------------------------------------------------------------------------------------------------------------------------------------------------------------------------------------------------------------------------------------------------------------------------------------------------------------------------------------------------------------------------------------------------------------------------------------------------------------------------------------------------------------------------------------------------------------------------------------------------------------------------+
; Signal Integrity Metrics (Slow 1200mv 85c Model)                                                                                                                                                                                                                                                                                                                                                                                                                                                                                                                                                                                                                                              ;
+------------------+--------------+---------------------+---------------------+------------------------------+------------------------------+---------------------+---------------------+--------------------------------------+--------------------------------------+-----------------------------+-----------------------------+----------------------------+----------------------------+-----------------------------+-----------------------------+--------------------+--------------------+-------------------------------------+-------------------------------------+----------------------------+----------------------------+---------------------------+---------------------------+
; Pin              ; I/O Standard ; Board Delay on Rise ; Board Delay on Fall ; Steady State Voh at FPGA Pin ; Steady State Vol at FPGA Pin ; Voh Max at FPGA Pin ; Vol Min at FPGA Pin ; Ringback Voltage on Rise at FPGA Pin ; Ringback Voltage on Fall at FPGA Pin ; 10-90 Rise Time at FPGA Pin ; 90-10 Fall Time at FPGA Pin ; Monotonic Rise at FPGA Pin ; Monotonic Fall at FPGA Pin ; Steady State Voh at Far-end ; Steady State Vol at Far-end ; Voh Max at Far-end ; Vol Min at Far-end ; Ringback Voltage on Rise at Far-end ; Ringback Voltage on Fall at Far-end ; 10-90 Rise Time at Far-end ; 90-10 Fall Time at Far-end ; Monotonic Rise at Far-end ; Monotonic Fall at Far-end ;
+------------------+--------------+---------------------+---------------------+------------------------------+------------------------------+---------------------+---------------------+--------------------------------------+--------------------------------------+-----------------------------+-----------------------------+----------------------------+----------------------------+-----------------------------+-----------------------------+--------------------+--------------------+-------------------------------------+-------------------------------------+----------------------------+----------------------------+---------------------------+---------------------------+
; SVNSEG_SEG[0]    ; 3.3-V LVTTL  ; 0 s                 ; 0 s                 ; 3.08 V                       ; 7.5e-07 V                    ; 3.11 V              ; -0.0503 V           ; 0.122 V                              ; 0.172 V                              ; 7.08e-10 s                  ; 6.43e-10 s                  ; Yes                        ; Yes                        ; 3.08 V                      ; 7.5e-07 V                   ; 3.11 V             ; -0.0503 V          ; 0.122 V                             ; 0.172 V                             ; 7.08e-10 s                 ; 6.43e-10 s                 ; Yes                       ; Yes                       ;
; SVNSEG_SEG[1]    ; 3.3-V LVTTL  ; 0 s                 ; 0 s                 ; 3.08 V                       ; 7.5e-07 V                    ; 3.11 V              ; -0.0503 V           ; 0.122 V                              ; 0.172 V                              ; 7.08e-10 s                  ; 6.43e-10 s                  ; Yes                        ; Yes                        ; 3.08 V                      ; 7.5e-07 V                   ; 3.11 V             ; -0.0503 V          ; 0.122 V                             ; 0.172 V                             ; 7.08e-10 s                 ; 6.43e-10 s                 ; Yes                       ; Yes                       ;
; SVNSEG_SEG[2]    ; 3.3-V LVTTL  ; 0 s                 ; 0 s                 ; 3.08 V                       ; 7.5e-07 V                    ; 3.11 V              ; -0.0503 V           ; 0.122 V                              ; 0.172 V                              ; 7.08e-10 s                  ; 6.43e-10 s                  ; Yes                        ; Yes                        ; 3.08 V                      ; 7.5e-07 V                   ; 3.11 V             ; -0.0503 V          ; 0.122 V                             ; 0.172 V                             ; 7.08e-10 s                 ; 6.43e-10 s                 ; Yes                       ; Yes                       ;
; SVNSEG_SEG[3]    ; 3.3-V LVTTL  ; 0 s                 ; 0 s                 ; 3.08 V                       ; 7.5e-07 V                    ; 3.11 V              ; -0.0503 V           ; 0.122 V                              ; 0.172 V                              ; 7.08e-10 s                  ; 6.43e-10 s                  ; Yes                        ; Yes                        ; 3.08 V                      ; 7.5e-07 V                   ; 3.11 V             ; -0.0503 V          ; 0.122 V                             ; 0.172 V                             ; 7.08e-10 s                 ; 6.43e-10 s                 ; Yes                       ; Yes                       ;
; SVNSEG_SEG[4]    ; 3.3-V LVTTL  ; 0 s                 ; 0 s                 ; 3.08 V                       ; 7.5e-07 V                    ; 3.11 V              ; -0.0503 V           ; 0.122 V                              ; 0.172 V                              ; 7.08e-10 s                  ; 6.43e-10 s                  ; Yes                        ; Yes                        ; 3.08 V                      ; 7.5e-07 V                   ; 3.11 V             ; -0.0503 V          ; 0.122 V                             ; 0.172 V                             ; 7.08e-10 s                 ; 6.43e-10 s                 ; Yes                       ; Yes                       ;
; SVNSEG_SEG[5]    ; 3.3-V LVTTL  ; 0 s                 ; 0 s                 ; 3.08 V                       ; 7.5e-07 V                    ; 3.11 V              ; -0.0503 V           ; 0.122 V                              ; 0.172 V                              ; 7.08e-10 s                  ; 6.43e-10 s                  ; Yes                        ; Yes                        ; 3.08 V                      ; 7.5e-07 V                   ; 3.11 V             ; -0.0503 V          ; 0.122 V                             ; 0.172 V                             ; 7.08e-10 s                 ; 6.43e-10 s                 ; Yes                       ; Yes                       ;
; SVNSEG_SEG[6]    ; 3.3-V LVTTL  ; 0 s                 ; 0 s                 ; 3.08 V                       ; 7.5e-07 V                    ; 3.11 V              ; -0.0503 V           ; 0.122 V                              ; 0.172 V                              ; 7.08e-10 s                  ; 6.43e-10 s                  ; Yes                        ; Yes                        ; 3.08 V                      ; 7.5e-07 V                   ; 3.11 V             ; -0.0503 V          ; 0.122 V                             ; 0.172 V                             ; 7.08e-10 s                 ; 6.43e-10 s                 ; Yes                       ; Yes                       ;
; SVNSEG_SEG[7]    ; 3.3-V LVTTL  ; 0 s                 ; 0 s                 ; 3.08 V                       ; 7.5e-07 V                    ; 3.11 V              ; -0.0503 V           ; 0.122 V                              ; 0.172 V                              ; 7.08e-10 s                  ; 6.43e-10 s                  ; Yes                        ; Yes                        ; 3.08 V                      ; 7.5e-07 V                   ; 3.11 V             ; -0.0503 V          ; 0.122 V                             ; 0.172 V                             ; 7.08e-10 s                 ; 6.43e-10 s                 ; Yes                       ; Yes                       ;
; n_r_left         ; 3.3-V LVTTL  ; 0 s                 ; 0 s                 ; 3.08 V                       ; 5.04e-07 V                   ; 3.11 V              ; -0.0624 V           ; 0.233 V                              ; 0.172 V                              ; 6.86e-10 s                  ; 6.33e-10 s                  ; Yes                        ; No                         ; 3.08 V                      ; 5.04e-07 V                  ; 3.11 V             ; -0.0624 V          ; 0.233 V                             ; 0.172 V                             ; 6.86e-10 s                 ; 6.33e-10 s                 ; Yes                       ; No                        ;
; n_y_left         ; 3.3-V LVTTL  ; 0 s                 ; 0 s                 ; 3.08 V                       ; 5.04e-07 V                   ; 3.11 V              ; -0.0624 V           ; 0.233 V                              ; 0.172 V                              ; 6.86e-10 s                  ; 6.33e-10 s                  ; Yes                        ; No                         ; 3.08 V                      ; 5.04e-07 V                  ; 3.11 V             ; -0.0624 V          ; 0.233 V                             ; 0.172 V                             ; 6.86e-10 s                 ; 6.33e-10 s                 ; Yes                       ; No                        ;
; n_g_left         ; 3.3-V LVTTL  ; 0 s                 ; 0 s                 ; 3.08 V                       ; 5.04e-07 V                   ; 3.11 V              ; -0.0469 V           ; 0.191 V                              ; 0.215 V                              ; 1.08e-09 s                  ; 8.62e-10 s                  ; Yes                        ; No                         ; 3.08 V                      ; 5.04e-07 V                  ; 3.11 V             ; -0.0469 V          ; 0.191 V                             ; 0.215 V                             ; 1.08e-09 s                 ; 8.62e-10 s                 ; Yes                       ; No                        ;
; n_r_ped          ; 2.5 V        ; 0 s                 ; 0 s                 ; 2.32 V                       ; 2.85e-07 V                   ; 2.35 V              ; -0.0123 V           ; 0.144 V                              ; 0.042 V                              ; 4.81e-10 s                  ; 4.81e-10 s                  ; Yes                        ; Yes                        ; 2.32 V                      ; 2.85e-07 V                  ; 2.35 V             ; -0.0123 V          ; 0.144 V                             ; 0.042 V                             ; 4.81e-10 s                 ; 4.81e-10 s                 ; Yes                       ; Yes                       ;
; n_g_ped          ; 3.3-V LVTTL  ; 0 s                 ; 0 s                 ; 3.08 V                       ; 5.04e-07 V                   ; 3.11 V              ; -0.0469 V           ; 0.191 V                              ; 0.215 V                              ; 1.08e-09 s                  ; 8.62e-10 s                  ; Yes                        ; No                         ; 3.08 V                      ; 5.04e-07 V                  ; 3.11 V             ; -0.0469 V          ; 0.191 V                             ; 0.215 V                             ; 1.08e-09 s                 ; 8.62e-10 s                 ; Yes                       ; No                        ;
; n_r_stra         ; 3.3-V LVTTL  ; 0 s                 ; 0 s                 ; 3.08 V                       ; 5.04e-07 V                   ; 3.11 V              ; -0.0624 V           ; 0.233 V                              ; 0.172 V                              ; 6.86e-10 s                  ; 6.33e-10 s                  ; Yes                        ; No                         ; 3.08 V                      ; 5.04e-07 V                  ; 3.11 V             ; -0.0624 V          ; 0.233 V                             ; 0.172 V                             ; 6.86e-10 s                 ; 6.33e-10 s                 ; Yes                       ; No                        ;
; n_y_stra         ; 3.3-V LVTTL  ; 0 s                 ; 0 s                 ; 3.08 V                       ; 5.04e-07 V                   ; 3.08 V              ; -0.0053 V           ; 0.206 V                              ; 0.247 V                              ; 5.77e-09 s                  ; 4.45e-09 s                  ; Yes                        ; Yes                        ; 3.08 V                      ; 5.04e-07 V                  ; 3.08 V             ; -0.0053 V          ; 0.206 V                             ; 0.247 V                             ; 5.77e-09 s                 ; 4.45e-09 s                 ; Yes                       ; Yes                       ;
; n_g_stra         ; 3.3-V LVTTL  ; 0 s                 ; 0 s                 ; 3.08 V                       ; 5.04e-07 V                   ; 3.11 V              ; -0.0469 V           ; 0.191 V                              ; 0.215 V                              ; 1.08e-09 s                  ; 8.62e-10 s                  ; Yes                        ; No                         ; 3.08 V                      ; 5.04e-07 V                  ; 3.11 V             ; -0.0469 V          ; 0.191 V                             ; 0.215 V                             ; 1.08e-09 s                 ; 8.62e-10 s                 ; Yes                       ; No                        ;
; s_r_left         ; 3.3-V LVTTL  ; 0 s                 ; 0 s                 ; 3.08 V                       ; 7.5e-07 V                    ; 3.11 V              ; -0.0503 V           ; 0.122 V                              ; 0.172 V                              ; 7.08e-10 s                  ; 6.43e-10 s                  ; Yes                        ; Yes                        ; 3.08 V                      ; 7.5e-07 V                   ; 3.11 V             ; -0.0503 V          ; 0.122 V                             ; 0.172 V                             ; 7.08e-10 s                 ; 6.43e-10 s                 ; Yes                       ; Yes                       ;
; s_y_left         ; 3.3-V LVTTL  ; 0 s                 ; 0 s                 ; 3.08 V                       ; 7.5e-07 V                    ; 3.11 V              ; -0.0503 V           ; 0.122 V                              ; 0.172 V                              ; 7.08e-10 s                  ; 6.43e-10 s                  ; Yes                        ; Yes                        ; 3.08 V                      ; 7.5e-07 V                   ; 3.11 V             ; -0.0503 V          ; 0.122 V                             ; 0.172 V                             ; 7.08e-10 s                 ; 6.43e-10 s                 ; Yes                       ; Yes                       ;
; s_g_left         ; 3.3-V LVTTL  ; 0 s                 ; 0 s                 ; 3.08 V                       ; 7.5e-07 V                    ; 3.11 V              ; -0.0503 V           ; 0.122 V                              ; 0.172 V                              ; 7.08e-10 s                  ; 6.43e-10 s                  ; Yes                        ; Yes                        ; 3.08 V                      ; 7.5e-07 V                   ; 3.11 V             ; -0.0503 V          ; 0.122 V                             ; 0.172 V                             ; 7.08e-10 s                 ; 6.43e-10 s                 ; Yes                       ; Yes                       ;
; s_r_ped          ; 2.5 V        ; 0 s                 ; 0 s                 ; 2.32 V                       ; 1.93e-07 V                   ; 2.35 V              ; -0.00834 V          ; 0.127 V                              ; 0.035 V                              ; 4.7e-10 s                   ; 4.64e-10 s                  ; Yes                        ; Yes                        ; 2.32 V                      ; 1.93e-07 V                  ; 2.35 V             ; -0.00834 V         ; 0.127 V                             ; 0.035 V                             ; 4.7e-10 s                  ; 4.64e-10 s                 ; Yes                       ; Yes                       ;
; s_g_ped          ; 3.3-V LVTTL  ; 0 s                 ; 0 s                 ; 3.08 V                       ; 5.04e-07 V                   ; 3.11 V              ; -0.0469 V           ; 0.191 V                              ; 0.215 V                              ; 1.08e-09 s                  ; 8.62e-10 s                  ; Yes                        ; No                         ; 3.08 V                      ; 5.04e-07 V                  ; 3.11 V             ; -0.0469 V          ; 0.191 V                             ; 0.215 V                             ; 1.08e-09 s                 ; 8.62e-10 s                 ; Yes                       ; No                        ;
; s_r_stra         ; 3.3-V LVTTL  ; 0 s                 ; 0 s                 ; 3.08 V                       ; 7.5e-07 V                    ; 3.08 V              ; -0.00457 V          ; 0.185 V                              ; 0.21 V                               ; 5.8e-09 s                   ; 4.46e-09 s                  ; Yes                        ; Yes                        ; 3.08 V                      ; 7.5e-07 V                   ; 3.08 V             ; -0.00457 V         ; 0.185 V                             ; 0.21 V                              ; 5.8e-09 s                  ; 4.46e-09 s                 ; Yes                       ; Yes                       ;
; s_y_stra         ; 3.3-V LVTTL  ; 0 s                 ; 0 s                 ; 3.08 V                       ; 7.5e-07 V                    ; 3.11 V              ; -0.0503 V           ; 0.122 V                              ; 0.172 V                              ; 7.08e-10 s                  ; 6.43e-10 s                  ; Yes                        ; Yes                        ; 3.08 V                      ; 7.5e-07 V                   ; 3.11 V             ; -0.0503 V          ; 0.122 V                             ; 0.172 V                             ; 7.08e-10 s                 ; 6.43e-10 s                 ; Yes                       ; Yes                       ;
; s_g_stra         ; 3.3-V LVTTL  ; 0 s                 ; 0 s                 ; 3.08 V                       ; 7.5e-07 V                    ; 3.11 V              ; -0.0503 V           ; 0.122 V                              ; 0.172 V                              ; 7.08e-10 s                  ; 6.43e-10 s                  ; Yes                        ; Yes                        ; 3.08 V                      ; 7.5e-07 V                   ; 3.11 V             ; -0.0503 V          ; 0.122 V                             ; 0.172 V                             ; 7.08e-10 s                 ; 6.43e-10 s                 ; Yes                       ; Yes                       ;
; e_r_left         ; 3.3-V LVTTL  ; 0 s                 ; 0 s                 ; 3.08 V                       ; 7.5e-07 V                    ; 3.11 V              ; -0.0503 V           ; 0.122 V                              ; 0.172 V                              ; 7.08e-10 s                  ; 6.43e-10 s                  ; Yes                        ; Yes                        ; 3.08 V                      ; 7.5e-07 V                   ; 3.11 V             ; -0.0503 V          ; 0.122 V                             ; 0.172 V                             ; 7.08e-10 s                 ; 6.43e-10 s                 ; Yes                       ; Yes                       ;
; e_y_left         ; 3.3-V LVTTL  ; 0 s                 ; 0 s                 ; 3.08 V                       ; 7.5e-07 V                    ; 3.08 V              ; -0.00457 V          ; 0.185 V                              ; 0.21 V                               ; 5.8e-09 s                   ; 4.46e-09 s                  ; Yes                        ; Yes                        ; 3.08 V                      ; 7.5e-07 V                   ; 3.08 V             ; -0.00457 V         ; 0.185 V                             ; 0.21 V                              ; 5.8e-09 s                  ; 4.46e-09 s                 ; Yes                       ; Yes                       ;
; e_g_left         ; 3.3-V LVTTL  ; 0 s                 ; 0 s                 ; 3.08 V                       ; 7.5e-07 V                    ; 3.11 V              ; -0.0503 V           ; 0.122 V                              ; 0.172 V                              ; 7.08e-10 s                  ; 6.43e-10 s                  ; Yes                        ; Yes                        ; 3.08 V                      ; 7.5e-07 V                   ; 3.11 V             ; -0.0503 V          ; 0.122 V                             ; 0.172 V                             ; 7.08e-10 s                 ; 6.43e-10 s                 ; Yes                       ; Yes                       ;
; e_r_ped          ; 2.5 V        ; 0 s                 ; 0 s                 ; 2.32 V                       ; 2.85e-07 V                   ; 2.35 V              ; -0.0123 V           ; 0.144 V                              ; 0.042 V                              ; 4.81e-10 s                  ; 4.81e-10 s                  ; Yes                        ; Yes                        ; 2.32 V                      ; 2.85e-07 V                  ; 2.35 V             ; -0.0123 V          ; 0.144 V                             ; 0.042 V                             ; 4.81e-10 s                 ; 4.81e-10 s                 ; Yes                       ; Yes                       ;
; e_g_ped          ; 3.3-V LVTTL  ; 0 s                 ; 0 s                 ; 3.08 V                       ; 5.04e-07 V                   ; 3.11 V              ; -0.0469 V           ; 0.191 V                              ; 0.215 V                              ; 1.08e-09 s                  ; 8.62e-10 s                  ; Yes                        ; No                         ; 3.08 V                      ; 5.04e-07 V                  ; 3.11 V             ; -0.0469 V          ; 0.191 V                             ; 0.215 V                             ; 1.08e-09 s                 ; 8.62e-10 s                 ; Yes                       ; No                        ;
; e_r_stra         ; 3.3-V LVTTL  ; 0 s                 ; 0 s                 ; 3.08 V                       ; 7.5e-07 V                    ; 3.11 V              ; -0.0503 V           ; 0.122 V                              ; 0.172 V                              ; 7.08e-10 s                  ; 6.43e-10 s                  ; Yes                        ; Yes                        ; 3.08 V                      ; 7.5e-07 V                   ; 3.11 V             ; -0.0503 V          ; 0.122 V                             ; 0.172 V                             ; 7.08e-10 s                 ; 6.43e-10 s                 ; Yes                       ; Yes                       ;
; e_y_stra         ; 3.3-V LVTTL  ; 0 s                 ; 0 s                 ; 3.08 V                       ; 7.5e-07 V                    ; 3.11 V              ; -0.0503 V           ; 0.122 V                              ; 0.172 V                              ; 7.08e-10 s                  ; 6.43e-10 s                  ; Yes                        ; Yes                        ; 3.08 V                      ; 7.5e-07 V                   ; 3.11 V             ; -0.0503 V          ; 0.122 V                             ; 0.172 V                             ; 7.08e-10 s                 ; 6.43e-10 s                 ; Yes                       ; Yes                       ;
; e_g_stra         ; 3.3-V LVTTL  ; 0 s                 ; 0 s                 ; 3.08 V                       ; 5.04e-07 V                   ; 3.08 V              ; -0.0053 V           ; 0.206 V                              ; 0.247 V                              ; 5.77e-09 s                  ; 4.45e-09 s                  ; Yes                        ; Yes                        ; 3.08 V                      ; 5.04e-07 V                  ; 3.08 V             ; -0.0053 V          ; 0.206 V                             ; 0.247 V                             ; 5.77e-09 s                 ; 4.45e-09 s                 ; Yes                       ; Yes                       ;
; w_r_left         ; 3.3-V LVTTL  ; 0 s                 ; 0 s                 ; 3.08 V                       ; 5.04e-07 V                   ; 3.11 V              ; -0.0624 V           ; 0.233 V                              ; 0.172 V                              ; 6.86e-10 s                  ; 6.33e-10 s                  ; Yes                        ; No                         ; 3.08 V                      ; 5.04e-07 V                  ; 3.11 V             ; -0.0624 V          ; 0.233 V                             ; 0.172 V                             ; 6.86e-10 s                 ; 6.33e-10 s                 ; Yes                       ; No                        ;
; w_y_left         ; 3.3-V LVTTL  ; 0 s                 ; 0 s                 ; 3.08 V                       ; 7.5e-07 V                    ; 3.11 V              ; -0.0503 V           ; 0.122 V                              ; 0.172 V                              ; 7.08e-10 s                  ; 6.43e-10 s                  ; Yes                        ; Yes                        ; 3.08 V                      ; 7.5e-07 V                   ; 3.11 V             ; -0.0503 V          ; 0.122 V                             ; 0.172 V                             ; 7.08e-10 s                 ; 6.43e-10 s                 ; Yes                       ; Yes                       ;
; w_g_left         ; 3.3-V LVTTL  ; 0 s                 ; 0 s                 ; 3.08 V                       ; 7.5e-07 V                    ; 3.11 V              ; -0.0503 V           ; 0.122 V                              ; 0.172 V                              ; 7.08e-10 s                  ; 6.43e-10 s                  ; Yes                        ; Yes                        ; 3.08 V                      ; 7.5e-07 V                   ; 3.11 V             ; -0.0503 V          ; 0.122 V                             ; 0.172 V                             ; 7.08e-10 s                 ; 6.43e-10 s                 ; Yes                       ; Yes                       ;
; w_r_ped          ; 2.5 V        ; 0 s                 ; 0 s                 ; 2.32 V                       ; 1.93e-07 V                   ; 2.34 V              ; -0.00869 V          ; 0.14 V                               ; 0.046 V                              ; 6.89e-10 s                  ; 6.56e-10 s                  ; Yes                        ; Yes                        ; 2.32 V                      ; 1.93e-07 V                  ; 2.34 V             ; -0.00869 V         ; 0.14 V                              ; 0.046 V                             ; 6.89e-10 s                 ; 6.56e-10 s                 ; Yes                       ; Yes                       ;
; w_g_ped          ; 3.3-V LVTTL  ; 0 s                 ; 0 s                 ; 3.08 V                       ; 5.04e-07 V                   ; 3.11 V              ; -0.0469 V           ; 0.191 V                              ; 0.215 V                              ; 1.08e-09 s                  ; 8.62e-10 s                  ; Yes                        ; No                         ; 3.08 V                      ; 5.04e-07 V                  ; 3.11 V             ; -0.0469 V          ; 0.191 V                             ; 0.215 V                             ; 1.08e-09 s                 ; 8.62e-10 s                 ; Yes                       ; No                        ;
; w_r_stra         ; 3.3-V LVTTL  ; 0 s                 ; 0 s                 ; 3.08 V                       ; 7.5e-07 V                    ; 3.11 V              ; -0.0503 V           ; 0.122 V                              ; 0.172 V                              ; 7.08e-10 s                  ; 6.43e-10 s                  ; Yes                        ; Yes                        ; 3.08 V                      ; 7.5e-07 V                   ; 3.11 V             ; -0.0503 V          ; 0.122 V                             ; 0.172 V                             ; 7.08e-10 s                 ; 6.43e-10 s                 ; Yes                       ; Yes                       ;
; w_y_stra         ; 3.3-V LVTTL  ; 0 s                 ; 0 s                 ; 3.08 V                       ; 7.5e-07 V                    ; 3.11 V              ; -0.0503 V           ; 0.122 V                              ; 0.172 V                              ; 7.08e-10 s                  ; 6.43e-10 s                  ; Yes                        ; Yes                        ; 3.08 V                      ; 7.5e-07 V                   ; 3.11 V             ; -0.0503 V          ; 0.122 V                             ; 0.172 V                             ; 7.08e-10 s                 ; 6.43e-10 s                 ; Yes                       ; Yes                       ;
; w_g_stra         ; 3.3-V LVTTL  ; 0 s                 ; 0 s                 ; 3.08 V                       ; 7.5e-07 V                    ; 3.11 V              ; -0.0503 V           ; 0.122 V                              ; 0.172 V                              ; 7.08e-10 s                  ; 6.43e-10 s                  ; Yes                        ; Yes                        ; 3.08 V                      ; 7.5e-07 V                   ; 3.11 V             ; -0.0503 V          ; 0.122 V                             ; 0.172 V                             ; 7.08e-10 s                 ; 6.43e-10 s                 ; Yes                       ; Yes                       ;
; system_fault_led ; 3.3-V LVTTL  ; 0 s                 ; 0 s                 ; 3.08 V                       ; 7.5e-07 V                    ; 3.11 V              ; -0.0503 V           ; 0.122 V                              ; 0.172 V                              ; 7.08e-10 s                  ; 6.43e-10 s                  ; Yes                        ; Yes                        ; 3.08 V                      ; 7.5e-07 V                   ; 3.11 V             ; -0.0503 V          ; 0.122 V                             ; 0.172 V                             ; 7.08e-10 s                 ; 6.43e-10 s                 ; Yes                       ; Yes                       ;
; dig_dip[0]       ; 3.3-V LVTTL  ; 0 s                 ; 0 s                 ; 3.08 V                       ; 7.5e-07 V                    ; 3.11 V              ; -0.0503 V           ; 0.122 V                              ; 0.172 V                              ; 7.08e-10 s                  ; 6.43e-10 s                  ; Yes                        ; Yes                        ; 3.08 V                      ; 7.5e-07 V                   ; 3.11 V             ; -0.0503 V          ; 0.122 V                             ; 0.172 V                             ; 7.08e-10 s                 ; 6.43e-10 s                 ; Yes                       ; Yes                       ;
; dig_dip[1]       ; 3.3-V LVTTL  ; 0 s                 ; 0 s                 ; 3.08 V                       ; 7.5e-07 V                    ; 3.11 V              ; -0.0503 V           ; 0.122 V                              ; 0.172 V                              ; 7.08e-10 s                  ; 6.43e-10 s                  ; Yes                        ; Yes                        ; 3.08 V                      ; 7.5e-07 V                   ; 3.11 V             ; -0.0503 V          ; 0.122 V                             ; 0.172 V                             ; 7.08e-10 s                 ; 6.43e-10 s                 ; Yes                       ; Yes                       ;
; dig_dip[2]       ; 3.3-V LVTTL  ; 0 s                 ; 0 s                 ; 3.08 V                       ; 7.5e-07 V                    ; 3.08 V              ; -0.00457 V          ; 0.185 V                              ; 0.21 V                               ; 5.8e-09 s                   ; 4.46e-09 s                  ; Yes                        ; Yes                        ; 3.08 V                      ; 7.5e-07 V                   ; 3.08 V             ; -0.00457 V         ; 0.185 V                             ; 0.21 V                              ; 5.8e-09 s                  ; 4.46e-09 s                 ; Yes                       ; Yes                       ;
; dig_dip[3]       ; 3.3-V LVTTL  ; 0 s                 ; 0 s                 ; 3.08 V                       ; 7.5e-07 V                    ; 3.11 V              ; -0.0503 V           ; 0.122 V                              ; 0.172 V                              ; 7.08e-10 s                  ; 6.43e-10 s                  ; Yes                        ; Yes                        ; 3.08 V                      ; 7.5e-07 V                   ; 3.11 V             ; -0.0503 V          ; 0.122 V                             ; 0.172 V                             ; 7.08e-10 s                 ; 6.43e-10 s                 ; Yes                       ; Yes                       ;
; ~ALTERA_DCLK~    ; 3.3-V LVTTL  ; 0 s                 ; 0 s                 ; 3.08 V                       ; 2.6e-07 V                    ; 3.13 V              ; -0.103 V            ; 0.165 V                              ; 0.134 V                              ; 3.14e-10 s                  ; 4.05e-10 s                  ; Yes                        ; No                         ; 3.08 V                      ; 2.6e-07 V                   ; 3.13 V             ; -0.103 V           ; 0.165 V                             ; 0.134 V                             ; 3.14e-10 s                 ; 4.05e-10 s                 ; Yes                       ; No                        ;
; ~ALTERA_nCEO~    ; 2.5 V        ; 0 s                 ; 0 s                 ; 2.32 V                       ; 2.54e-07 V                   ; 2.34 V              ; -0.00774 V          ; 0.109 V                              ; 0.026 V                              ; 6.58e-10 s                  ; 8.24e-10 s                  ; Yes                        ; Yes                        ; 2.32 V                      ; 2.54e-07 V                  ; 2.34 V             ; -0.00774 V         ; 0.109 V                             ; 0.026 V                             ; 6.58e-10 s                 ; 8.24e-10 s                 ; Yes                       ; Yes                       ;
+------------------+--------------+---------------------+---------------------+------------------------------+------------------------------+---------------------+---------------------+--------------------------------------+--------------------------------------+-----------------------------+-----------------------------+----------------------------+----------------------------+-----------------------------+-----------------------------+--------------------+--------------------+-------------------------------------+-------------------------------------+----------------------------+----------------------------+---------------------------+---------------------------+


+-----------------------------------------------------------------------------------------------------------------------------------------------------------------------------------------------------------------------------------------------------------------------------------------------------------------------------------------------------------------------------------------------------------------------------------------------------------------------------------------------------------------------------------------------------------------------------------------------------------------------------------------------------------------------------------------------+
; Signal Integrity Metrics (Fast 1200mv 0c Model)                                                                                                                                                                                                                                                                                                                                                                                                                                                                                                                                                                                                                                               ;
+------------------+--------------+---------------------+---------------------+------------------------------+------------------------------+---------------------+---------------------+--------------------------------------+--------------------------------------+-----------------------------+-----------------------------+----------------------------+----------------------------+-----------------------------+-----------------------------+--------------------+--------------------+-------------------------------------+-------------------------------------+----------------------------+----------------------------+---------------------------+---------------------------+
; Pin              ; I/O Standard ; Board Delay on Rise ; Board Delay on Fall ; Steady State Voh at FPGA Pin ; Steady State Vol at FPGA Pin ; Voh Max at FPGA Pin ; Vol Min at FPGA Pin ; Ringback Voltage on Rise at FPGA Pin ; Ringback Voltage on Fall at FPGA Pin ; 10-90 Rise Time at FPGA Pin ; 90-10 Fall Time at FPGA Pin ; Monotonic Rise at FPGA Pin ; Monotonic Fall at FPGA Pin ; Steady State Voh at Far-end ; Steady State Vol at Far-end ; Voh Max at Far-end ; Vol Min at Far-end ; Ringback Voltage on Rise at Far-end ; Ringback Voltage on Fall at Far-end ; 10-90 Rise Time at Far-end ; 90-10 Fall Time at Far-end ; Monotonic Rise at Far-end ; Monotonic Fall at Far-end ;
+------------------+--------------+---------------------+---------------------+------------------------------+------------------------------+---------------------+---------------------+--------------------------------------+--------------------------------------+-----------------------------+-----------------------------+----------------------------+----------------------------+-----------------------------+-----------------------------+--------------------+--------------------+-------------------------------------+-------------------------------------+----------------------------+----------------------------+---------------------------+---------------------------+
; SVNSEG_SEG[0]    ; 3.3-V LVTTL  ; 0 s                 ; 0 s                 ; 3.46 V                       ; 1.85e-07 V                   ; 3.57 V              ; -0.141 V            ; 0.301 V                              ; 0.239 V                              ; 4.61e-10 s                  ; 4.2e-10 s                   ; No                         ; No                         ; 3.46 V                      ; 1.85e-07 V                  ; 3.57 V             ; -0.141 V           ; 0.301 V                             ; 0.239 V                             ; 4.61e-10 s                 ; 4.2e-10 s                  ; No                        ; No                        ;
; SVNSEG_SEG[1]    ; 3.3-V LVTTL  ; 0 s                 ; 0 s                 ; 3.46 V                       ; 1.85e-07 V                   ; 3.57 V              ; -0.141 V            ; 0.301 V                              ; 0.239 V                              ; 4.61e-10 s                  ; 4.2e-10 s                   ; No                         ; No                         ; 3.46 V                      ; 1.85e-07 V                  ; 3.57 V             ; -0.141 V           ; 0.301 V                             ; 0.239 V                             ; 4.61e-10 s                 ; 4.2e-10 s                  ; No                        ; No                        ;
; SVNSEG_SEG[2]    ; 3.3-V LVTTL  ; 0 s                 ; 0 s                 ; 3.46 V                       ; 1.85e-07 V                   ; 3.57 V              ; -0.141 V            ; 0.301 V                              ; 0.239 V                              ; 4.61e-10 s                  ; 4.2e-10 s                   ; No                         ; No                         ; 3.46 V                      ; 1.85e-07 V                  ; 3.57 V             ; -0.141 V           ; 0.301 V                             ; 0.239 V                             ; 4.61e-10 s                 ; 4.2e-10 s                  ; No                        ; No                        ;
; SVNSEG_SEG[3]    ; 3.3-V LVTTL  ; 0 s                 ; 0 s                 ; 3.46 V                       ; 1.85e-07 V                   ; 3.57 V              ; -0.141 V            ; 0.301 V                              ; 0.239 V                              ; 4.61e-10 s                  ; 4.2e-10 s                   ; No                         ; No                         ; 3.46 V                      ; 1.85e-07 V                  ; 3.57 V             ; -0.141 V           ; 0.301 V                             ; 0.239 V                             ; 4.61e-10 s                 ; 4.2e-10 s                  ; No                        ; No                        ;
; SVNSEG_SEG[4]    ; 3.3-V LVTTL  ; 0 s                 ; 0 s                 ; 3.46 V                       ; 1.85e-07 V                   ; 3.57 V              ; -0.141 V            ; 0.301 V                              ; 0.239 V                              ; 4.61e-10 s                  ; 4.2e-10 s                   ; No                         ; No                         ; 3.46 V                      ; 1.85e-07 V                  ; 3.57 V             ; -0.141 V           ; 0.301 V                             ; 0.239 V                             ; 4.61e-10 s                 ; 4.2e-10 s                  ; No                        ; No                        ;
; SVNSEG_SEG[5]    ; 3.3-V LVTTL  ; 0 s                 ; 0 s                 ; 3.46 V                       ; 1.85e-07 V                   ; 3.57 V              ; -0.141 V            ; 0.301 V                              ; 0.239 V                              ; 4.61e-10 s                  ; 4.2e-10 s                   ; No                         ; No                         ; 3.46 V                      ; 1.85e-07 V                  ; 3.57 V             ; -0.141 V           ; 0.301 V                             ; 0.239 V                             ; 4.61e-10 s                 ; 4.2e-10 s                  ; No                        ; No                        ;
; SVNSEG_SEG[6]    ; 3.3-V LVTTL  ; 0 s                 ; 0 s                 ; 3.46 V                       ; 1.85e-07 V                   ; 3.57 V              ; -0.141 V            ; 0.301 V                              ; 0.239 V                              ; 4.61e-10 s                  ; 4.2e-10 s                   ; No                         ; No                         ; 3.46 V                      ; 1.85e-07 V                  ; 3.57 V             ; -0.141 V           ; 0.301 V                             ; 0.239 V                             ; 4.61e-10 s                 ; 4.2e-10 s                  ; No                        ; No                        ;
; SVNSEG_SEG[7]    ; 3.3-V LVTTL  ; 0 s                 ; 0 s                 ; 3.46 V                       ; 1.85e-07 V                   ; 3.57 V              ; -0.141 V            ; 0.301 V                              ; 0.239 V                              ; 4.61e-10 s                  ; 4.2e-10 s                   ; No                         ; No                         ; 3.46 V                      ; 1.85e-07 V                  ; 3.57 V             ; -0.141 V           ; 0.301 V                             ; 0.239 V                             ; 4.61e-10 s                 ; 4.2e-10 s                  ; No                        ; No                        ;
; n_r_left         ; 3.3-V LVTTL  ; 0 s                 ; 0 s                 ; 3.46 V                       ; 1.25e-07 V                   ; 3.6 V               ; -0.127 V            ; 0.302 V                              ; 0.21 V                               ; 4.55e-10 s                  ; 4.11e-10 s                  ; No                         ; No                         ; 3.46 V                      ; 1.25e-07 V                  ; 3.6 V              ; -0.127 V           ; 0.302 V                             ; 0.21 V                              ; 4.55e-10 s                 ; 4.11e-10 s                 ; No                        ; No                        ;
; n_y_left         ; 3.3-V LVTTL  ; 0 s                 ; 0 s                 ; 3.46 V                       ; 1.25e-07 V                   ; 3.6 V               ; -0.127 V            ; 0.302 V                              ; 0.21 V                               ; 4.55e-10 s                  ; 4.11e-10 s                  ; No                         ; No                         ; 3.46 V                      ; 1.25e-07 V                  ; 3.6 V              ; -0.127 V           ; 0.302 V                             ; 0.21 V                              ; 4.55e-10 s                 ; 4.11e-10 s                 ; No                        ; No                        ;
; n_g_left         ; 3.3-V LVTTL  ; 0 s                 ; 0 s                 ; 3.46 V                       ; 1.25e-07 V                   ; 3.57 V              ; -0.0855 V           ; 0.315 V                              ; 0.175 V                              ; 6.79e-10 s                  ; 6.15e-10 s                  ; No                         ; No                         ; 3.46 V                      ; 1.25e-07 V                  ; 3.57 V             ; -0.0855 V          ; 0.315 V                             ; 0.175 V                             ; 6.79e-10 s                 ; 6.15e-10 s                 ; No                        ; No                        ;
; n_r_ped          ; 2.5 V        ; 0 s                 ; 0 s                 ; 2.62 V                       ; 4.05e-08 V                   ; 2.72 V              ; -0.0349 V           ; 0.173 V                              ; 0.1 V                                ; 2.72e-10 s                  ; 2.69e-10 s                  ; Yes                        ; Yes                        ; 2.62 V                      ; 4.05e-08 V                  ; 2.72 V             ; -0.0349 V          ; 0.173 V                             ; 0.1 V                               ; 2.72e-10 s                 ; 2.69e-10 s                 ; Yes                       ; Yes                       ;
; n_g_ped          ; 3.3-V LVTTL  ; 0 s                 ; 0 s                 ; 3.46 V                       ; 1.25e-07 V                   ; 3.57 V              ; -0.0855 V           ; 0.315 V                              ; 0.175 V                              ; 6.79e-10 s                  ; 6.15e-10 s                  ; No                         ; No                         ; 3.46 V                      ; 1.25e-07 V                  ; 3.57 V             ; -0.0855 V          ; 0.315 V                             ; 0.175 V                             ; 6.79e-10 s                 ; 6.15e-10 s                 ; No                        ; No                        ;
; n_r_stra         ; 3.3-V LVTTL  ; 0 s                 ; 0 s                 ; 3.46 V                       ; 1.25e-07 V                   ; 3.6 V               ; -0.127 V            ; 0.302 V                              ; 0.21 V                               ; 4.55e-10 s                  ; 4.11e-10 s                  ; No                         ; No                         ; 3.46 V                      ; 1.25e-07 V                  ; 3.6 V              ; -0.127 V           ; 0.302 V                             ; 0.21 V                              ; 4.55e-10 s                 ; 4.11e-10 s                 ; No                        ; No                        ;
; n_y_stra         ; 3.3-V LVTTL  ; 0 s                 ; 0 s                 ; 3.46 V                       ; 1.25e-07 V                   ; 3.48 V              ; -0.0162 V           ; 0.354 V                              ; 0.317 V                              ; 3.88e-09 s                  ; 3.06e-09 s                  ; No                         ; No                         ; 3.46 V                      ; 1.25e-07 V                  ; 3.48 V             ; -0.0162 V          ; 0.354 V                             ; 0.317 V                             ; 3.88e-09 s                 ; 3.06e-09 s                 ; No                        ; No                        ;
; n_g_stra         ; 3.3-V LVTTL  ; 0 s                 ; 0 s                 ; 3.46 V                       ; 1.25e-07 V                   ; 3.57 V              ; -0.0855 V           ; 0.315 V                              ; 0.175 V                              ; 6.79e-10 s                  ; 6.15e-10 s                  ; No                         ; No                         ; 3.46 V                      ; 1.25e-07 V                  ; 3.57 V             ; -0.0855 V          ; 0.315 V                             ; 0.175 V                             ; 6.79e-10 s                 ; 6.15e-10 s                 ; No                        ; No                        ;
; s_r_left         ; 3.3-V LVTTL  ; 0 s                 ; 0 s                 ; 3.46 V                       ; 1.85e-07 V                   ; 3.57 V              ; -0.141 V            ; 0.301 V                              ; 0.239 V                              ; 4.61e-10 s                  ; 4.2e-10 s                   ; No                         ; No                         ; 3.46 V                      ; 1.85e-07 V                  ; 3.57 V             ; -0.141 V           ; 0.301 V                             ; 0.239 V                             ; 4.61e-10 s                 ; 4.2e-10 s                  ; No                        ; No                        ;
; s_y_left         ; 3.3-V LVTTL  ; 0 s                 ; 0 s                 ; 3.46 V                       ; 1.85e-07 V                   ; 3.57 V              ; -0.141 V            ; 0.301 V                              ; 0.239 V                              ; 4.61e-10 s                  ; 4.2e-10 s                   ; No                         ; No                         ; 3.46 V                      ; 1.85e-07 V                  ; 3.57 V             ; -0.141 V           ; 0.301 V                             ; 0.239 V                             ; 4.61e-10 s                 ; 4.2e-10 s                  ; No                        ; No                        ;
; s_g_left         ; 3.3-V LVTTL  ; 0 s                 ; 0 s                 ; 3.46 V                       ; 1.85e-07 V                   ; 3.57 V              ; -0.141 V            ; 0.301 V                              ; 0.239 V                              ; 4.61e-10 s                  ; 4.2e-10 s                   ; No                         ; No                         ; 3.46 V                      ; 1.85e-07 V                  ; 3.57 V             ; -0.141 V           ; 0.301 V                             ; 0.239 V                             ; 4.61e-10 s                 ; 4.2e-10 s                  ; No                        ; No                        ;
; s_r_ped          ; 2.5 V        ; 0 s                 ; 0 s                 ; 2.62 V                       ; 2.74e-08 V                   ; 2.73 V              ; -0.0384 V           ; 0.169 V                              ; 0.089 V                              ; 2.7e-10 s                   ; 2.62e-10 s                  ; Yes                        ; Yes                        ; 2.62 V                      ; 2.74e-08 V                  ; 2.73 V             ; -0.0384 V          ; 0.169 V                             ; 0.089 V                             ; 2.7e-10 s                  ; 2.62e-10 s                 ; Yes                       ; Yes                       ;
; s_g_ped          ; 3.3-V LVTTL  ; 0 s                 ; 0 s                 ; 3.46 V                       ; 1.25e-07 V                   ; 3.57 V              ; -0.0855 V           ; 0.315 V                              ; 0.175 V                              ; 6.79e-10 s                  ; 6.15e-10 s                  ; No                         ; No                         ; 3.46 V                      ; 1.25e-07 V                  ; 3.57 V             ; -0.0855 V          ; 0.315 V                             ; 0.175 V                             ; 6.79e-10 s                 ; 6.15e-10 s                 ; No                        ; No                        ;
; s_r_stra         ; 3.3-V LVTTL  ; 0 s                 ; 0 s                 ; 3.46 V                       ; 1.85e-07 V                   ; 3.48 V              ; -0.0173 V           ; 0.356 V                              ; 0.324 V                              ; 3.89e-09 s                  ; 3.06e-09 s                  ; No                         ; No                         ; 3.46 V                      ; 1.85e-07 V                  ; 3.48 V             ; -0.0173 V          ; 0.356 V                             ; 0.324 V                             ; 3.89e-09 s                 ; 3.06e-09 s                 ; No                        ; No                        ;
; s_y_stra         ; 3.3-V LVTTL  ; 0 s                 ; 0 s                 ; 3.46 V                       ; 1.85e-07 V                   ; 3.57 V              ; -0.141 V            ; 0.301 V                              ; 0.239 V                              ; 4.61e-10 s                  ; 4.2e-10 s                   ; No                         ; No                         ; 3.46 V                      ; 1.85e-07 V                  ; 3.57 V             ; -0.141 V           ; 0.301 V                             ; 0.239 V                             ; 4.61e-10 s                 ; 4.2e-10 s                  ; No                        ; No                        ;
; s_g_stra         ; 3.3-V LVTTL  ; 0 s                 ; 0 s                 ; 3.46 V                       ; 1.85e-07 V                   ; 3.57 V              ; -0.141 V            ; 0.301 V                              ; 0.239 V                              ; 4.61e-10 s                  ; 4.2e-10 s                   ; No                         ; No                         ; 3.46 V                      ; 1.85e-07 V                  ; 3.57 V             ; -0.141 V           ; 0.301 V                             ; 0.239 V                             ; 4.61e-10 s                 ; 4.2e-10 s                  ; No                        ; No                        ;
; e_r_left         ; 3.3-V LVTTL  ; 0 s                 ; 0 s                 ; 3.46 V                       ; 1.85e-07 V                   ; 3.57 V              ; -0.141 V            ; 0.301 V                              ; 0.239 V                              ; 4.61e-10 s                  ; 4.2e-10 s                   ; No                         ; No                         ; 3.46 V                      ; 1.85e-07 V                  ; 3.57 V             ; -0.141 V           ; 0.301 V                             ; 0.239 V                             ; 4.61e-10 s                 ; 4.2e-10 s                  ; No                        ; No                        ;
; e_y_left         ; 3.3-V LVTTL  ; 0 s                 ; 0 s                 ; 3.46 V                       ; 1.85e-07 V                   ; 3.48 V              ; -0.0173 V           ; 0.356 V                              ; 0.324 V                              ; 3.89e-09 s                  ; 3.06e-09 s                  ; No                         ; No                         ; 3.46 V                      ; 1.85e-07 V                  ; 3.48 V             ; -0.0173 V          ; 0.356 V                             ; 0.324 V                             ; 3.89e-09 s                 ; 3.06e-09 s                 ; No                        ; No                        ;
; e_g_left         ; 3.3-V LVTTL  ; 0 s                 ; 0 s                 ; 3.46 V                       ; 1.85e-07 V                   ; 3.57 V              ; -0.141 V            ; 0.301 V                              ; 0.239 V                              ; 4.61e-10 s                  ; 4.2e-10 s                   ; No                         ; No                         ; 3.46 V                      ; 1.85e-07 V                  ; 3.57 V             ; -0.141 V           ; 0.301 V                             ; 0.239 V                             ; 4.61e-10 s                 ; 4.2e-10 s                  ; No                        ; No                        ;
; e_r_ped          ; 2.5 V        ; 0 s                 ; 0 s                 ; 2.62 V                       ; 4.05e-08 V                   ; 2.72 V              ; -0.0349 V           ; 0.173 V                              ; 0.1 V                                ; 2.72e-10 s                  ; 2.69e-10 s                  ; Yes                        ; Yes                        ; 2.62 V                      ; 4.05e-08 V                  ; 2.72 V             ; -0.0349 V          ; 0.173 V                             ; 0.1 V                               ; 2.72e-10 s                 ; 2.69e-10 s                 ; Yes                       ; Yes                       ;
; e_g_ped          ; 3.3-V LVTTL  ; 0 s                 ; 0 s                 ; 3.46 V                       ; 1.25e-07 V                   ; 3.57 V              ; -0.0855 V           ; 0.315 V                              ; 0.175 V                              ; 6.79e-10 s                  ; 6.15e-10 s                  ; No                         ; No                         ; 3.46 V                      ; 1.25e-07 V                  ; 3.57 V             ; -0.0855 V          ; 0.315 V                             ; 0.175 V                             ; 6.79e-10 s                 ; 6.15e-10 s                 ; No                        ; No                        ;
; e_r_stra         ; 3.3-V LVTTL  ; 0 s                 ; 0 s                 ; 3.46 V                       ; 1.85e-07 V                   ; 3.57 V              ; -0.141 V            ; 0.301 V                              ; 0.239 V                              ; 4.61e-10 s                  ; 4.2e-10 s                   ; No                         ; No                         ; 3.46 V                      ; 1.85e-07 V                  ; 3.57 V             ; -0.141 V           ; 0.301 V                             ; 0.239 V                             ; 4.61e-10 s                 ; 4.2e-10 s                  ; No                        ; No                        ;
; e_y_stra         ; 3.3-V LVTTL  ; 0 s                 ; 0 s                 ; 3.46 V                       ; 1.85e-07 V                   ; 3.57 V              ; -0.141 V            ; 0.301 V                              ; 0.239 V                              ; 4.61e-10 s                  ; 4.2e-10 s                   ; No                         ; No                         ; 3.46 V                      ; 1.85e-07 V                  ; 3.57 V             ; -0.141 V           ; 0.301 V                             ; 0.239 V                             ; 4.61e-10 s                 ; 4.2e-10 s                  ; No                        ; No                        ;
; e_g_stra         ; 3.3-V LVTTL  ; 0 s                 ; 0 s                 ; 3.46 V                       ; 1.25e-07 V                   ; 3.48 V              ; -0.0162 V           ; 0.354 V                              ; 0.317 V                              ; 3.88e-09 s                  ; 3.06e-09 s                  ; No                         ; No                         ; 3.46 V                      ; 1.25e-07 V                  ; 3.48 V             ; -0.0162 V          ; 0.354 V                             ; 0.317 V                             ; 3.88e-09 s                 ; 3.06e-09 s                 ; No                        ; No                        ;
; w_r_left         ; 3.3-V LVTTL  ; 0 s                 ; 0 s                 ; 3.46 V                       ; 1.25e-07 V                   ; 3.6 V               ; -0.127 V            ; 0.302 V                              ; 0.21 V                               ; 4.55e-10 s                  ; 4.11e-10 s                  ; No                         ; No                         ; 3.46 V                      ; 1.25e-07 V                  ; 3.6 V              ; -0.127 V           ; 0.302 V                             ; 0.21 V                              ; 4.55e-10 s                 ; 4.11e-10 s                 ; No                        ; No                        ;
; w_y_left         ; 3.3-V LVTTL  ; 0 s                 ; 0 s                 ; 3.46 V                       ; 1.85e-07 V                   ; 3.57 V              ; -0.141 V            ; 0.301 V                              ; 0.239 V                              ; 4.61e-10 s                  ; 4.2e-10 s                   ; No                         ; No                         ; 3.46 V                      ; 1.85e-07 V                  ; 3.57 V             ; -0.141 V           ; 0.301 V                             ; 0.239 V                             ; 4.61e-10 s                 ; 4.2e-10 s                  ; No                        ; No                        ;
; w_g_left         ; 3.3-V LVTTL  ; 0 s                 ; 0 s                 ; 3.46 V                       ; 1.85e-07 V                   ; 3.57 V              ; -0.141 V            ; 0.301 V                              ; 0.239 V                              ; 4.61e-10 s                  ; 4.2e-10 s                   ; No                         ; No                         ; 3.46 V                      ; 1.85e-07 V                  ; 3.57 V             ; -0.141 V           ; 0.301 V                             ; 0.239 V                             ; 4.61e-10 s                 ; 4.2e-10 s                  ; No                        ; No                        ;
; w_r_ped          ; 2.5 V        ; 0 s                 ; 0 s                 ; 2.62 V                       ; 2.74e-08 V                   ; 2.71 V              ; -0.0317 V           ; 0.148 V                              ; 0.064 V                              ; 4.51e-10 s                  ; 4.15e-10 s                  ; No                         ; Yes                        ; 2.62 V                      ; 2.74e-08 V                  ; 2.71 V             ; -0.0317 V          ; 0.148 V                             ; 0.064 V                             ; 4.51e-10 s                 ; 4.15e-10 s                 ; No                        ; Yes                       ;
; w_g_ped          ; 3.3-V LVTTL  ; 0 s                 ; 0 s                 ; 3.46 V                       ; 1.25e-07 V                   ; 3.57 V              ; -0.0855 V           ; 0.315 V                              ; 0.175 V                              ; 6.79e-10 s                  ; 6.15e-10 s                  ; No                         ; No                         ; 3.46 V                      ; 1.25e-07 V                  ; 3.57 V             ; -0.0855 V          ; 0.315 V                             ; 0.175 V                             ; 6.79e-10 s                 ; 6.15e-10 s                 ; No                        ; No                        ;
; w_r_stra         ; 3.3-V LVTTL  ; 0 s                 ; 0 s                 ; 3.46 V                       ; 1.85e-07 V                   ; 3.57 V              ; -0.141 V            ; 0.301 V                              ; 0.239 V                              ; 4.61e-10 s                  ; 4.2e-10 s                   ; No                         ; No                         ; 3.46 V                      ; 1.85e-07 V                  ; 3.57 V             ; -0.141 V           ; 0.301 V                             ; 0.239 V                             ; 4.61e-10 s                 ; 4.2e-10 s                  ; No                        ; No                        ;
; w_y_stra         ; 3.3-V LVTTL  ; 0 s                 ; 0 s                 ; 3.46 V                       ; 1.85e-07 V                   ; 3.57 V              ; -0.141 V            ; 0.301 V                              ; 0.239 V                              ; 4.61e-10 s                  ; 4.2e-10 s                   ; No                         ; No                         ; 3.46 V                      ; 1.85e-07 V                  ; 3.57 V             ; -0.141 V           ; 0.301 V                             ; 0.239 V                             ; 4.61e-10 s                 ; 4.2e-10 s                  ; No                        ; No                        ;
; w_g_stra         ; 3.3-V LVTTL  ; 0 s                 ; 0 s                 ; 3.46 V                       ; 1.85e-07 V                   ; 3.57 V              ; -0.141 V            ; 0.301 V                              ; 0.239 V                              ; 4.61e-10 s                  ; 4.2e-10 s                   ; No                         ; No                         ; 3.46 V                      ; 1.85e-07 V                  ; 3.57 V             ; -0.141 V           ; 0.301 V                             ; 0.239 V                             ; 4.61e-10 s                 ; 4.2e-10 s                  ; No                        ; No                        ;
; system_fault_led ; 3.3-V LVTTL  ; 0 s                 ; 0 s                 ; 3.46 V                       ; 1.85e-07 V                   ; 3.57 V              ; -0.141 V            ; 0.301 V                              ; 0.239 V                              ; 4.61e-10 s                  ; 4.2e-10 s                   ; No                         ; No                         ; 3.46 V                      ; 1.85e-07 V                  ; 3.57 V             ; -0.141 V           ; 0.301 V                             ; 0.239 V                             ; 4.61e-10 s                 ; 4.2e-10 s                  ; No                        ; No                        ;
; dig_dip[0]       ; 3.3-V LVTTL  ; 0 s                 ; 0 s                 ; 3.46 V                       ; 1.85e-07 V                   ; 3.57 V              ; -0.141 V            ; 0.301 V                              ; 0.239 V                              ; 4.61e-10 s                  ; 4.2e-10 s                   ; No                         ; No                         ; 3.46 V                      ; 1.85e-07 V                  ; 3.57 V             ; -0.141 V           ; 0.301 V                             ; 0.239 V                             ; 4.61e-10 s                 ; 4.2e-10 s                  ; No                        ; No                        ;
; dig_dip[1]       ; 3.3-V LVTTL  ; 0 s                 ; 0 s                 ; 3.46 V                       ; 1.85e-07 V                   ; 3.57 V              ; -0.141 V            ; 0.301 V                              ; 0.239 V                              ; 4.61e-10 s                  ; 4.2e-10 s                   ; No                         ; No                         ; 3.46 V                      ; 1.85e-07 V                  ; 3.57 V             ; -0.141 V           ; 0.301 V                             ; 0.239 V                             ; 4.61e-10 s                 ; 4.2e-10 s                  ; No                        ; No                        ;
; dig_dip[2]       ; 3.3-V LVTTL  ; 0 s                 ; 0 s                 ; 3.46 V                       ; 1.85e-07 V                   ; 3.48 V              ; -0.0173 V           ; 0.356 V                              ; 0.324 V                              ; 3.89e-09 s                  ; 3.06e-09 s                  ; No                         ; No                         ; 3.46 V                      ; 1.85e-07 V                  ; 3.48 V             ; -0.0173 V          ; 0.356 V                             ; 0.324 V                             ; 3.89e-09 s                 ; 3.06e-09 s                 ; No                        ; No                        ;
; dig_dip[3]       ; 3.3-V LVTTL  ; 0 s                 ; 0 s                 ; 3.46 V                       ; 1.85e-07 V                   ; 3.57 V              ; -0.141 V            ; 0.301 V                              ; 0.239 V                              ; 4.61e-10 s                  ; 4.2e-10 s                   ; No                         ; No                         ; 3.46 V                      ; 1.85e-07 V                  ; 3.57 V             ; -0.141 V           ; 0.301 V                             ; 0.239 V                             ; 4.61e-10 s                 ; 4.2e-10 s                  ; No                        ; No                        ;
; ~ALTERA_DCLK~    ; 3.3-V LVTTL  ; 0 s                 ; 0 s                 ; 3.46 V                       ; 6.54e-08 V                   ; 3.66 V              ; -0.26 V             ; 0.41 V                               ; 0.32 V                               ; 1.57e-10 s                  ; 2.15e-10 s                  ; No                         ; Yes                        ; 3.46 V                      ; 6.54e-08 V                  ; 3.66 V             ; -0.26 V            ; 0.41 V                              ; 0.32 V                              ; 1.57e-10 s                 ; 2.15e-10 s                 ; No                        ; Yes                       ;
; ~ALTERA_nCEO~    ; 2.5 V        ; 0 s                 ; 0 s                 ; 2.62 V                       ; 3.54e-08 V                   ; 2.7 V               ; -0.00943 V          ; 0.276 V                              ; 0.035 V                              ; 3.19e-10 s                  ; 4.99e-10 s                  ; No                         ; Yes                        ; 2.62 V                      ; 3.54e-08 V                  ; 2.7 V              ; -0.00943 V         ; 0.276 V                             ; 0.035 V                             ; 3.19e-10 s                 ; 4.99e-10 s                 ; No                        ; Yes                       ;
+------------------+--------------+---------------------+---------------------+------------------------------+------------------------------+---------------------+---------------------+--------------------------------------+--------------------------------------+-----------------------------+-----------------------------+----------------------------+----------------------------+-----------------------------+-----------------------------+--------------------+--------------------+-------------------------------------+-------------------------------------+----------------------------+----------------------------+---------------------------+---------------------------+


+-------------------------------------------------------------------+
; Setup Transfers                                                   ;
+------------+----------+----------+----------+----------+----------+
; From Clock ; To Clock ; RR Paths ; FR Paths ; RF Paths ; FF Paths ;
+------------+----------+----------+----------+----------+----------+
; clk        ; clk      ; 56546    ; 0        ; 0        ; 0        ;
+------------+----------+----------+----------+----------+----------+
Entries labeled "false path" only account for clock-to-clock false paths and not path-based false paths. As a result, actual path counts may be lower than reported.


+-------------------------------------------------------------------+
; Hold Transfers                                                    ;
+------------+----------+----------+----------+----------+----------+
; From Clock ; To Clock ; RR Paths ; FR Paths ; RF Paths ; FF Paths ;
+------------+----------+----------+----------+----------+----------+
; clk        ; clk      ; 56546    ; 0        ; 0        ; 0        ;
+------------+----------+----------+----------+----------+----------+
Entries labeled "false path" only account for clock-to-clock false paths and not path-based false paths. As a result, actual path counts may be lower than reported.


---------------
; Report TCCS ;
---------------
No dedicated SERDES Transmitter circuitry present in device or used in design


---------------
; Report RSKM ;
---------------
No non-DPA dedicated SERDES Receiver circuitry present in device or used in design


+------------------------------------------------+
; Unconstrained Paths Summary                    ;
+---------------------------------+-------+------+
; Property                        ; Setup ; Hold ;
+---------------------------------+-------+------+
; Illegal Clocks                  ; 0     ; 0    ;
; Unconstrained Clocks            ; 0     ; 0    ;
; Unconstrained Input Ports       ; 19    ; 19   ;
; Unconstrained Input Port Paths  ; 976   ; 976  ;
; Unconstrained Output Ports      ; 44    ; 44   ;
; Unconstrained Output Port Paths ; 691   ; 691  ;
+---------------------------------+-------+------+


+-------------------------------------+
; Clock Status Summary                ;
+--------+-------+------+-------------+
; Target ; Clock ; Type ; Status      ;
+--------+-------+------+-------------+
; clk    ; clk   ; Base ; Constrained ;
+--------+-------+------+-------------+


+----------------------------------------------------------------------------------------------------+
; Unconstrained Input Ports                                                                          ;
+-------------+--------------------------------------------------------------------------------------+
; Input Port  ; Comment                                                                              ;
+-------------+--------------------------------------------------------------------------------------+
; cfg_addr[0] ; No input delay, min/max delays, false-path exceptions, or max skew assignments found ;
; cfg_addr[1] ; No input delay, min/max delays, false-path exceptions, or max skew assignments found ;
; cfg_addr[2] ; No input delay, min/max delays, false-path exceptions, or max skew assignments found ;
; cfg_addr[3] ; No input delay, min/max delays, false-path exceptions, or max skew assignments found ;
; cfg_data[0] ; No input delay, min/max delays, false-path exceptions, or max skew assignments found ;
; cfg_data[1] ; No input delay, min/max delays, false-path exceptions, or max skew assignments found ;
; cfg_data[2] ; No input delay, min/max delays, false-path exceptions, or max skew assignments found ;
; cfg_data[3] ; No input delay, min/max delays, false-path exceptions, or max skew assignments found ;
; cfg_data[4] ; No input delay, min/max delays, false-path exceptions, or max skew assignments found ;
; cfg_data[5] ; No input delay, min/max delays, false-path exceptions, or max skew assignments found ;
; cfg_data[6] ; No input delay, min/max delays, false-path exceptions, or max skew assignments found ;
; cfg_data[7] ; No input delay, min/max delays, false-path exceptions, or max skew assignments found ;
; cfg_we      ; No input delay, min/max delays, false-path exceptions, or max skew assignments found ;
; dig_dip[0]  ; No input delay, min/max delays, false-path exceptions, or max skew assignments found ;
; dig_dip[1]  ; No input delay, min/max delays, false-path exceptions, or max skew assignments found ;
; dig_dip[2]  ; No input delay, min/max delays, false-path exceptions, or max skew assignments found ;
; dig_dip[3]  ; No input delay, min/max delays, false-path exceptions, or max skew assignments found ;
; io_mode     ; No input delay, min/max delays, false-path exceptions, or max skew assignments found ;
; rst_n       ; No input delay, min/max delays, false-path exceptions, or max skew assignments found ;
+-------------+--------------------------------------------------------------------------------------+


+----------------------------------------------------------------------------------------------------------+
; Unconstrained Output Ports                                                                               ;
+------------------+---------------------------------------------------------------------------------------+
; Output Port      ; Comment                                                                               ;
+------------------+---------------------------------------------------------------------------------------+
; SVNSEG_SEG[0]    ; No output delay, min/max delays, false-path exceptions, or max skew assignments found ;
; SVNSEG_SEG[1]    ; No output delay, min/max delays, false-path exceptions, or max skew assignments found ;
; SVNSEG_SEG[2]    ; No output delay, min/max delays, false-path exceptions, or max skew assignments found ;
; SVNSEG_SEG[3]    ; No output delay, min/max delays, false-path exceptions, or max skew assignments found ;
; SVNSEG_SEG[4]    ; No output delay, min/max delays, false-path exceptions, or max skew assignments found ;
; SVNSEG_SEG[5]    ; No output delay, min/max delays, false-path exceptions, or max skew assignments found ;
; SVNSEG_SEG[6]    ; No output delay, min/max delays, false-path exceptions, or max skew assignments found ;
; dig_dip[0]       ; No output delay, min/max delays, false-path exceptions, or max skew assignments found ;
; dig_dip[1]       ; No output delay, min/max delays, false-path exceptions, or max skew assignments found ;
; dig_dip[2]       ; No output delay, min/max delays, false-path exceptions, or max skew assignments found ;
; dig_dip[3]       ; No output delay, min/max delays, false-path exceptions, or max skew assignments found ;
; e_g_left         ; No output delay, min/max delays, false-path exceptions, or max skew assignments found ;
; e_g_ped          ; No output delay, min/max delays, false-path exceptions, or max skew assignments found ;
; e_g_stra         ; No output delay, min/max delays, false-path exceptions, or max skew assignments found ;
; e_r_left         ; No output delay, min/max delays, false-path exceptions, or max skew assignments found ;
; e_r_ped          ; No output delay, min/max delays, false-path exceptions, or max skew assignments found ;
; e_r_stra         ; No output delay, min/max delays, false-path exceptions, or max skew assignments found ;
; e_y_left         ; No output delay, min/max delays, false-path exceptions, or max skew assignments found ;
; e_y_stra         ; No output delay, min/max delays, false-path exceptions, or max skew assignments found ;
; n_g_left         ; No output delay, min/max delays, false-path exceptions, or max skew assignments found ;
; n_g_ped          ; No output delay, min/max delays, false-path exceptions, or max skew assignments found ;
; n_g_stra         ; No output delay, min/max delays, false-path exceptions, or max skew assignments found ;
; n_r_left         ; No output delay, min/max delays, false-path exceptions, or max skew assignments found ;
; n_r_ped          ; No output delay, min/max delays, false-path exceptions, or max skew assignments found ;
; n_r_stra         ; No output delay, min/max delays, false-path exceptions, or max skew assignments found ;
; n_y_left         ; No output delay, min/max delays, false-path exceptions, or max skew assignments found ;
; n_y_stra         ; No output delay, min/max delays, false-path exceptions, or max skew assignments found ;
; s_g_left         ; No output delay, min/max delays, false-path exceptions, or max skew assignments found ;
; s_g_ped          ; No output delay, min/max delays, false-path exceptions, or max skew assignments found ;
; s_g_stra         ; No output delay, min/max delays, false-path exceptions, or max skew assignments found ;
; s_r_left         ; No output delay, min/max delays, false-path exceptions, or max skew assignments found ;
; s_r_ped          ; No output delay, min/max delays, false-path exceptions, or max skew assignments found ;
; s_r_stra         ; No output delay, min/max delays, false-path exceptions, or max skew assignments found ;
; s_y_left         ; No output delay, min/max delays, false-path exceptions, or max skew assignments found ;
; s_y_stra         ; No output delay, min/max delays, false-path exceptions, or max skew assignments found ;
; system_fault_led ; No output delay, min/max delays, false-path exceptions, or max skew assignments found ;
; w_g_left         ; No output delay, min/max delays, false-path exceptions, or max skew assignments found ;
; w_g_ped          ; No output delay, min/max delays, false-path exceptions, or max skew assignments found ;
; w_g_stra         ; No output delay, min/max delays, false-path exceptions, or max skew assignments found ;
; w_r_left         ; No output delay, min/max delays, false-path exceptions, or max skew assignments found ;
; w_r_ped          ; No output delay, min/max delays, false-path exceptions, or max skew assignments found ;
; w_r_stra         ; No output delay, min/max delays, false-path exceptions, or max skew assignments found ;
; w_y_left         ; No output delay, min/max delays, false-path exceptions, or max skew assignments found ;
; w_y_stra         ; No output delay, min/max delays, false-path exceptions, or max skew assignments found ;
+------------------+---------------------------------------------------------------------------------------+


+----------------------------------------------------------------------------------------------------+
; Unconstrained Input Ports                                                                          ;
+-------------+--------------------------------------------------------------------------------------+
; Input Port  ; Comment                                                                              ;
+-------------+--------------------------------------------------------------------------------------+
; cfg_addr[0] ; No input delay, min/max delays, false-path exceptions, or max skew assignments found ;
; cfg_addr[1] ; No input delay, min/max delays, false-path exceptions, or max skew assignments found ;
; cfg_addr[2] ; No input delay, min/max delays, false-path exceptions, or max skew assignments found ;
; cfg_addr[3] ; No input delay, min/max delays, false-path exceptions, or max skew assignments found ;
; cfg_data[0] ; No input delay, min/max delays, false-path exceptions, or max skew assignments found ;
; cfg_data[1] ; No input delay, min/max delays, false-path exceptions, or max skew assignments found ;
; cfg_data[2] ; No input delay, min/max delays, false-path exceptions, or max skew assignments found ;
; cfg_data[3] ; No input delay, min/max delays, false-path exceptions, or max skew assignments found ;
; cfg_data[4] ; No input delay, min/max delays, false-path exceptions, or max skew assignments found ;
; cfg_data[5] ; No input delay, min/max delays, false-path exceptions, or max skew assignments found ;
; cfg_data[6] ; No input delay, min/max delays, false-path exceptions, or max skew assignments found ;
; cfg_data[7] ; No input delay, min/max delays, false-path exceptions, or max skew assignments found ;
; cfg_we      ; No input delay, min/max delays, false-path exceptions, or max skew assignments found ;
; dig_dip[0]  ; No input delay, min/max delays, false-path exceptions, or max skew assignments found ;
; dig_dip[1]  ; No input delay, min/max delays, false-path exceptions, or max skew assignments found ;
; dig_dip[2]  ; No input delay, min/max delays, false-path exceptions, or max skew assignments found ;
; dig_dip[3]  ; No input delay, min/max delays, false-path exceptions, or max skew assignments found ;
; io_mode     ; No input delay, min/max delays, false-path exceptions, or max skew assignments found ;
; rst_n       ; No input delay, min/max delays, false-path exceptions, or max skew assignments found ;
+-------------+--------------------------------------------------------------------------------------+


+----------------------------------------------------------------------------------------------------------+
; Unconstrained Output Ports                                                                               ;
+------------------+---------------------------------------------------------------------------------------+
; Output Port      ; Comment                                                                               ;
+------------------+---------------------------------------------------------------------------------------+
; SVNSEG_SEG[0]    ; No output delay, min/max delays, false-path exceptions, or max skew assignments found ;
; SVNSEG_SEG[1]    ; No output delay, min/max delays, false-path exceptions, or max skew assignments found ;
; SVNSEG_SEG[2]    ; No output delay, min/max delays, false-path exceptions, or max skew assignments found ;
; SVNSEG_SEG[3]    ; No output delay, min/max delays, false-path exceptions, or max skew assignments found ;
; SVNSEG_SEG[4]    ; No output delay, min/max delays, false-path exceptions, or max skew assignments found ;
; SVNSEG_SEG[5]    ; No output delay, min/max delays, false-path exceptions, or max skew assignments found ;
; SVNSEG_SEG[6]    ; No output delay, min/max delays, false-path exceptions, or max skew assignments found ;
; dig_dip[0]       ; No output delay, min/max delays, false-path exceptions, or max skew assignments found ;
; dig_dip[1]       ; No output delay, min/max delays, false-path exceptions, or max skew assignments found ;
; dig_dip[2]       ; No output delay, min/max delays, false-path exceptions, or max skew assignments found ;
; dig_dip[3]       ; No output delay, min/max delays, false-path exceptions, or max skew assignments found ;
; e_g_left         ; No output delay, min/max delays, false-path exceptions, or max skew assignments found ;
; e_g_ped          ; No output delay, min/max delays, false-path exceptions, or max skew assignments found ;
; e_g_stra         ; No output delay, min/max delays, false-path exceptions, or max skew assignments found ;
; e_r_left         ; No output delay, min/max delays, false-path exceptions, or max skew assignments found ;
; e_r_ped          ; No output delay, min/max delays, false-path exceptions, or max skew assignments found ;
; e_r_stra         ; No output delay, min/max delays, false-path exceptions, or max skew assignments found ;
; e_y_left         ; No output delay, min/max delays, false-path exceptions, or max skew assignments found ;
; e_y_stra         ; No output delay, min/max delays, false-path exceptions, or max skew assignments found ;
; n_g_left         ; No output delay, min/max delays, false-path exceptions, or max skew assignments found ;
; n_g_ped          ; No output delay, min/max delays, false-path exceptions, or max skew assignments found ;
; n_g_stra         ; No output delay, min/max delays, false-path exceptions, or max skew assignments found ;
; n_r_left         ; No output delay, min/max delays, false-path exceptions, or max skew assignments found ;
; n_r_ped          ; No output delay, min/max delays, false-path exceptions, or max skew assignments found ;
; n_r_stra         ; No output delay, min/max delays, false-path exceptions, or max skew assignments found ;
; n_y_left         ; No output delay, min/max delays, false-path exceptions, or max skew assignments found ;
; n_y_stra         ; No output delay, min/max delays, false-path exceptions, or max skew assignments found ;
; s_g_left         ; No output delay, min/max delays, false-path exceptions, or max skew assignments found ;
; s_g_ped          ; No output delay, min/max delays, false-path exceptions, or max skew assignments found ;
; s_g_stra         ; No output delay, min/max delays, false-path exceptions, or max skew assignments found ;
; s_r_left         ; No output delay, min/max delays, false-path exceptions, or max skew assignments found ;
; s_r_ped          ; No output delay, min/max delays, false-path exceptions, or max skew assignments found ;
; s_r_stra         ; No output delay, min/max delays, false-path exceptions, or max skew assignments found ;
; s_y_left         ; No output delay, min/max delays, false-path exceptions, or max skew assignments found ;
; s_y_stra         ; No output delay, min/max delays, false-path exceptions, or max skew assignments found ;
; system_fault_led ; No output delay, min/max delays, false-path exceptions, or max skew assignments found ;
; w_g_left         ; No output delay, min/max delays, false-path exceptions, or max skew assignments found ;
; w_g_ped          ; No output delay, min/max delays, false-path exceptions, or max skew assignments found ;
; w_g_stra         ; No output delay, min/max delays, false-path exceptions, or max skew assignments found ;
; w_r_left         ; No output delay, min/max delays, false-path exceptions, or max skew assignments found ;
; w_r_ped          ; No output delay, min/max delays, false-path exceptions, or max skew assignments found ;
; w_r_stra         ; No output delay, min/max delays, false-path exceptions, or max skew assignments found ;
; w_y_left         ; No output delay, min/max delays, false-path exceptions, or max skew assignments found ;
; w_y_stra         ; No output delay, min/max delays, false-path exceptions, or max skew assignments found ;
+------------------+---------------------------------------------------------------------------------------+


+--------------------------+
; Timing Analyzer Messages ;
+--------------------------+
Info: *******************************************************************
Info: Running Quartus Prime Timing Analyzer
    Info: Version 20.1.0 Build 711 06/05/2020 SJ Lite Edition
    Info: Processing started: Fri Apr 10 04:15:32 2026
Info: Command: quartus_sta traffic_button -c traffic_button
Info: qsta_default_script.tcl version: #1
Warning (18236): Number of processors has not been specified which may cause overloading on shared machines.  Set the global assignment NUM_PARALLEL_PROCESSORS in your QSF to an appropriate value for best performance.
Info (20030): Parallel compilation is enabled and will use 4 of the 4 processors detected
Info (21077): Low junction temperature is 0 degrees C
Info (21077): High junction temperature is 85 degrees C
Critical Warning (332012): Synopsys Design Constraints File file not found: 'traffic_button.sdc'. A Synopsys Design Constraints File is required by the Timing Analyzer to get proper timing constraints. Without it, the Compiler will not properly optimize the design.
Info (332142): No user constrained base clocks found in the design. Calling "derive_clocks -period 1.0"
Info (332105): Deriving Clocks
    Info (332105): create_clock -period 1.000 -name clk clk
Info (332143): No user constrained clock uncertainty found in the design. Calling "derive_clock_uncertainty"
Info (332123): Deriving Clock Uncertainty. Please refer to report_sdc in the Timing Analyzer to see clock uncertainties.
Info: Found TIMING_ANALYZER_REPORT_SCRIPT_INCLUDE_DEFAULT_ANALYSIS = ON
Info: Analyzing Slow 1200mV 85C Model
Critical Warning (332148): Timing requirements not met
    Info (11105): For recommendations on closing timing, run Report Timing Closure Recommendations in the Timing Analyzer.
Info (332146): Worst-case setup slack is -7.937
    Info (332119):     Slack       End Point TNS Clock 
    Info (332119): ========= =================== =====================
    Info (332119):    -7.937           -1593.266 clk 
Info (332146): Worst-case hold slack is 0.432
    Info (332119):     Slack       End Point TNS Clock 
    Info (332119): ========= =================== =====================
    Info (332119):     0.432               0.000 clk 
Info (332140): No Recovery paths to report
Info (332140): No Removal paths to report
Info (332146): Worst-case minimum pulse width slack is -3.000
    Info (332119):     Slack       End Point TNS Clock 
    Info (332119): ========= =================== =====================
    Info (332119):    -3.000            -722.708 clk 
Info (332114): Report Metastability: Found 84 synchronizer chains.
    Info (332114): Design MTBF is not calculated because the design doesn't meet its timing requirements.
Info: Analyzing Slow 1200mV 0C Model
Info (334003): Started post-fitting delay annotation
Info (334004): Delay annotation completed successfully
Info (332123): Deriving Clock Uncertainty. Please refer to report_sdc in the Timing Analyzer to see clock uncertainties.
Critical Warning (332148): Timing requirements not met
    Info (11105): For recommendations on closing timing, run Report Timing Closure Recommendations in the Timing Analyzer.
Info (332146): Worst-case setup slack is -7.180
    Info (332119):     Slack       End Point TNS Clock 
    Info (332119): ========= =================== =====================
    Info (332119):    -7.180           -1452.552 clk 
Info (332146): Worst-case hold slack is 0.381
    Info (332119):     Slack       End Point TNS Clock 
    Info (332119): ========= =================== =====================
    Info (332119):     0.381               0.000 clk 
Info (332140): No Recovery paths to report
Info (332140): No Removal paths to report
Info (332146): Worst-case minimum pulse width slack is -3.000
    Info (332119):     Slack       End Point TNS Clock 
    Info (332119): ========= =================== =====================
    Info (332119):    -3.000            -722.708 clk 
Info (332114): Report Metastability: Found 84 synchronizer chains.
    Info (332114): Design MTBF is not calculated because the design doesn't meet its timing requirements.
Info: Analyzing Fast 1200mV 0C Model
Info (332123): Deriving Clock Uncertainty. Please refer to report_sdc in the Timing Analyzer to see clock uncertainties.
Critical Warning (332148): Timing requirements not met
    Info (11105): For recommendations on closing timing, run Report Timing Closure Recommendations in the Timing Analyzer.
Info (332146): Worst-case setup slack is -2.823
    Info (332119):     Slack       End Point TNS Clock 
    Info (332119): ========= =================== =====================
    Info (332119):    -2.823            -475.288 clk 
Info (332146): Worst-case hold slack is 0.178
    Info (332119):     Slack       End Point TNS Clock 
    Info (332119): ========= =================== =====================
    Info (332119):     0.178               0.000 clk 
Info (332140): No Recovery paths to report
Info (332140): No Removal paths to report
Info (332146): Worst-case minimum pulse width slack is -3.000
    Info (332119):     Slack       End Point TNS Clock 
    Info (332119): ========= =================== =====================
    Info (332119):    -3.000            -630.042 clk 
Info (332114): Report Metastability: Found 84 synchronizer chains.
    Info (332114): Design MTBF is not calculated because the design doesn't meet its timing requirements.
Info (332102): Design is not fully constrained for setup requirements
Info (332102): Design is not fully constrained for hold requirements
Info: Quartus Prime Timing Analyzer was successful. 0 errors, 5 warnings
    Info: Peak virtual memory: 456 megabytes
    Info: Processing ended: Fri Apr 10 04:15:33 2026
    Info: Elapsed time: 00:00:01
    Info: Total CPU time (on all processors): 00:00:02


