Fitter report for traffic_button
Fri Apr 10 04:15:30 2026
Quartus Prime Version 20.1.0 Build 711 06/05/2020 SJ Lite Edition


---------------------
; Table of Contents ;
---------------------
  1. Legal Notice
  2. Fitter Summary
  3. Fitter Settings
  4. Parallel Compilation
  5. Ignored Assignments
  6. Incremental Compilation Preservation Summary
  7. Incremental Compilation Partition Settings
  8. Incremental Compilation Placement Preservation
  9. Pin-Out File
 10. Fitter Resource Usage Summary
 11. Fitter Partition Statistics
 12. Input Pins
 13. Output Pins
 14. Bidir Pins
 15. Dual Purpose and Dedicated Pins
 16. I/O Bank Usage
 17. All Package Pins
 18. I/O Assignment Warnings
 19. Fitter Resource Utilization by Entity
 20. Delay Chain Summary
 21. Pad To Core Delay Chain Fanout
 22. Control Signals
 23. Global & Other Fast Signals
 24. Routing Usage Summary
 25. LAB Logic Elements
 26. LAB-wide Signals
 27. LAB Signals Sourced
 28. LAB Signals Sourced Out
 29. LAB Distinct Inputs
 30. I/O Rules Summary
 31. I/O Rules Details
 32. I/O Rules Matrix
 33. Fitter Device Options
 34. Operating Settings and Conditions
 35. Estimated Delay Added for Hold Timing Summary
 36. Estimated Delay Added for Hold Timing Details
 37. Fitter Messages
 38. Fitter Suppressed Messages



----------------
; Legal Notice ;
----------------
Copyright (C) 2020  Intel Corporation. All rights reserved.
Your use of Intel Corporation's design tools, logic functions 
and other software and tools, and any partner logic 
functions, and any output files from any of the foregoing 
(including device programming or simulation files), and any 
associated documentation or information are expressly subject 
to the terms and conditions of the Intel Program License 
Subscription Agreement, the Intel Quartus Prime License Agreement,
the Intel FPGA IP License Agreement, or other applicable license
agreement, including, without limitation, that your use is for
the sole purpose of programming logic devices manufactured by
Intel and sold by Intel or its authorized distributors.  Please
refer to the applicable agreement for further details, at
https://fpgasoftware.intel.com/eula.



+----------------------------------------------------------------------------------+
; Fitter Summary                                                                   ;
+------------------------------------+---------------------------------------------+
; Fitter Status                      ; Successful - Fri Apr 10 04:15:30 2026       ;
; Quartus Prime Version              ; 20.1.0 Build 711 06/05/2020 SJ Lite Edition ;
; Revision Name                      ; traffic_button                              ;
; Top-level Entity Name              ; traffic_light_top                           ;
; Family                             ; Cyclone IV E                                ;
; Device                             ; EP4CE6E22C8                                 ;
; Timing Models                      ; Final                                       ;
; Total logic elements               ; 1,297 / 6,272 ( 21 % )                      ;
;     Total combinational functions  ; 1,200 / 6,272 ( 19 % )                      ;
;     Dedicated logic registers      ; 484 / 6,272 ( 8 % )                         ;
; Total registers                    ; 484                                         ;
; Total pins                         ; 61 / 92 ( 66 % )                            ;
; Total virtual pins                 ; 0                                           ;
; Total memory bits                  ; 0 / 276,480 ( 0 % )                         ;
; Embedded Multiplier 9-bit elements ; 0 / 30 ( 0 % )                              ;
; Total PLLs                         ; 0 / 2 ( 0 % )                               ;
+------------------------------------+---------------------------------------------+


+----------------------------------------------------------------------------------------------------------------------------------------------------+
; Fitter Settings                                                                                                                                    ;
+--------------------------------------------------------------------+---------------------------------------+---------------------------------------+
; Option                                                             ; Setting                               ; Default Value                         ;
+--------------------------------------------------------------------+---------------------------------------+---------------------------------------+
; Device                                                             ; EP4CE6E22C8                           ;                                       ;
; Nominal Core Supply Voltage                                        ; 1.2V                                  ;                                       ;
; Minimum Core Junction Temperature                                  ; 0                                     ;                                       ;
; Maximum Core Junction Temperature                                  ; 85                                    ;                                       ;
; Fit Attempts to Skip                                               ; 0                                     ; 0.0                                   ;
; Use smart compilation                                              ; Off                                   ; Off                                   ;
; Enable parallel Assembler and Timing Analyzer during compilation   ; On                                    ; On                                    ;
; Enable compact report table                                        ; Off                                   ; Off                                   ;
; Auto Merge PLLs                                                    ; On                                    ; On                                    ;
; Router Timing Optimization Level                                   ; Normal                                ; Normal                                ;
; Perform Clocking Topology Analysis During Routing                  ; Off                                   ; Off                                   ;
; Placement Effort Multiplier                                        ; 1.0                                   ; 1.0                                   ;
; Router Effort Multiplier                                           ; 1.0                                   ; 1.0                                   ;
; Optimize Hold Timing                                               ; All Paths                             ; All Paths                             ;
; Optimize Multi-Corner Timing                                       ; On                                    ; On                                    ;
; Power Optimization During Fitting                                  ; Normal compilation                    ; Normal compilation                    ;
; SSN Optimization                                                   ; Off                                   ; Off                                   ;
; Optimize Timing                                                    ; Normal compilation                    ; Normal compilation                    ;
; Optimize Timing for ECOs                                           ; Off                                   ; Off                                   ;
; Regenerate Full Fit Report During ECO Compiles                     ; Off                                   ; Off                                   ;
; Optimize IOC Register Placement for Timing                         ; Normal                                ; Normal                                ;
; Limit to One Fitting Attempt                                       ; Off                                   ; Off                                   ;
; Final Placement Optimizations                                      ; Automatically                         ; Automatically                         ;
; Fitter Aggressive Routability Optimizations                        ; Automatically                         ; Automatically                         ;
; Fitter Initial Placement Seed                                      ; 1                                     ; 1                                     ;
; Periphery to Core Placement and Routing Optimization               ; Off                                   ; Off                                   ;
; PCI I/O                                                            ; Off                                   ; Off                                   ;
; Weak Pull-Up Resistor                                              ; Off                                   ; Off                                   ;
; Enable Bus-Hold Circuitry                                          ; Off                                   ; Off                                   ;
; Auto Packed Registers                                              ; Auto                                  ; Auto                                  ;
; Auto Delay Chains                                                  ; On                                    ; On                                    ;
; Auto Delay Chains for High Fanout Input Pins                       ; Off                                   ; Off                                   ;
; Allow Single-ended Buffer for Differential-XSTL Input              ; Off                                   ; Off                                   ;
; Treat Bidirectional Pin as Output Pin                              ; Off                                   ; Off                                   ;
; Perform Physical Synthesis for Combinational Logic for Fitting     ; Off                                   ; Off                                   ;
; Perform Physical Synthesis for Combinational Logic for Performance ; Off                                   ; Off                                   ;
; Perform Register Duplication for Performance                       ; Off                                   ; Off                                   ;
; Perform Logic to Memory Mapping for Fitting                        ; Off                                   ; Off                                   ;
; Perform Register Retiming for Performance                          ; Off                                   ; Off                                   ;
; Perform Asynchronous Signal Pipelining                             ; Off                                   ; Off                                   ;
; Fitter Effort                                                      ; Auto Fit                              ; Auto Fit                              ;
; Physical Synthesis Effort Level                                    ; Normal                                ; Normal                                ;
; Logic Cell Insertion - Logic Duplication                           ; Auto                                  ; Auto                                  ;
; Auto Register Duplication                                          ; Auto                                  ; Auto                                  ;
; Auto Global Clock                                                  ; On                                    ; On                                    ;
; Auto Global Register Control Signals                               ; On                                    ; On                                    ;
; Reserve all unused pins                                            ; As input tri-stated with weak pull-up ; As input tri-stated with weak pull-up ;
; Synchronizer Identification                                        ; Auto                                  ; Auto                                  ;
; Enable Beneficial Skew Optimization                                ; On                                    ; On                                    ;
; Optimize Design for Metastability                                  ; On                                    ; On                                    ;
; Force Fitter to Avoid Periphery Placement Warnings                 ; Off                                   ; Off                                   ;
; Enable input tri-state on active configuration pins in user mode   ; Off                                   ; Off                                   ;
+--------------------------------------------------------------------+---------------------------------------+---------------------------------------+


+------------------------------------------+
; Parallel Compilation                     ;
+----------------------------+-------------+
; Processors                 ; Number      ;
+----------------------------+-------------+
; Number detected on machine ; 8           ;
; Maximum allowed            ; 4           ;
;                            ;             ;
; Average used               ; 1.08        ;
; Maximum used               ; 4           ;
;                            ;             ;
; Usage by Processor         ; % Time Used ;
;     Processor 1            ; 100.0%      ;
;     Processor 2            ;   2.8%      ;
;     Processor 3            ;   2.6%      ;
;     Processor 4            ;   2.6%      ;
+----------------------------+-------------+


+-----------------------------------------------------------------------------------------------+
; Ignored Assignments                                                                           ;
+--------------+-------------------+--------------+------------+---------------+----------------+
; Name         ; Ignored Entity    ; Ignored From ; Ignored To ; Ignored Value ; Ignored Source ;
+--------------+-------------------+--------------+------------+---------------+----------------+
; Location     ;                   ;              ; ped_E      ; PIN_86        ; QSF Assignment ;
; Location     ;                   ;              ; ped_N      ; PIN_84        ; QSF Assignment ;
; Location     ;                   ;              ; ped_S      ; PIN_85        ; QSF Assignment ;
; Location     ;                   ;              ; ped_W      ; PIN_87        ; QSF Assignment ;
; I/O Standard ; traffic_light_top ;              ; led_EL_G   ; 3.3-V LVTTL   ; QSF Assignment ;
; I/O Standard ; traffic_light_top ;              ; led_EL_R   ; 3.3-V LVTTL   ; QSF Assignment ;
; I/O Standard ; traffic_light_top ;              ; led_EL_Y   ; 3.3-V LVTTL   ; QSF Assignment ;
; I/O Standard ; traffic_light_top ;              ; led_E_G    ; 3.3-V LVTTL   ; QSF Assignment ;
; I/O Standard ; traffic_light_top ;              ; led_E_R    ; 3.3-V LVTTL   ; QSF Assignment ;
; I/O Standard ; traffic_light_top ;              ; led_E_Y    ; 3.3-V LVTTL   ; QSF Assignment ;
; I/O Standard ; traffic_light_top ;              ; led_NL_G   ; 3.3-V LVTTL   ; QSF Assignment ;
; I/O Standard ; traffic_light_top ;              ; led_NL_R   ; 3.3-V LVTTL   ; QSF Assignment ;
; I/O Standard ; traffic_light_top ;              ; led_NL_Y   ; 3.3-V LVTTL   ; QSF Assignment ;
; I/O Standard ; traffic_light_top ;              ; led_N_G    ; 3.3-V LVTTL   ; QSF Assignment ;
; I/O Standard ; traffic_light_top ;              ; led_N_R    ; 3.3-V LVTTL   ; QSF Assignment ;
; I/O Standard ; traffic_light_top ;              ; led_N_Y    ; 3.3-V LVTTL   ; QSF Assignment ;
; I/O Standard ; traffic_light_top ;              ; led_SL_G   ; 3.3-V LVTTL   ; QSF Assignment ;
; I/O Standard ; traffic_light_top ;              ; led_SL_R   ; 3.3-V LVTTL   ; QSF Assignment ;
; I/O Standard ; traffic_light_top ;              ; led_SL_Y   ; 3.3-V LVTTL   ; QSF Assignment ;
; I/O Standard ; traffic_light_top ;              ; led_S_G    ; 3.3-V LVTTL   ; QSF Assignment ;
; I/O Standard ; traffic_light_top ;              ; led_S_R    ; 3.3-V LVTTL   ; QSF Assignment ;
; I/O Standard ; traffic_light_top ;              ; led_S_Y    ; 3.3-V LVTTL   ; QSF Assignment ;
; I/O Standard ; traffic_light_top ;              ; led_WL_G   ; 3.3-V LVTTL   ; QSF Assignment ;
; I/O Standard ; traffic_light_top ;              ; led_WL_R   ; 3.3-V LVTTL   ; QSF Assignment ;
; I/O Standard ; traffic_light_top ;              ; led_WL_Y   ; 3.3-V LVTTL   ; QSF Assignment ;
; I/O Standard ; traffic_light_top ;              ; led_W_G    ; 3.3-V LVTTL   ; QSF Assignment ;
; I/O Standard ; traffic_light_top ;              ; led_W_R    ; 3.3-V LVTTL   ; QSF Assignment ;
; I/O Standard ; traffic_light_top ;              ; led_W_Y    ; 3.3-V LVTTL   ; QSF Assignment ;
; I/O Standard ; traffic_light_top ;              ; ped_E      ; 3.3-V LVTTL   ; QSF Assignment ;
; I/O Standard ; traffic_light_top ;              ; ped_N      ; 3.3-V LVTTL   ; QSF Assignment ;
; I/O Standard ; traffic_light_top ;              ; ped_S      ; 3.3-V LVTTL   ; QSF Assignment ;
; I/O Standard ; traffic_light_top ;              ; ped_W      ; 3.3-V LVTTL   ; QSF Assignment ;
+--------------+-------------------+--------------+------------+---------------+----------------+


+---------------------------------------------------------------------------------------------------+
; Incremental Compilation Preservation Summary                                                      ;
+---------------------+---------------------+----------------------------+--------------------------+
; Type                ; Total [A + B]       ; From Design Partitions [A] ; From Rapid Recompile [B] ;
+---------------------+---------------------+----------------------------+--------------------------+
; Placement (by node) ;                     ;                            ;                          ;
;     -- Requested    ; 0.00 % ( 0 / 1822 ) ; 0.00 % ( 0 / 1822 )        ; 0.00 % ( 0 / 1822 )      ;
;     -- Achieved     ; 0.00 % ( 0 / 1822 ) ; 0.00 % ( 0 / 1822 )        ; 0.00 % ( 0 / 1822 )      ;
;                     ;                     ;                            ;                          ;
; Routing (by net)    ;                     ;                            ;                          ;
;     -- Requested    ; 0.00 % ( 0 / 0 )    ; 0.00 % ( 0 / 0 )           ; 0.00 % ( 0 / 0 )         ;
;     -- Achieved     ; 0.00 % ( 0 / 0 )    ; 0.00 % ( 0 / 0 )           ; 0.00 % ( 0 / 0 )         ;
+---------------------+---------------------+----------------------------+--------------------------+


+----------------------------------------------------------------------------------------------------------------------------------------------------------------------------------------+
; Incremental Compilation Partition Settings                                                                                                                                             ;
+--------------------------------+----------------+-------------------+-------------------------+------------------------+------------------------------+--------------------------------+
; Partition Name                 ; Partition Type ; Netlist Type Used ; Preservation Level Used ; Netlist Type Requested ; Preservation Level Requested ; Contents                       ;
+--------------------------------+----------------+-------------------+-------------------------+------------------------+------------------------------+--------------------------------+
; Top                            ; User-created   ; Source File       ; N/A                     ; Source File            ; N/A                          ;                                ;
; hard_block:auto_generated_inst ; Auto-generated ; Source File       ; N/A                     ; Source File            ; N/A                          ; hard_block:auto_generated_inst ;
+--------------------------------+----------------+-------------------+-------------------------+------------------------+------------------------------+--------------------------------+


+------------------------------------------------------------------------------------------------------------------------------------+
; Incremental Compilation Placement Preservation                                                                                     ;
+--------------------------------+-----------------------+-------------------------+-------------------+---------------------+-------+
; Partition Name                 ; Preservation Achieved ; Preservation Level Used ; Netlist Type Used ; Preservation Method ; Notes ;
+--------------------------------+-----------------------+-------------------------+-------------------+---------------------+-------+
; Top                            ; 0.00 % ( 0 / 1812 )   ; N/A                     ; Source File       ; N/A                 ;       ;
; hard_block:auto_generated_inst ; 0.00 % ( 0 / 10 )     ; N/A                     ; Source File       ; N/A                 ;       ;
+--------------------------------+-----------------------+-------------------------+-------------------+---------------------+-------+


+--------------+
; Pin-Out File ;
+--------------+
The pin-out file can be found in /home/hoangbuikhanh/WORKSPACE/traffic_control_system_buttons/output/output_files/traffic_button.pin.


+----------------------------------------------------------------------+
; Fitter Resource Usage Summary                                        ;
+---------------------------------------------+------------------------+
; Resource                                    ; Usage                  ;
+---------------------------------------------+------------------------+
; Total logic elements                        ; 1,297 / 6,272 ( 21 % ) ;
;     -- Combinational with no register       ; 813                    ;
;     -- Register only                        ; 97                     ;
;     -- Combinational with a register        ; 387                    ;
;                                             ;                        ;
; Logic element usage by number of LUT inputs ;                        ;
;     -- 4 input functions                    ; 522                    ;
;     -- 3 input functions                    ; 396                    ;
;     -- <=2 input functions                  ; 282                    ;
;     -- Register only                        ; 97                     ;
;                                             ;                        ;
; Logic elements by mode                      ;                        ;
;     -- normal mode                          ; 768                    ;
;     -- arithmetic mode                      ; 432                    ;
;                                             ;                        ;
; Total registers*                            ; 484 / 6,684 ( 7 % )    ;
;     -- Dedicated logic registers            ; 484 / 6,272 ( 8 % )    ;
;     -- I/O registers                        ; 0 / 412 ( 0 % )        ;
;                                             ;                        ;
; Total LABs:  partially or completely used   ; 93 / 392 ( 24 % )      ;
; Virtual pins                                ; 0                      ;
; I/O pins                                    ; 61 / 92 ( 66 % )       ;
;     -- Clock pins                           ; 4 / 3 ( 133 % )        ;
;     -- Dedicated input pins                 ; 0 / 9 ( 0 % )          ;
;                                             ;                        ;
; M9Ks                                        ; 0 / 30 ( 0 % )         ;
; Total block memory bits                     ; 0 / 276,480 ( 0 % )    ;
; Total block memory implementation bits      ; 0 / 276,480 ( 0 % )    ;
; Embedded Multiplier 9-bit elements          ; 0 / 30 ( 0 % )         ;
; PLLs                                        ; 0 / 2 ( 0 % )          ;
; Global signals                              ; 2                      ;
;     -- Global clocks                        ; 2 / 10 ( 20 % )        ;
; JTAGs                                       ; 0 / 1 ( 0 % )          ;
; CRC blocks                                  ; 0 / 1 ( 0 % )          ;
; ASMI blocks                                 ; 0 / 1 ( 0 % )          ;
; Oscillator blocks                           ; 0 / 1 ( 0 % )          ;
; Impedance control blocks                    ; 0 / 4 ( 0 % )          ;
; Average interconnect usage (total/H/V)      ; 3.8% / 3.7% / 4.0%     ;
; Peak interconnect usage (total/H/V)         ; 8.8% / 8.5% / 9.3%     ;
; Maximum fan-out                             ; 484                    ;
; Highest non-global fan-out                  ; 86                     ;
; Total fan-out                               ; 5854                   ;
; Average fan-out                             ; 3.11                   ;
+---------------------------------------------+------------------------+
*  Register count does not include registers inside RAM blocks or DSP blocks.



+-----------------------------------------------------------------------------------------------------+
; Fitter Partition Statistics                                                                         ;
+---------------------------------------------+----------------------+--------------------------------+
; Statistic                                   ; Top                  ; hard_block:auto_generated_inst ;
+---------------------------------------------+----------------------+--------------------------------+
; Difficulty Clustering Region                ; Low                  ; Low                            ;
;                                             ;                      ;                                ;
; Total logic elements                        ; 1297 / 6272 ( 21 % ) ; 0 / 6272 ( 0 % )               ;
;     -- Combinational with no register       ; 813                  ; 0                              ;
;     -- Register only                        ; 97                   ; 0                              ;
;     -- Combinational with a register        ; 387                  ; 0                              ;
;                                             ;                      ;                                ;
; Logic element usage by number of LUT inputs ;                      ;                                ;
;     -- 4 input functions                    ; 522                  ; 0                              ;
;     -- 3 input functions                    ; 396                  ; 0                              ;
;     -- <=2 input functions                  ; 282                  ; 0                              ;
;     -- Register only                        ; 97                   ; 0                              ;
;                                             ;                      ;                                ;
; Logic elements by mode                      ;                      ;                                ;
;     -- normal mode                          ; 768                  ; 0                              ;
;     -- arithmetic mode                      ; 432                  ; 0                              ;
;                                             ;                      ;                                ;
; Total registers                             ; 484                  ; 0                              ;
;     -- Dedicated logic registers            ; 484 / 6272 ( 8 % )   ; 0 / 6272 ( 0 % )               ;
;     -- I/O registers                        ; 0                    ; 0                              ;
;                                             ;                      ;                                ;
; Total LABs:  partially or completely used   ; 93 / 392 ( 24 % )    ; 0 / 392 ( 0 % )                ;
;                                             ;                      ;                                ;
; Virtual pins                                ; 0                    ; 0                              ;
; I/O pins                                    ; 61                   ; 0                              ;
; Embedded Multiplier 9-bit elements          ; 0 / 30 ( 0 % )       ; 0 / 30 ( 0 % )                 ;
; Total memory bits                           ; 0                    ; 0                              ;
; Total RAM block bits                        ; 0                    ; 0                              ;
; Clock control block                         ; 2 / 12 ( 16 % )      ; 0 / 12 ( 0 % )                 ;
;                                             ;                      ;                                ;
; Connections                                 ;                      ;                                ;
;     -- Input Connections                    ; 4                    ; 0                              ;
;     -- Registered Input Connections         ; 0                    ; 0                              ;
;     -- Output Connections                   ; 4                    ; 0                              ;
;     -- Registered Output Connections        ; 0                    ; 0                              ;
;                                             ;                      ;                                ;
; Internal Connections                        ;                      ;                                ;
;     -- Total Connections                    ; 5849                 ; 5                              ;
;     -- Registered Connections               ; 1987                 ; 0                              ;
;                                             ;                      ;                                ;
; External Connections                        ;                      ;                                ;
;     -- Top                                  ; 8                    ; 0                              ;
;     -- hard_block:auto_generated_inst       ; 0                    ; 0                              ;
;                                             ;                      ;                                ;
; Partition Interface                         ;                      ;                                ;
;     -- Input Ports                          ; 16                   ; 0                              ;
;     -- Output Ports                         ; 41                   ; 0                              ;
;     -- Bidir Ports                          ; 4                    ; 0                              ;
;                                             ;                      ;                                ;
; Registered Ports                            ;                      ;                                ;
;     -- Registered Input Ports               ; 0                    ; 0                              ;
;     -- Registered Output Ports              ; 0                    ; 0                              ;
;                                             ;                      ;                                ;
; Port Connectivity                           ;                      ;                                ;
;     -- Input Ports driven by GND            ; 0                    ; 0                              ;
;     -- Output Ports driven by GND           ; 0                    ; 0                              ;
;     -- Input Ports driven by VCC            ; 0                    ; 0                              ;
;     -- Output Ports driven by VCC           ; 0                    ; 0                              ;
;     -- Input Ports with no Source           ; 0                    ; 0                              ;
;     -- Output Ports with no Source          ; 0                    ; 0                              ;
;     -- Input Ports with no Fanout           ; 0                    ; 0                              ;
;     -- Output Ports with no Fanout          ; 0                    ; 0                              ;
+---------------------------------------------+----------------------+--------------------------------+


+----------------------------------------------------------------------------------------------------------------------------------------------------------------------------------------------------------------------------------------------------------------------------------------------+
; Input Pins                                                                                                                                                                                                                                                                                   ;
+-------------+-------+----------+--------------+--------------+--------------+-----------------------+--------------------+--------+----------------+---------------+-----------------+----------+--------------+--------------+---------------------------+----------------------+-----------+
; Name        ; Pin # ; I/O Bank ; X coordinate ; Y coordinate ; Z coordinate ; Combinational Fan-Out ; Registered Fan-Out ; Global ; Input Register ; Power Up High ; PCI I/O Enabled ; Bus Hold ; Weak Pull Up ; I/O Standard ; Termination Control Block ; Location assigned by ; Slew Rate ;
+-------------+-------+----------+--------------+--------------+--------------+-----------------------+--------------------+--------+----------------+---------------+-----------------+----------+--------------+--------------+---------------------------+----------------------+-----------+
; cfg_addr[0] ; 89    ; 5        ; 34           ; 12           ; 14           ; 6                     ; 0                  ; no     ; no             ; no            ; yes             ; no       ; Off          ; 3.3-V LVTTL  ; --                        ; Fitter               ; no        ;
; cfg_addr[1] ; 83    ; 5        ; 34           ; 9            ; 21           ; 7                     ; 0                  ; no     ; no             ; no            ; yes             ; no       ; Off          ; 3.3-V LVTTL  ; --                        ; Fitter               ; no        ;
; cfg_addr[2] ; 88    ; 5        ; 34           ; 12           ; 21           ; 7                     ; 0                  ; no     ; no             ; no            ; yes             ; no       ; Off          ; 3.3-V LVTTL  ; --                        ; Fitter               ; no        ;
; cfg_addr[3] ; 106   ; 6        ; 34           ; 20           ; 7            ; 6                     ; 0                  ; no     ; no             ; no            ; yes             ; no       ; Off          ; 3.3-V LVTTL  ; --                        ; Fitter               ; no        ;
; cfg_data[0] ; 103   ; 6        ; 34           ; 18           ; 14           ; 10                    ; 0                  ; no     ; no             ; no            ; yes             ; no       ; Off          ; 3.3-V LVTTL  ; --                        ; Fitter               ; no        ;
; cfg_data[1] ; 98    ; 6        ; 34           ; 17           ; 21           ; 10                    ; 0                  ; no     ; no             ; no            ; yes             ; no       ; Off          ; 3.3-V LVTTL  ; --                        ; Fitter               ; no        ;
; cfg_data[2] ; 104   ; 6        ; 34           ; 18           ; 0            ; 10                    ; 0                  ; no     ; no             ; no            ; yes             ; no       ; Off          ; 3.3-V LVTTL  ; --                        ; Fitter               ; no        ;
; cfg_data[3] ; 115   ; 7        ; 28           ; 24           ; 21           ; 10                    ; 0                  ; no     ; no             ; no            ; yes             ; no       ; Off          ; 3.3-V LVTTL  ; --                        ; Fitter               ; no        ;
; cfg_data[4] ; 114   ; 7        ; 28           ; 24           ; 14           ; 10                    ; 0                  ; no     ; no             ; no            ; yes             ; no       ; Off          ; 3.3-V LVTTL  ; --                        ; Fitter               ; no        ;
; cfg_data[5] ; 91    ; 6        ; 34           ; 12           ; 0            ; 10                    ; 0                  ; no     ; no             ; no            ; yes             ; no       ; Off          ; 3.3-V LVTTL  ; --                        ; Fitter               ; no        ;
; cfg_data[6] ; 90    ; 6        ; 34           ; 12           ; 7            ; 10                    ; 0                  ; no     ; no             ; no            ; yes             ; no       ; Off          ; 3.3-V LVTTL  ; --                        ; Fitter               ; no        ;
; cfg_data[7] ; 105   ; 6        ; 34           ; 19           ; 14           ; 10                    ; 0                  ; no     ; no             ; no            ; yes             ; no       ; Off          ; 3.3-V LVTTL  ; --                        ; Fitter               ; no        ;
; cfg_we      ; 110   ; 7        ; 30           ; 24           ; 0            ; 6                     ; 0                  ; no     ; no             ; no            ; yes             ; no       ; Off          ; 3.3-V LVTTL  ; --                        ; Fitter               ; no        ;
; clk         ; 23    ; 1        ; 0            ; 11           ; 7            ; 484                   ; 0                  ; yes    ; no             ; no            ; yes             ; no       ; Off          ; 3.3-V LVTTL  ; --                        ; User                 ; no        ;
; io_mode     ; 138   ; 8        ; 7            ; 24           ; 7            ; 8                     ; 0                  ; no     ; no             ; no            ; yes             ; no       ; Off          ; 3.3-V LVTTL  ; --                        ; Fitter               ; no        ;
; rst_n       ; 24    ; 2        ; 0            ; 11           ; 14           ; 484                   ; 0                  ; yes    ; no             ; no            ; yes             ; no       ; Off          ; 3.3-V LVTTL  ; --                        ; User                 ; no        ;
+-------------+-------+----------+--------------+--------------+--------------+-----------------------+--------------------+--------+----------------+---------------+-----------------+----------+--------------+--------------+---------------------------+----------------------+-----------+


+-------------------------------------------------------------------------------------------------------------------------------------------------------------------------------------------------------------------------------------------------------------------------------------------------------------------------------------------------------------------------------------------------------------------------------------------------------------------+
; Output Pins                                                                                                                                                                                                                                                                                                                                                                                                                                                       ;
+------------------+-------+----------+--------------+--------------+--------------+-----------------+------------------------+---------------+-----------+-----------------+------------+---------------+----------+--------------+--------------+------------------+-----------------------------------+---------------------------+----------------------------+-----------------------------+----------------------+----------------------+---------------------+
; Name             ; Pin # ; I/O Bank ; X coordinate ; Y coordinate ; Z coordinate ; Output Register ; Output Enable Register ; Power Up High ; Slew Rate ; PCI I/O Enabled ; Open Drain ; TRI Primitive ; Bus Hold ; Weak Pull Up ; I/O Standard ; Current Strength ; Termination                       ; Termination Control Block ; Output Buffer Pre-emphasis ; Voltage Output Differential ; Location assigned by ; Output Enable Source ; Output Enable Group ;
+------------------+-------+----------+--------------+--------------+--------------+-----------------+------------------------+---------------+-----------+-----------------+------------+---------------+----------+--------------+--------------+------------------+-----------------------------------+---------------------------+----------------------------+-----------------------------+----------------------+----------------------+---------------------+
; SVNSEG_SEG[0]    ; 128   ; 8        ; 16           ; 24           ; 14           ; no              ; no                     ; no            ; 2         ; no              ; no         ; no            ; no       ; Off          ; 3.3-V LVTTL  ; 8mA              ; Off                               ; --                        ; no                         ; no                          ; User                 ; -                    ; -                   ;
; SVNSEG_SEG[1]    ; 121   ; 7        ; 23           ; 24           ; 14           ; no              ; no                     ; no            ; 2         ; no              ; no         ; no            ; no       ; Off          ; 3.3-V LVTTL  ; 8mA              ; Off                               ; --                        ; no                         ; no                          ; User                 ; -                    ; -                   ;
; SVNSEG_SEG[2]    ; 125   ; 7        ; 18           ; 24           ; 21           ; no              ; no                     ; no            ; 2         ; no              ; no         ; no            ; no       ; Off          ; 3.3-V LVTTL  ; 8mA              ; Off                               ; --                        ; no                         ; no                          ; User                 ; -                    ; -                   ;
; SVNSEG_SEG[3]    ; 129   ; 8        ; 16           ; 24           ; 21           ; no              ; no                     ; no            ; 2         ; no              ; no         ; no            ; no       ; Off          ; 3.3-V LVTTL  ; 8mA              ; Off                               ; --                        ; no                         ; no                          ; User                 ; -                    ; -                   ;
; SVNSEG_SEG[4]    ; 132   ; 8        ; 13           ; 24           ; 14           ; no              ; no                     ; no            ; 2         ; no              ; no         ; no            ; no       ; Off          ; 3.3-V LVTTL  ; 8mA              ; Off                               ; --                        ; no                         ; no                          ; User                 ; -                    ; -                   ;
; SVNSEG_SEG[5]    ; 126   ; 7        ; 16           ; 24           ; 0            ; no              ; no                     ; no            ; 2         ; no              ; no         ; no            ; no       ; Off          ; 3.3-V LVTTL  ; 8mA              ; Off                               ; --                        ; no                         ; no                          ; User                 ; -                    ; -                   ;
; SVNSEG_SEG[6]    ; 124   ; 7        ; 18           ; 24           ; 14           ; no              ; no                     ; no            ; 2         ; no              ; no         ; no            ; no       ; Off          ; 3.3-V LVTTL  ; 8mA              ; Off                               ; --                        ; no                         ; no                          ; User                 ; -                    ; -                   ;
; SVNSEG_SEG[7]    ; 127   ; 7        ; 16           ; 24           ; 7            ; no              ; no                     ; no            ; 2         ; no              ; no         ; no            ; no       ; Off          ; 3.3-V LVTTL  ; 8mA              ; Off                               ; --                        ; no                         ; no                          ; User                 ; -                    ; -                   ;
; e_g_left         ; 111   ; 7        ; 30           ; 24           ; 21           ; no              ; no                     ; no            ; 2         ; no              ; no         ; no            ; no       ; Off          ; 3.3-V LVTTL  ; 8mA              ; Off                               ; --                        ; no                         ; no                          ; Fitter               ; -                    ; -                   ;
; e_g_ped          ; 86    ; 5        ; 34           ; 9            ; 0            ; no              ; no                     ; no            ; 2         ; no              ; no         ; no            ; no       ; Off          ; 3.3-V LVTTL  ; 8mA              ; Off                               ; --                        ; no                         ; no                          ; User                 ; -                    ; -                   ;
; e_g_stra         ; 80    ; 5        ; 34           ; 7            ; 7            ; no              ; no                     ; no            ; 2         ; no              ; no         ; no            ; no       ; Off          ; 3.3-V LVTTL  ; 8mA              ; Off                               ; --                        ; no                         ; no                          ; Fitter               ; -                    ; -                   ;
; e_r_left         ; 60    ; 4        ; 23           ; 0            ; 7            ; no              ; no                     ; no            ; 2         ; no              ; no         ; no            ; no       ; Off          ; 3.3-V LVTTL  ; 8mA              ; Off                               ; --                        ; no                         ; no                          ; User                 ; -                    ; -                   ;
; e_r_ped          ; 53    ; 3        ; 16           ; 0            ; 0            ; no              ; no                     ; no            ; 2         ; no              ; no         ; no            ; no       ; Off          ; 2.5 V        ; Default          ; Series 50 Ohm without Calibration ; --                        ; no                         ; no                          ; Fitter               ; -                    ; -                   ;
; e_r_stra         ; 64    ; 4        ; 25           ; 0            ; 0            ; no              ; no                     ; no            ; 2         ; no              ; no         ; no            ; no       ; Off          ; 3.3-V LVTTL  ; 8mA              ; Off                               ; --                        ; no                         ; no                          ; User                 ; -                    ; -                   ;
; e_y_left         ; 65    ; 4        ; 28           ; 0            ; 21           ; no              ; no                     ; no            ; 2         ; no              ; no         ; no            ; no       ; Off          ; 3.3-V LVTTL  ; 8mA              ; Off                               ; --                        ; no                         ; no                          ; User                 ; -                    ; -                   ;
; e_y_stra         ; 59    ; 4        ; 23           ; 0            ; 14           ; no              ; no                     ; no            ; 2         ; no              ; no         ; no            ; no       ; Off          ; 3.3-V LVTTL  ; 8mA              ; Off                               ; --                        ; no                         ; no                          ; Fitter               ; -                    ; -                   ;
; n_g_left         ; 30    ; 2        ; 0            ; 8            ; 14           ; no              ; no                     ; no            ; 2         ; no              ; no         ; no            ; no       ; Off          ; 3.3-V LVTTL  ; 8mA              ; Off                               ; --                        ; no                         ; no                          ; User                 ; -                    ; -                   ;
; n_g_ped          ; 84    ; 5        ; 34           ; 9            ; 14           ; no              ; no                     ; no            ; 2         ; no              ; no         ; no            ; no       ; Off          ; 3.3-V LVTTL  ; 8mA              ; Off                               ; --                        ; no                         ; no                          ; User                 ; -                    ; -                   ;
; n_g_stra         ; 28    ; 2        ; 0            ; 9            ; 7            ; no              ; no                     ; no            ; 2         ; no              ; no         ; no            ; no       ; Off          ; 3.3-V LVTTL  ; 8mA              ; Off                               ; --                        ; no                         ; no                          ; User                 ; -                    ; -                   ;
; n_r_left         ; 34    ; 2        ; 0            ; 5            ; 14           ; no              ; no                     ; no            ; 2         ; no              ; no         ; no            ; no       ; Off          ; 3.3-V LVTTL  ; 8mA              ; Off                               ; --                        ; no                         ; no                          ; User                 ; -                    ; -                   ;
; n_r_ped          ; 52    ; 3        ; 16           ; 0            ; 7            ; no              ; no                     ; no            ; 2         ; no              ; no         ; no            ; no       ; Off          ; 2.5 V        ; Default          ; Series 50 Ohm without Calibration ; --                        ; no                         ; no                          ; Fitter               ; -                    ; -                   ;
; n_r_stra         ; 33    ; 2        ; 0            ; 6            ; 21           ; no              ; no                     ; no            ; 2         ; no              ; no         ; no            ; no       ; Off          ; 3.3-V LVTTL  ; 8mA              ; Off                               ; --                        ; no                         ; no                          ; User                 ; -                    ; -                   ;
; n_y_left         ; 32    ; 2        ; 0            ; 6            ; 14           ; no              ; no                     ; no            ; 2         ; no              ; no         ; no            ; no       ; Off          ; 3.3-V LVTTL  ; 8mA              ; Off                               ; --                        ; no                         ; no                          ; User                 ; -                    ; -                   ;
; n_y_stra         ; 31    ; 2        ; 0            ; 7            ; 0            ; no              ; no                     ; no            ; 2         ; no              ; no         ; no            ; no       ; Off          ; 3.3-V LVTTL  ; 8mA              ; Off                               ; --                        ; no                         ; no                          ; User                 ; -                    ; -                   ;
; s_g_left         ; 141   ; 8        ; 5            ; 24           ; 7            ; no              ; no                     ; no            ; 2         ; no              ; no         ; no            ; no       ; Off          ; 3.3-V LVTTL  ; 8mA              ; Off                               ; --                        ; no                         ; no                          ; Fitter               ; -                    ; -                   ;
; s_g_ped          ; 85    ; 5        ; 34           ; 9            ; 7            ; no              ; no                     ; no            ; 2         ; no              ; no         ; no            ; no       ; Off          ; 3.3-V LVTTL  ; 8mA              ; Off                               ; --                        ; no                         ; no                          ; User                 ; -                    ; -                   ;
; s_g_stra         ; 55    ; 4        ; 18           ; 0            ; 14           ; no              ; no                     ; no            ; 2         ; no              ; no         ; no            ; no       ; Off          ; 3.3-V LVTTL  ; 8mA              ; Off                               ; --                        ; no                         ; no                          ; Fitter               ; -                    ; -                   ;
; s_r_left         ; 112   ; 7        ; 28           ; 24           ; 0            ; no              ; no                     ; no            ; 2         ; no              ; no         ; no            ; no       ; Off          ; 3.3-V LVTTL  ; 8mA              ; Off                               ; --                        ; no                         ; no                          ; Fitter               ; -                    ; -                   ;
; s_r_ped          ; 100   ; 6        ; 34           ; 17           ; 0            ; no              ; no                     ; no            ; 2         ; no              ; no         ; no            ; no       ; Off          ; 2.5 V        ; Default          ; Series 50 Ohm without Calibration ; --                        ; no                         ; no                          ; Fitter               ; -                    ; -                   ;
; s_r_stra         ; 119   ; 7        ; 23           ; 24           ; 0            ; no              ; no                     ; no            ; 2         ; no              ; no         ; no            ; no       ; Off          ; 3.3-V LVTTL  ; 8mA              ; Off                               ; --                        ; no                         ; no                          ; Fitter               ; -                    ; -                   ;
; s_y_left         ; 113   ; 7        ; 28           ; 24           ; 7            ; no              ; no                     ; no            ; 2         ; no              ; no         ; no            ; no       ; Off          ; 3.3-V LVTTL  ; 8mA              ; Off                               ; --                        ; no                         ; no                          ; Fitter               ; -                    ; -                   ;
; s_y_stra         ; 120   ; 7        ; 23           ; 24           ; 7            ; no              ; no                     ; no            ; 2         ; no              ; no         ; no            ; no       ; Off          ; 3.3-V LVTTL  ; 8mA              ; Off                               ; --                        ; no                         ; no                          ; Fitter               ; -                    ; -                   ;
; system_fault_led ; 144   ; 8        ; 1            ; 24           ; 7            ; no              ; no                     ; no            ; 2         ; no              ; no         ; no            ; no       ; Off          ; 3.3-V LVTTL  ; 8mA              ; Off                               ; --                        ; no                         ; no                          ; User                 ; -                    ; -                   ;
; w_g_left         ; 69    ; 4        ; 30           ; 0            ; 0            ; no              ; no                     ; no            ; 2         ; no              ; no         ; no            ; no       ; Off          ; 3.3-V LVTTL  ; 8mA              ; Off                               ; --                        ; no                         ; no                          ; User                 ; -                    ; -                   ;
; w_g_ped          ; 87    ; 5        ; 34           ; 10           ; 7            ; no              ; no                     ; no            ; 2         ; no              ; no         ; no            ; no       ; Off          ; 3.3-V LVTTL  ; 8mA              ; Off                               ; --                        ; no                         ; no                          ; User                 ; -                    ; -                   ;
; w_g_stra         ; 68    ; 4        ; 30           ; 0            ; 7            ; no              ; no                     ; no            ; 2         ; no              ; no         ; no            ; no       ; Off          ; 3.3-V LVTTL  ; 8mA              ; Off                               ; --                        ; no                         ; no                          ; User                 ; -                    ; -                   ;
; w_r_left         ; 73    ; 5        ; 34           ; 2            ; 21           ; no              ; no                     ; no            ; 2         ; no              ; no         ; no            ; no       ; Off          ; 3.3-V LVTTL  ; 8mA              ; Off                               ; --                        ; no                         ; no                          ; User                 ; -                    ; -                   ;
; w_r_ped          ; 99    ; 6        ; 34           ; 17           ; 14           ; no              ; no                     ; no            ; 2         ; no              ; no         ; no            ; no       ; Off          ; 2.5 V        ; Default          ; Series 50 Ohm without Calibration ; --                        ; no                         ; no                          ; Fitter               ; -                    ; -                   ;
; w_r_stra         ; 72    ; 4        ; 32           ; 0            ; 7            ; no              ; no                     ; no            ; 2         ; no              ; no         ; no            ; no       ; Off          ; 3.3-V LVTTL  ; 8mA              ; Off                               ; --                        ; no                         ; no                          ; User                 ; -                    ; -                   ;
; w_y_left         ; 71    ; 4        ; 32           ; 0            ; 14           ; no              ; no                     ; no            ; 2         ; no              ; no         ; no            ; no       ; Off          ; 3.3-V LVTTL  ; 8mA              ; Off                               ; --                        ; no                         ; no                          ; User                 ; -                    ; -                   ;
; w_y_stra         ; 70    ; 4        ; 32           ; 0            ; 21           ; no              ; no                     ; no            ; 2         ; no              ; no         ; no            ; no       ; Off          ; 3.3-V LVTTL  ; 8mA              ; Off                               ; --                        ; no                         ; no                          ; User                 ; -                    ; -                   ;
+------------------+-------+----------+--------------+--------------+--------------+-----------------+------------------------+---------------+-----------+-----------------+------------+---------------+----------+--------------+--------------+------------------+-----------------------------------+---------------------------+----------------------------+-----------------------------+----------------------+----------------------+---------------------+


+----------------------------------------------------------------------------------------------------------------------------------------------------------------------------------------------------------------------------------------------------------------------------------------------------------------------------------------------------------------------------------------------------------------------------------------------------------------------------+
; Bidir Pins                                                                                                                                                                                                                                                                                                                                                                                                                                                                 ;
+------------+-------+----------+--------------+--------------+--------------+-----------------------+--------------------+--------+----------------+-----------------+------------------------+---------------+-----------+-----------------+------------+----------+--------------+--------------+------------------+--------------------+---------------------------+----------------------------+----------------------+----------------------+--------------------------+
; Name       ; Pin # ; I/O Bank ; X coordinate ; Y coordinate ; Z coordinate ; Combinational Fan-Out ; Registered Fan-Out ; Global ; Input Register ; Output Register ; Output Enable Register ; Power Up High ; Slew Rate ; PCI I/O Enabled ; Open Drain ; Bus Hold ; Weak Pull Up ; I/O Standard ; Current Strength ; Output Termination ; Termination Control Block ; Output Buffer Pre-emphasis ; Location assigned by ; Output Enable Source ; Output Enable Group      ;
+------------+-------+----------+--------------+--------------+--------------+-----------------------+--------------------+--------+----------------+-----------------+------------------------+---------------+-----------+-----------------+------------+----------+--------------+--------------+------------------+--------------------+---------------------------+----------------------------+----------------------+----------------------+--------------------------+
; dig_dip[0] ; 133   ; 8        ; 13           ; 24           ; 21           ; 1                     ; 0                  ; no     ; no             ; no              ; no                     ; no            ; 2         ; yes             ; no         ; no       ; Off          ; 3.3-V LVTTL  ; 8mA              ; Off                ; --                        ; no                         ; User                 ; 0 pF                 ; io_mode~input (inverted) ;
; dig_dip[1] ; 135   ; 8        ; 11           ; 24           ; 14           ; 1                     ; 0                  ; no     ; no             ; no              ; no                     ; no            ; 2         ; yes             ; no         ; no       ; Off          ; 3.3-V LVTTL  ; 8mA              ; Off                ; --                        ; no                         ; User                 ; 0 pF                 ; io_mode~input (inverted) ;
; dig_dip[2] ; 136   ; 8        ; 9            ; 24           ; 7            ; 1                     ; 0                  ; no     ; no             ; no              ; no                     ; no            ; 2         ; yes             ; no         ; no       ; Off          ; 3.3-V LVTTL  ; 8mA              ; Off                ; --                        ; no                         ; User                 ; 0 pF                 ; io_mode~input (inverted) ;
; dig_dip[3] ; 137   ; 8        ; 7            ; 24           ; 0            ; 1                     ; 0                  ; no     ; no             ; no              ; no                     ; no            ; 2         ; yes             ; no         ; no       ; Off          ; 3.3-V LVTTL  ; 8mA              ; Off                ; --                        ; no                         ; User                 ; 0 pF                 ; io_mode~input (inverted) ;
+------------+-------+----------+--------------+--------------+--------------+-----------------------+--------------------+--------+----------------+-----------------+------------------------+---------------+-----------+-----------------+------------+----------+--------------+--------------+------------------+--------------------+---------------------------+----------------------------+----------------------+----------------------+--------------------------+


+-------------------------------------------------------------------------------------------------------------------------+
; Dual Purpose and Dedicated Pins                                                                                         ;
+----------+-----------------------------+--------------------------+-------------------------+---------------------------+
; Location ; Pin Name                    ; Reserved As              ; User Signal Name        ; Pin Type                  ;
+----------+-----------------------------+--------------------------+-------------------------+---------------------------+
; 6        ; DIFFIO_L1n, DATA1, ASDO     ; As input tri-stated      ; ~ALTERA_ASDO_DATA1~     ; Dual Purpose Pin          ;
; 8        ; DIFFIO_L2p, FLASH_nCE, nCSO ; As input tri-stated      ; ~ALTERA_FLASH_nCE_nCSO~ ; Dual Purpose Pin          ;
; 9        ; nSTATUS                     ; -                        ; -                       ; Dedicated Programming Pin ;
; 12       ; DCLK                        ; As output driving ground ; ~ALTERA_DCLK~           ; Dual Purpose Pin          ;
; 13       ; DATA0                       ; As input tri-stated      ; ~ALTERA_DATA0~          ; Dual Purpose Pin          ;
; 14       ; nCONFIG                     ; -                        ; -                       ; Dedicated Programming Pin ;
; 21       ; nCE                         ; -                        ; -                       ; Dedicated Programming Pin ;
; 86       ; DIFFIO_R7n, DEV_OE          ; Use as regular IO        ; e_g_ped                 ; Dual Purpose Pin          ;
; 87       ; DIFFIO_R7p, DEV_CLRn        ; Use as regular IO        ; w_g_ped                 ; Dual Purpose Pin          ;
; 92       ; CONF_DONE                   ; -                        ; -                       ; Dedicated Programming Pin ;
; 94       ; MSEL0                       ; -                        ; -                       ; Dedicated Programming Pin ;
; 96       ; MSEL1                       ; -                        ; -                       ; Dedicated Programming Pin ;
; 97       ; MSEL2                       ; -                        ; -                       ; Dedicated Programming Pin ;
; 97       ; MSEL3                       ; -                        ; -                       ; Dedicated Programming Pin ;
; 98       ; DIFFIO_R4n, INIT_DONE       ; Use as regular IO        ; cfg_data[1]             ; Dual Purpose Pin          ;
; 99       ; DIFFIO_R4p, CRC_ERROR       ; Use as regular IO        ; w_r_ped                 ; Dual Purpose Pin          ;
; 101      ; DIFFIO_R3n, nCEO            ; Use as programming pin   ; ~ALTERA_nCEO~           ; Dual Purpose Pin          ;
; 103      ; DIFFIO_R3p, CLKUSR          ; Use as regular IO        ; cfg_data[0]             ; Dual Purpose Pin          ;
; 132      ; DIFFIO_T10n, DATA2          ; Use as regular IO        ; SVNSEG_SEG[4]           ; Dual Purpose Pin          ;
; 133      ; DIFFIO_T10p, DATA3          ; Use as regular IO        ; dig_dip[0]              ; Dual Purpose Pin          ;
; 137      ; DATA5                       ; Use as regular IO        ; dig_dip[3]              ; Dual Purpose Pin          ;
; 138      ; DATA6                       ; Use as regular IO        ; io_mode                 ; Dual Purpose Pin          ;
+----------+-----------------------------+--------------------------+-------------------------+---------------------------+


+-------------------------------------------------------------+
; I/O Bank Usage                                              ;
+----------+-------------------+---------------+--------------+
; I/O Bank ; Usage             ; VCCIO Voltage ; VREF Voltage ;
+----------+-------------------+---------------+--------------+
; 1        ; 5 / 11 ( 45 % )   ; 3.3V          ; --           ;
; 2        ; 7 / 8 ( 88 % )    ; 3.3V          ; --           ;
; 3        ; 2 / 11 ( 18 % )   ; 2.5V          ; --           ;
; 4        ; 10 / 14 ( 71 % )  ; 3.3V          ; --           ;
; 5        ; 9 / 13 ( 69 % )   ; 3.3V          ; --           ;
; 6        ; 10 / 10 ( 100 % ) ; 2.5V          ; --           ;
; 7        ; 13 / 13 ( 100 % ) ; 3.3V          ; --           ;
; 8        ; 10 / 12 ( 83 % )  ; 3.3V          ; --           ;
+----------+-------------------+---------------+--------------+


+-----------------------------------------------------------------------------------------------------------------------------------------------------------------------------------------+
; All Package Pins                                                                                                                                                                        ;
+----------+------------+----------+-----------------------------------------------------------+--------+--------------+---------+------------+-----------------+----------+--------------+
; Location ; Pad Number ; I/O Bank ; Pin Name/Usage                                            ; Dir.   ; I/O Standard ; Voltage ; I/O Type   ; User Assignment ; Bus Hold ; Weak Pull Up ;
+----------+------------+----------+-----------------------------------------------------------+--------+--------------+---------+------------+-----------------+----------+--------------+
; 1        ; 0          ; 1        ; RESERVED_INPUT_WITH_WEAK_PULLUP                           ;        ;              ;         ; Row I/O    ;                 ; no       ; On           ;
; 2        ; 1          ; 1        ; RESERVED_INPUT_WITH_WEAK_PULLUP                           ;        ;              ;         ; Row I/O    ;                 ; no       ; On           ;
; 3        ; 2          ; 1        ; RESERVED_INPUT_WITH_WEAK_PULLUP                           ;        ;              ;         ; Row I/O    ;                 ; no       ; On           ;
; 4        ;            ;          ; GND                                                       ; gnd    ;              ;         ; --         ;                 ; --       ; --           ;
; 5        ;            ;          ; VCCINT                                                    ; power  ;              ; 1.2V    ; --         ;                 ; --       ; --           ;
; 6        ; 5          ; 1        ; ~ALTERA_ASDO_DATA1~ / RESERVED_INPUT_WITH_WEAK_PULLUP     ; input  ; 3.3-V LVTTL  ;         ; Row I/O    ; N               ; no       ; On           ;
; 7        ; 6          ; 1        ; RESERVED_INPUT_WITH_WEAK_PULLUP                           ;        ;              ;         ; Row I/O    ;                 ; --       ; --           ;
; 8        ; 7          ; 1        ; ~ALTERA_FLASH_nCE_nCSO~ / RESERVED_INPUT_WITH_WEAK_PULLUP ; input  ; 3.3-V LVTTL  ;         ; Row I/O    ; N               ; no       ; On           ;
; 9        ; 9          ; 1        ; ^nSTATUS                                                  ;        ;              ;         ; --         ;                 ; --       ; --           ;
; 10       ; 13         ; 1        ; RESERVED_INPUT_WITH_WEAK_PULLUP                           ;        ;              ;         ; Row I/O    ;                 ; no       ; On           ;
; 11       ; 14         ; 1        ; RESERVED_INPUT_WITH_WEAK_PULLUP                           ;        ;              ;         ; Row I/O    ;                 ; no       ; On           ;
; 12       ; 15         ; 1        ; ~ALTERA_DCLK~                                             ; output ; 3.3-V LVTTL  ;         ; Row I/O    ; N               ; no       ; On           ;
; 13       ; 16         ; 1        ; ~ALTERA_DATA0~ / RESERVED_INPUT_WITH_WEAK_PULLUP          ; input  ; 3.3-V LVTTL  ;         ; Row I/O    ; N               ; no       ; On           ;
; 14       ; 17         ; 1        ; ^nCONFIG                                                  ;        ;              ;         ; --         ;                 ; --       ; --           ;
; 15       ; 18         ; 1        ; #TDI                                                      ; input  ;              ;         ; --         ;                 ; --       ; --           ;
; 16       ; 19         ; 1        ; #TCK                                                      ; input  ;              ;         ; --         ;                 ; --       ; --           ;
; 17       ;            ; 1        ; VCCIO1                                                    ; power  ;              ; 3.3V    ; --         ;                 ; --       ; --           ;
; 18       ; 20         ; 1        ; #TMS                                                      ; input  ;              ;         ; --         ;                 ; --       ; --           ;
; 19       ;            ;          ; GND                                                       ; gnd    ;              ;         ; --         ;                 ; --       ; --           ;
; 20       ; 21         ; 1        ; #TDO                                                      ; output ;              ;         ; --         ;                 ; --       ; --           ;
; 21       ; 22         ; 1        ; ^nCE                                                      ;        ;              ;         ; --         ;                 ; --       ; --           ;
; 22       ;            ;          ; GND                                                       ; gnd    ;              ;         ; --         ;                 ; --       ; --           ;
; 23       ; 24         ; 1        ; clk                                                       ; input  ; 3.3-V LVTTL  ;         ; Row I/O    ; Y               ; no       ; Off          ;
; 24       ; 25         ; 2        ; rst_n                                                     ; input  ; 3.3-V LVTTL  ;         ; Row I/O    ; Y               ; no       ; Off          ;
; 25       ; 26         ; 2        ; GND+                                                      ;        ;              ;         ; Row I/O    ;                 ; --       ; --           ;
; 26       ;            ; 2        ; VCCIO2                                                    ; power  ;              ; 3.3V    ; --         ;                 ; --       ; --           ;
; 27       ;            ;          ; GND                                                       ; gnd    ;              ;         ; --         ;                 ; --       ; --           ;
; 28       ; 31         ; 2        ; n_g_stra                                                  ; output ; 3.3-V LVTTL  ;         ; Row I/O    ; Y               ; no       ; Off          ;
; 29       ;            ;          ; VCCINT                                                    ; power  ;              ; 1.2V    ; --         ;                 ; --       ; --           ;
; 30       ; 34         ; 2        ; n_g_left                                                  ; output ; 3.3-V LVTTL  ;         ; Row I/O    ; Y               ; no       ; Off          ;
; 31       ; 36         ; 2        ; n_y_stra                                                  ; output ; 3.3-V LVTTL  ;         ; Row I/O    ; Y               ; no       ; Off          ;
; 32       ; 39         ; 2        ; n_y_left                                                  ; output ; 3.3-V LVTTL  ;         ; Row I/O    ; Y               ; no       ; Off          ;
; 33       ; 40         ; 2        ; n_r_stra                                                  ; output ; 3.3-V LVTTL  ;         ; Row I/O    ; Y               ; no       ; Off          ;
; 34       ; 41         ; 2        ; n_r_left                                                  ; output ; 3.3-V LVTTL  ;         ; Row I/O    ; Y               ; no       ; Off          ;
; 35       ;            ; --       ; VCCA1                                                     ; power  ;              ; 2.5V    ; --         ;                 ; --       ; --           ;
; 36       ;            ;          ; GNDA1                                                     ; gnd    ;              ;         ; --         ;                 ; --       ; --           ;
; 37       ;            ;          ; VCCD_PLL1                                                 ; power  ;              ; 1.2V    ; --         ;                 ; --       ; --           ;
; 38       ; 45         ; 3        ; RESERVED_INPUT_WITH_WEAK_PULLUP                           ;        ;              ;         ; Column I/O ;                 ; no       ; On           ;
; 39       ; 46         ; 3        ; RESERVED_INPUT_WITH_WEAK_PULLUP                           ;        ;              ;         ; Column I/O ;                 ; no       ; On           ;
; 40       ;            ; 3        ; VCCIO3                                                    ; power  ;              ; 2.5V    ; --         ;                 ; --       ; --           ;
; 41       ;            ;          ; GND                                                       ; gnd    ;              ;         ; --         ;                 ; --       ; --           ;
; 42       ; 52         ; 3        ; RESERVED_INPUT_WITH_WEAK_PULLUP                           ;        ;              ;         ; Column I/O ;                 ; no       ; On           ;
; 43       ; 53         ; 3        ; RESERVED_INPUT_WITH_WEAK_PULLUP                           ;        ;              ;         ; Column I/O ;                 ; no       ; On           ;
; 44       ; 54         ; 3        ; RESERVED_INPUT_WITH_WEAK_PULLUP                           ;        ;              ;         ; Column I/O ;                 ; no       ; On           ;
; 45       ;            ;          ; VCCINT                                                    ; power  ;              ; 1.2V    ; --         ;                 ; --       ; --           ;
; 46       ; 58         ; 3        ; RESERVED_INPUT_WITH_WEAK_PULLUP                           ;        ;              ;         ; Column I/O ;                 ; --       ; --           ;
; 47       ;            ; 3        ; VCCIO3                                                    ; power  ;              ; 2.5V    ; --         ;                 ; --       ; --           ;
; 48       ;            ;          ; GND                                                       ; gnd    ;              ;         ; --         ;                 ; --       ; --           ;
; 49       ; 68         ; 3        ; RESERVED_INPUT_WITH_WEAK_PULLUP                           ;        ;              ;         ; Column I/O ;                 ; no       ; On           ;
; 50       ; 69         ; 3        ; RESERVED_INPUT_WITH_WEAK_PULLUP                           ;        ;              ;         ; Column I/O ;                 ; no       ; On           ;
; 51       ; 70         ; 3        ; RESERVED_INPUT_WITH_WEAK_PULLUP                           ;        ;              ;         ; Column I/O ;                 ; no       ; On           ;
; 52       ; 72         ; 3        ; n_r_ped                                                   ; output ; 2.5 V        ;         ; Column I/O ; N               ; no       ; Off          ;
; 53       ; 73         ; 3        ; e_r_ped                                                   ; output ; 2.5 V        ;         ; Column I/O ; N               ; no       ; Off          ;
; 54       ; 74         ; 4        ; RESERVED_INPUT_WITH_WEAK_PULLUP                           ;        ;              ;         ; Column I/O ;                 ; no       ; On           ;
; 55       ; 75         ; 4        ; s_g_stra                                                  ; output ; 3.3-V LVTTL  ;         ; Column I/O ; N               ; no       ; Off          ;
; 56       ;            ; 4        ; VCCIO4                                                    ; power  ;              ; 3.3V    ; --         ;                 ; --       ; --           ;
; 57       ;            ;          ; GND                                                       ; gnd    ;              ;         ; --         ;                 ; --       ; --           ;
; 58       ; 80         ; 4        ; RESERVED_INPUT_WITH_WEAK_PULLUP                           ;        ;              ;         ; Column I/O ;                 ; no       ; On           ;
; 59       ; 83         ; 4        ; e_y_stra                                                  ; output ; 3.3-V LVTTL  ;         ; Column I/O ; N               ; no       ; Off          ;
; 60       ; 84         ; 4        ; e_r_left                                                  ; output ; 3.3-V LVTTL  ;         ; Column I/O ; Y               ; no       ; Off          ;
; 61       ;            ;          ; VCCINT                                                    ; power  ;              ; 1.2V    ; --         ;                 ; --       ; --           ;
; 62       ;            ; 4        ; VCCIO4                                                    ; power  ;              ; 3.3V    ; --         ;                 ; --       ; --           ;
; 63       ;            ;          ; GND                                                       ; gnd    ;              ;         ; --         ;                 ; --       ; --           ;
; 64       ; 89         ; 4        ; e_r_stra                                                  ; output ; 3.3-V LVTTL  ;         ; Column I/O ; Y               ; no       ; Off          ;
; 65       ; 90         ; 4        ; e_y_left                                                  ; output ; 3.3-V LVTTL  ;         ; Column I/O ; Y               ; no       ; Off          ;
; 66       ; 93         ; 4        ; RESERVED_INPUT_WITH_WEAK_PULLUP                           ;        ;              ;         ; Column I/O ;                 ; no       ; On           ;
; 67       ; 94         ; 4        ; RESERVED_INPUT_WITH_WEAK_PULLUP                           ;        ;              ;         ; Column I/O ;                 ; no       ; On           ;
; 68       ; 96         ; 4        ; w_g_stra                                                  ; output ; 3.3-V LVTTL  ;         ; Column I/O ; Y               ; no       ; Off          ;
; 69       ; 97         ; 4        ; w_g_left                                                  ; output ; 3.3-V LVTTL  ;         ; Column I/O ; Y               ; no       ; Off          ;
; 70       ; 98         ; 4        ; w_y_stra                                                  ; output ; 3.3-V LVTTL  ;         ; Column I/O ; Y               ; no       ; Off          ;
; 71       ; 99         ; 4        ; w_y_left                                                  ; output ; 3.3-V LVTTL  ;         ; Column I/O ; Y               ; no       ; Off          ;
; 72       ; 100        ; 4        ; w_r_stra                                                  ; output ; 3.3-V LVTTL  ;         ; Column I/O ; Y               ; no       ; Off          ;
; 73       ; 102        ; 5        ; w_r_left                                                  ; output ; 3.3-V LVTTL  ;         ; Row I/O    ; Y               ; no       ; Off          ;
; 74       ; 103        ; 5        ; RESERVED_INPUT_WITH_WEAK_PULLUP                           ;        ;              ;         ; Row I/O    ;                 ; no       ; On           ;
; 75       ; 104        ; 5        ; RESERVED_INPUT_WITH_WEAK_PULLUP                           ;        ;              ;         ; Row I/O    ;                 ; no       ; On           ;
; 76       ; 106        ; 5        ; RESERVED_INPUT_WITH_WEAK_PULLUP                           ;        ;              ;         ; Row I/O    ;                 ; no       ; On           ;
; 77       ; 107        ; 5        ; RESERVED_INPUT_WITH_WEAK_PULLUP                           ;        ;              ;         ; Row I/O    ;                 ; no       ; On           ;
; 78       ;            ;          ; VCCINT                                                    ; power  ;              ; 1.2V    ; --         ;                 ; --       ; --           ;
; 79       ;            ;          ; GND                                                       ; gnd    ;              ;         ; --         ;                 ; --       ; --           ;
; 80       ; 113        ; 5        ; e_g_stra                                                  ; output ; 3.3-V LVTTL  ;         ; Row I/O    ; N               ; no       ; Off          ;
; 81       ;            ; 5        ; VCCIO5                                                    ; power  ;              ; 3.3V    ; --         ;                 ; --       ; --           ;
; 82       ;            ;          ; GND                                                       ; gnd    ;              ;         ; --         ;                 ; --       ; --           ;
; 83       ; 117        ; 5        ; cfg_addr[1]                                               ; input  ; 3.3-V LVTTL  ;         ; Row I/O    ; N               ; no       ; Off          ;
; 84       ; 118        ; 5        ; n_g_ped                                                   ; output ; 3.3-V LVTTL  ;         ; Row I/O    ; Y               ; no       ; Off          ;
; 85       ; 119        ; 5        ; s_g_ped                                                   ; output ; 3.3-V LVTTL  ;         ; Row I/O    ; Y               ; no       ; Off          ;
; 86       ; 120        ; 5        ; e_g_ped                                                   ; output ; 3.3-V LVTTL  ;         ; Row I/O    ; Y               ; no       ; Off          ;
; 87       ; 121        ; 5        ; w_g_ped                                                   ; output ; 3.3-V LVTTL  ;         ; Row I/O    ; Y               ; no       ; Off          ;
; 88       ; 125        ; 5        ; cfg_addr[2]                                               ; input  ; 3.3-V LVTTL  ;         ; Row I/O    ; N               ; no       ; Off          ;
; 89       ; 126        ; 5        ; cfg_addr[0]                                               ; input  ; 3.3-V LVTTL  ;         ; Row I/O    ; N               ; no       ; Off          ;
; 90       ; 127        ; 6        ; cfg_data[6]                                               ; input  ; 3.3-V LVTTL  ;         ; Row I/O    ; N               ; no       ; Off          ;
; 91       ; 128        ; 6        ; cfg_data[5]                                               ; input  ; 3.3-V LVTTL  ;         ; Row I/O    ; N               ; no       ; Off          ;
; 92       ; 129        ; 6        ; ^CONF_DONE                                                ;        ;              ;         ; --         ;                 ; --       ; --           ;
; 93       ;            ; 6        ; VCCIO6                                                    ; power  ;              ; 2.5V    ; --         ;                 ; --       ; --           ;
; 94       ; 130        ; 6        ; ^MSEL0                                                    ;        ;              ;         ; --         ;                 ; --       ; --           ;
; 95       ;            ;          ; GND                                                       ; gnd    ;              ;         ; --         ;                 ; --       ; --           ;
; 96       ; 131        ; 6        ; ^MSEL1                                                    ;        ;              ;         ; --         ;                 ; --       ; --           ;
; 97       ; 132        ; 6        ; ^MSEL2                                                    ;        ;              ;         ; --         ;                 ; --       ; --           ;
; 97       ; 133        ; 6        ; ^MSEL3                                                    ;        ;              ;         ; --         ;                 ; --       ; --           ;
; 98       ; 136        ; 6        ; cfg_data[1]                                               ; input  ; 3.3-V LVTTL  ;         ; Row I/O    ; N               ; no       ; Off          ;
; 99       ; 137        ; 6        ; w_r_ped                                                   ; output ; 2.5 V        ;         ; Row I/O    ; N               ; no       ; Off          ;
; 100      ; 138        ; 6        ; s_r_ped                                                   ; output ; 2.5 V        ;         ; Row I/O    ; N               ; no       ; Off          ;
; 101      ; 139        ; 6        ; ~ALTERA_nCEO~ / RESERVED_OUTPUT_OPEN_DRAIN                ; output ; 2.5 V        ;         ; Row I/O    ; N               ; no       ; Off          ;
; 102      ;            ;          ; VCCINT                                                    ; power  ;              ; 1.2V    ; --         ;                 ; --       ; --           ;
; 103      ; 140        ; 6        ; cfg_data[0]                                               ; input  ; 3.3-V LVTTL  ;         ; Row I/O    ; N               ; no       ; Off          ;
; 104      ; 141        ; 6        ; cfg_data[2]                                               ; input  ; 3.3-V LVTTL  ;         ; Row I/O    ; N               ; no       ; Off          ;
; 105      ; 142        ; 6        ; cfg_data[7]                                               ; input  ; 3.3-V LVTTL  ;         ; Row I/O    ; N               ; no       ; Off          ;
; 106      ; 146        ; 6        ; cfg_addr[3]                                               ; input  ; 3.3-V LVTTL  ;         ; Row I/O    ; N               ; no       ; Off          ;
; 107      ;            ; --       ; VCCA2                                                     ; power  ;              ; 2.5V    ; --         ;                 ; --       ; --           ;
; 108      ;            ;          ; GNDA2                                                     ; gnd    ;              ;         ; --         ;                 ; --       ; --           ;
; 109      ;            ;          ; VCCD_PLL2                                                 ; power  ;              ; 1.2V    ; --         ;                 ; --       ; --           ;
; 110      ; 152        ; 7        ; cfg_we                                                    ; input  ; 3.3-V LVTTL  ;         ; Column I/O ; N               ; no       ; Off          ;
; 111      ; 154        ; 7        ; e_g_left                                                  ; output ; 3.3-V LVTTL  ;         ; Column I/O ; N               ; no       ; Off          ;
; 112      ; 155        ; 7        ; s_r_left                                                  ; output ; 3.3-V LVTTL  ;         ; Column I/O ; N               ; no       ; Off          ;
; 113      ; 156        ; 7        ; s_y_left                                                  ; output ; 3.3-V LVTTL  ;         ; Column I/O ; N               ; no       ; Off          ;
; 114      ; 157        ; 7        ; cfg_data[4]                                               ; input  ; 3.3-V LVTTL  ;         ; Column I/O ; N               ; no       ; Off          ;
; 115      ; 158        ; 7        ; cfg_data[3]                                               ; input  ; 3.3-V LVTTL  ;         ; Column I/O ; N               ; no       ; Off          ;
; 116      ;            ;          ; VCCINT                                                    ; power  ;              ; 1.2V    ; --         ;                 ; --       ; --           ;
; 117      ;            ; 7        ; VCCIO7                                                    ; power  ;              ; 3.3V    ; --         ;                 ; --       ; --           ;
; 118      ;            ;          ; GND                                                       ; gnd    ;              ;         ; --         ;                 ; --       ; --           ;
; 119      ; 163        ; 7        ; s_r_stra                                                  ; output ; 3.3-V LVTTL  ;         ; Column I/O ; N               ; no       ; Off          ;
; 120      ; 164        ; 7        ; s_y_stra                                                  ; output ; 3.3-V LVTTL  ;         ; Column I/O ; N               ; no       ; Off          ;
; 121      ; 165        ; 7        ; SVNSEG_SEG[1]                                             ; output ; 3.3-V LVTTL  ;         ; Column I/O ; Y               ; no       ; Off          ;
; 122      ;            ; 7        ; VCCIO7                                                    ; power  ;              ; 3.3V    ; --         ;                 ; --       ; --           ;
; 123      ;            ;          ; GND                                                       ; gnd    ;              ;         ; --         ;                 ; --       ; --           ;
; 124      ; 173        ; 7        ; SVNSEG_SEG[6]                                             ; output ; 3.3-V LVTTL  ;         ; Column I/O ; Y               ; no       ; Off          ;
; 125      ; 174        ; 7        ; SVNSEG_SEG[2]                                             ; output ; 3.3-V LVTTL  ;         ; Column I/O ; Y               ; no       ; Off          ;
; 126      ; 175        ; 7        ; SVNSEG_SEG[5]                                             ; output ; 3.3-V LVTTL  ;         ; Column I/O ; Y               ; no       ; Off          ;
; 127      ; 176        ; 7        ; SVNSEG_SEG[7]                                             ; output ; 3.3-V LVTTL  ;         ; Column I/O ; Y               ; no       ; Off          ;
; 128      ; 177        ; 8        ; SVNSEG_SEG[0]                                             ; output ; 3.3-V LVTTL  ;         ; Column I/O ; Y               ; no       ; Off          ;
; 129      ; 178        ; 8        ; SVNSEG_SEG[3]                                             ; output ; 3.3-V LVTTL  ;         ; Column I/O ; Y               ; no       ; Off          ;
; 130      ;            ; 8        ; VCCIO8                                                    ; power  ;              ; 3.3V    ; --         ;                 ; --       ; --           ;
; 131      ;            ;          ; GND                                                       ; gnd    ;              ;         ; --         ;                 ; --       ; --           ;
; 132      ; 181        ; 8        ; SVNSEG_SEG[4]                                             ; output ; 3.3-V LVTTL  ;         ; Column I/O ; Y               ; no       ; Off          ;
; 133      ; 182        ; 8        ; dig_dip[0]                                                ; bidir  ; 3.3-V LVTTL  ;         ; Column I/O ; Y               ; no       ; Off          ;
; 134      ;            ;          ; VCCINT                                                    ; power  ;              ; 1.2V    ; --         ;                 ; --       ; --           ;
; 135      ; 185        ; 8        ; dig_dip[1]                                                ; bidir  ; 3.3-V LVTTL  ;         ; Column I/O ; Y               ; no       ; Off          ;
; 136      ; 187        ; 8        ; dig_dip[2]                                                ; bidir  ; 3.3-V LVTTL  ;         ; Column I/O ; Y               ; no       ; Off          ;
; 137      ; 190        ; 8        ; dig_dip[3]                                                ; bidir  ; 3.3-V LVTTL  ;         ; Column I/O ; Y               ; no       ; Off          ;
; 138      ; 191        ; 8        ; io_mode                                                   ; input  ; 3.3-V LVTTL  ;         ; Column I/O ; N               ; no       ; Off          ;
; 139      ;            ; 8        ; VCCIO8                                                    ; power  ;              ; 3.3V    ; --         ;                 ; --       ; --           ;
; 140      ;            ;          ; GND                                                       ; gnd    ;              ;         ; --         ;                 ; --       ; --           ;
; 141      ; 195        ; 8        ; s_g_left                                                  ; output ; 3.3-V LVTTL  ;         ; Column I/O ; N               ; no       ; Off          ;
; 142      ; 201        ; 8        ; RESERVED_INPUT_WITH_WEAK_PULLUP                           ;        ;              ;         ; Column I/O ;                 ; no       ; On           ;
; 143      ; 202        ; 8        ; RESERVED_INPUT_WITH_WEAK_PULLUP                           ;        ;              ;         ; Column I/O ;                 ; no       ; On           ;
; 144      ; 203        ; 8        ; system_fault_led                                          ; output ; 3.3-V LVTTL  ;         ; Column I/O ; Y               ; no       ; Off          ;
; EPAD     ;            ;          ; GND                                                       ;        ;              ;         ; --         ;                 ; --       ; --           ;
+----------+------------+----------+-----------------------------------------------------------+--------+--------------+---------+------------+-----------------+----------+--------------+
Note: Pin directions (input, output or bidir) are based on device operating in user mode.


+--------------------------------------------------+
; I/O Assignment Warnings                          ;
+------------------+-------------------------------+
; Pin Name         ; Reason                        ;
+------------------+-------------------------------+
; SVNSEG_SEG[0]    ; Missing drive strength        ;
; SVNSEG_SEG[1]    ; Missing drive strength        ;
; SVNSEG_SEG[2]    ; Missing drive strength        ;
; SVNSEG_SEG[3]    ; Missing drive strength        ;
; SVNSEG_SEG[4]    ; Missing drive strength        ;
; SVNSEG_SEG[5]    ; Missing drive strength        ;
; SVNSEG_SEG[6]    ; Missing drive strength        ;
; SVNSEG_SEG[7]    ; Missing drive strength        ;
; n_r_left         ; Missing drive strength        ;
; n_y_left         ; Missing drive strength        ;
; n_g_left         ; Missing drive strength        ;
; n_r_ped          ; Incomplete set of assignments ;
; n_g_ped          ; Missing drive strength        ;
; n_r_stra         ; Missing drive strength        ;
; n_y_stra         ; Missing drive strength        ;
; n_g_stra         ; Missing drive strength        ;
; s_r_left         ; Missing drive strength        ;
; s_y_left         ; Missing drive strength        ;
; s_g_left         ; Missing drive strength        ;
; s_r_ped          ; Incomplete set of assignments ;
; s_g_ped          ; Missing drive strength        ;
; s_r_stra         ; Missing drive strength        ;
; s_y_stra         ; Missing drive strength        ;
; s_g_stra         ; Missing drive strength        ;
; e_r_left         ; Missing drive strength        ;
; e_y_left         ; Missing drive strength        ;
; e_g_left         ; Missing drive strength        ;
; e_r_ped          ; Incomplete set of assignments ;
; e_g_ped          ; Missing drive strength        ;
; e_r_stra         ; Missing drive strength        ;
; e_y_stra         ; Missing drive strength        ;
; e_g_stra         ; Missing drive strength        ;
; w_r_left         ; Missing drive strength        ;
; w_y_left         ; Missing drive strength        ;
; w_g_left         ; Missing drive strength        ;
; w_r_ped          ; Incomplete set of assignments ;
; w_g_ped          ; Missing drive strength        ;
; w_r_stra         ; Missing drive strength        ;
; w_y_stra         ; Missing drive strength        ;
; w_g_stra         ; Missing drive strength        ;
; system_fault_led ; Missing drive strength        ;
; dig_dip[0]       ; Missing drive strength        ;
; dig_dip[1]       ; Missing drive strength        ;
; dig_dip[2]       ; Missing drive strength        ;
; dig_dip[3]       ; Missing drive strength        ;
; n_r_ped          ; Missing location assignment   ;
; s_r_left         ; Missing location assignment   ;
; s_y_left         ; Missing location assignment   ;
; s_g_left         ; Missing location assignment   ;
; s_r_ped          ; Missing location assignment   ;
; s_r_stra         ; Missing location assignment   ;
; s_y_stra         ; Missing location assignment   ;
; s_g_stra         ; Missing location assignment   ;
; e_g_left         ; Missing location assignment   ;
; e_r_ped          ; Missing location assignment   ;
; e_y_stra         ; Missing location assignment   ;
; e_g_stra         ; Missing location assignment   ;
; w_r_ped          ; Missing location assignment   ;
; io_mode          ; Missing location assignment   ;
; cfg_data[0]      ; Missing location assignment   ;
; cfg_addr[3]      ; Missing location assignment   ;
; cfg_we           ; Missing location assignment   ;
; cfg_addr[1]      ; Missing location assignment   ;
; cfg_addr[2]      ; Missing location assignment   ;
; cfg_addr[0]      ; Missing location assignment   ;
; cfg_data[7]      ; Missing location assignment   ;
; cfg_data[6]      ; Missing location assignment   ;
; cfg_data[5]      ; Missing location assignment   ;
; cfg_data[4]      ; Missing location assignment   ;
; cfg_data[3]      ; Missing location assignment   ;
; cfg_data[2]      ; Missing location assignment   ;
; cfg_data[1]      ; Missing location assignment   ;
+------------------+-------------------------------+


+--------------------------------------------------------------------------------------------------------------------------------------------------------------------------------------------------------------------------------------------------------------------------------------------------------------------+
; Fitter Resource Utilization by Entity                                                                                                                                                                                                                                                                              ;
+---------------------------------+-------------+---------------------------+---------------+-------------+------+--------------+---------+-----------+------+--------------+--------------+-------------------+------------------+-----------------------------------------------+-------------------+--------------+
; Compilation Hierarchy Node      ; Logic Cells ; Dedicated Logic Registers ; I/O Registers ; Memory Bits ; M9Ks ; DSP Elements ; DSP 9x9 ; DSP 18x18 ; Pins ; Virtual Pins ; LUT-Only LCs ; Register-Only LCs ; LUT/Register LCs ; Full Hierarchy Name                           ; Entity Name       ; Library Name ;
+---------------------------------+-------------+---------------------------+---------------+-------------+------+--------------+---------+-----------+------+--------------+--------------+-------------------+------------------+-----------------------------------------------+-------------------+--------------+
; |traffic_light_top              ; 1297 (2)    ; 484 (0)                   ; 0 (0)         ; 0           ; 0    ; 0            ; 0       ; 0         ; 61   ; 0            ; 813 (2)      ; 97 (0)            ; 387 (4)          ; |traffic_light_top                            ; traffic_light_top ; work         ;
;    |clk_div:u_clk|              ; 46 (46)     ; 25 (25)                   ; 0 (0)         ; 0           ; 0    ; 0            ; 0       ; 0         ; 0    ; 0            ; 21 (21)      ; 1 (1)             ; 24 (24)          ; |traffic_light_top|clk_div:u_clk              ; clk_div           ; work         ;
;    |config_regs:u_cfg|          ; 173 (173)   ; 160 (160)                 ; 0 (0)         ; 0           ; 0    ; 0            ; 0       ; 0         ; 0    ; 0            ; 13 (13)      ; 76 (76)           ; 84 (84)          ; |traffic_light_top|config_regs:u_cfg          ; config_regs       ; work         ;
;    |conflict_monitor:u_monitor| ; 6 (6)       ; 0 (0)                     ; 0 (0)         ; 0           ; 0    ; 0            ; 0       ; 0         ; 0    ; 0            ; 6 (6)        ; 0 (0)             ; 0 (0)            ; |traffic_light_top|conflict_monitor:u_monitor ; conflict_monitor  ; work         ;
;    |dip_controller:u_dip|       ; 51 (51)     ; 45 (45)                   ; 0 (0)         ; 0           ; 0    ; 0            ; 0       ; 0         ; 0    ; 0            ; 6 (6)        ; 14 (14)           ; 31 (31)          ; |traffic_light_top|dip_controller:u_dip       ; dip_controller    ; work         ;
;    |direction_sm:u_east|        ; 175 (175)   ; 28 (28)                   ; 0 (0)         ; 0           ; 0    ; 0            ; 0       ; 0         ; 0    ; 0            ; 136 (136)    ; 0 (0)             ; 39 (39)          ; |traffic_light_top|direction_sm:u_east        ; direction_sm      ; work         ;
;    |direction_sm:u_north|       ; 177 (177)   ; 28 (28)                   ; 0 (0)         ; 0           ; 0    ; 0            ; 0       ; 0         ; 0    ; 0            ; 114 (114)    ; 1 (1)             ; 62 (62)          ; |traffic_light_top|direction_sm:u_north       ; direction_sm      ; work         ;
;    |direction_sm:u_south|       ; 177 (177)   ; 28 (28)                   ; 0 (0)         ; 0           ; 0    ; 0            ; 0       ; 0         ; 0    ; 0            ; 140 (140)    ; 1 (1)             ; 36 (36)          ; |traffic_light_top|direction_sm:u_south       ; direction_sm      ; work         ;
;    |direction_sm:u_west|        ; 183 (183)   ; 28 (28)                   ; 0 (0)         ; 0           ; 0    ; 0            ; 0       ; 0         ; 0    ; 0            ; 141 (141)    ; 1 (1)             ; 41 (41)          ; |traffic_light_top|direction_sm:u_west        ; direction_sm      ; work         ;
;    |request_decoder:u_req|      ; 244 (244)   ; 97 (97)                   ; 0 (0)         ; 0           ; 0    ; 0            ; 0       ; 0         ; 0    ; 0            ; 145 (145)    ; 3 (3)             ; 96 (96)          ; |traffic_light_top|request_decoder:u_req      ; request_decoder   ; work         ;
;    |seg_state:u_seg|            ; 102 (102)   ; 34 (34)                   ; 0 (0)         ; 0           ; 0    ; 0            ; 0       ; 0         ; 0    ; 0            ; 68 (68)      ; 0 (0)             ; 34 (34)          ; |traffic_light_top|seg_state:u_seg            ; seg_state         ; work         ;
;    |sm0_coordinator:u_sm0|      ; 32 (32)     ; 11 (11)                   ; 0 (0)         ; 0           ; 0    ; 0            ; 0       ; 0         ; 0    ; 0            ; 21 (21)      ; 0 (0)             ; 11 (11)          ; |traffic_light_top|sm0_coordinator:u_sm0      ; sm0_coordinator   ; work         ;
+---------------------------------+-------------+---------------------------+---------------+-------------+------+--------------+---------+-----------+------+--------------+--------------+-------------------+------------------+-----------------------------------------------+-------------------+--------------+
Note: For table entries with two numbers listed, the numbers in parentheses indicate the number of resources of the given type used by the specific entity alone. The numbers listed outside of parentheses indicate the total resources of the given type used by the specific entity and all of its sub-entities in the hierarchy.


+--------------------------------------------------------------------------------------------------+
; Delay Chain Summary                                                                              ;
+------------------+----------+---------------+---------------+-----------------------+-----+------+
; Name             ; Pin Type ; Pad to Core 0 ; Pad to Core 1 ; Pad to Input Register ; TCO ; TCOE ;
+------------------+----------+---------------+---------------+-----------------------+-----+------+
; SVNSEG_SEG[0]    ; Output   ; --            ; --            ; --                    ; --  ; --   ;
; SVNSEG_SEG[1]    ; Output   ; --            ; --            ; --                    ; --  ; --   ;
; SVNSEG_SEG[2]    ; Output   ; --            ; --            ; --                    ; --  ; --   ;
; SVNSEG_SEG[3]    ; Output   ; --            ; --            ; --                    ; --  ; --   ;
; SVNSEG_SEG[4]    ; Output   ; --            ; --            ; --                    ; --  ; --   ;
; SVNSEG_SEG[5]    ; Output   ; --            ; --            ; --                    ; --  ; --   ;
; SVNSEG_SEG[6]    ; Output   ; --            ; --            ; --                    ; --  ; --   ;
; SVNSEG_SEG[7]    ; Output   ; --            ; --            ; --                    ; --  ; --   ;
; n_r_left         ; Output   ; --            ; --            ; --                    ; --  ; --   ;
; n_y_left         ; Output   ; --            ; --            ; --                    ; --  ; --   ;
; n_g_left         ; Output   ; --            ; --            ; --                    ; --  ; --   ;
; n_r_ped          ; Output   ; --            ; --            ; --                    ; --  ; --   ;
; n_g_ped          ; Output   ; --            ; --            ; --                    ; --  ; --   ;
; n_r_stra         ; Output   ; --            ; --            ; --                    ; --  ; --   ;
; n_y_stra         ; Output   ; --            ; --            ; --                    ; --  ; --   ;
; n_g_stra         ; Output   ; --            ; --            ; --                    ; --  ; --   ;
; s_r_left         ; Output   ; --            ; --            ; --                    ; --  ; --   ;
; s_y_left         ; Output   ; --            ; --            ; --                    ; --  ; --   ;
; s_g_left         ; Output   ; --            ; --            ; --                    ; --  ; --   ;
; s_r_ped          ; Output   ; --            ; --            ; --                    ; --  ; --   ;
; s_g_ped          ; Output   ; --            ; --            ; --                    ; --  ; --   ;
; s_r_stra         ; Output   ; --            ; --            ; --                    ; --  ; --   ;
; s_y_stra         ; Output   ; --            ; --            ; --                    ; --  ; --   ;
; s_g_stra         ; Output   ; --            ; --            ; --                    ; --  ; --   ;
; e_r_left         ; Output   ; --            ; --            ; --                    ; --  ; --   ;
; e_y_left         ; Output   ; --            ; --            ; --                    ; --  ; --   ;
; e_g_left         ; Output   ; --            ; --            ; --                    ; --  ; --   ;
; e_r_ped          ; Output   ; --            ; --            ; --                    ; --  ; --   ;
; e_g_ped          ; Output   ; --            ; --            ; --                    ; --  ; --   ;
; e_r_stra         ; Output   ; --            ; --            ; --                    ; --  ; --   ;
; e_y_stra         ; Output   ; --            ; --            ; --                    ; --  ; --   ;
; e_g_stra         ; Output   ; --            ; --            ; --                    ; --  ; --   ;
; w_r_left         ; Output   ; --            ; --            ; --                    ; --  ; --   ;
; w_y_left         ; Output   ; --            ; --            ; --                    ; --  ; --   ;
; w_g_left         ; Output   ; --            ; --            ; --                    ; --  ; --   ;
; w_r_ped          ; Output   ; --            ; --            ; --                    ; --  ; --   ;
; w_g_ped          ; Output   ; --            ; --            ; --                    ; --  ; --   ;
; w_r_stra         ; Output   ; --            ; --            ; --                    ; --  ; --   ;
; w_y_stra         ; Output   ; --            ; --            ; --                    ; --  ; --   ;
; w_g_stra         ; Output   ; --            ; --            ; --                    ; --  ; --   ;
; system_fault_led ; Output   ; --            ; --            ; --                    ; --  ; --   ;
; dig_dip[0]       ; Bidir    ; --            ; (6) 1314 ps   ; --                    ; --  ; --   ;
; dig_dip[1]       ; Bidir    ; (6) 1314 ps   ; --            ; --                    ; --  ; --   ;
; dig_dip[2]       ; Bidir    ; (6) 1314 ps   ; --            ; --                    ; --  ; --   ;
; dig_dip[3]       ; Bidir    ; --            ; (6) 1314 ps   ; --                    ; --  ; --   ;
; clk              ; Input    ; (0) 0 ps      ; --            ; --                    ; --  ; --   ;
; rst_n            ; Input    ; (0) 0 ps      ; --            ; --                    ; --  ; --   ;
; io_mode          ; Input    ; (6) 1314 ps   ; --            ; --                    ; --  ; --   ;
; cfg_data[0]      ; Input    ; (6) 1314 ps   ; --            ; --                    ; --  ; --   ;
; cfg_addr[3]      ; Input    ; --            ; (6) 1314 ps   ; --                    ; --  ; --   ;
; cfg_we           ; Input    ; (6) 1314 ps   ; --            ; --                    ; --  ; --   ;
; cfg_addr[1]      ; Input    ; --            ; (6) 1314 ps   ; --                    ; --  ; --   ;
; cfg_addr[2]      ; Input    ; (0) 0 ps      ; --            ; --                    ; --  ; --   ;
; cfg_addr[0]      ; Input    ; (0) 0 ps      ; --            ; --                    ; --  ; --   ;
; cfg_data[7]      ; Input    ; (6) 1314 ps   ; --            ; --                    ; --  ; --   ;
; cfg_data[6]      ; Input    ; (0) 0 ps      ; --            ; --                    ; --  ; --   ;
; cfg_data[5]      ; Input    ; (0) 0 ps      ; --            ; --                    ; --  ; --   ;
; cfg_data[4]      ; Input    ; (6) 1314 ps   ; --            ; --                    ; --  ; --   ;
; cfg_data[3]      ; Input    ; (6) 1314 ps   ; --            ; --                    ; --  ; --   ;
; cfg_data[2]      ; Input    ; (6) 1314 ps   ; --            ; --                    ; --  ; --   ;
; cfg_data[1]      ; Input    ; --            ; (6) 1314 ps   ; --                    ; --  ; --   ;
+------------------+----------+---------------+---------------+-----------------------+-----+------+


+----------------------------------------------------------------------------+
; Pad To Core Delay Chain Fanout                                             ;
+----------------------------------------------+-------------------+---------+
; Source Pin / Fanout                          ; Pad To Core Index ; Setting ;
+----------------------------------------------+-------------------+---------+
; dig_dip[0]                                   ;                   ;         ;
;      - dip_btn[0]~0                          ; 1                 ; 6       ;
; dig_dip[1]                                   ;                   ;         ;
;      - dip_btn[1]~1                          ; 0                 ; 6       ;
; dig_dip[2]                                   ;                   ;         ;
;      - dip_btn[2]~2                          ; 0                 ; 6       ;
; dig_dip[3]                                   ;                   ;         ;
;      - dip_btn[3]~3                          ; 1                 ; 6       ;
; clk                                          ;                   ;         ;
; rst_n                                        ;                   ;         ;
; io_mode                                      ;                   ;         ;
;      - dig_dip[3]~output                     ; 0                 ; 6       ;
;      - dig_dip[2]~output                     ; 0                 ; 6       ;
;      - dig_dip[1]~output                     ; 0                 ; 6       ;
;      - dig_dip[0]~output                     ; 0                 ; 6       ;
;      - dip_btn[0]~0                          ; 0                 ; 6       ;
;      - dip_btn[1]~1                          ; 0                 ; 6       ;
;      - dip_btn[2]~2                          ; 0                 ; 6       ;
;      - dip_btn[3]~3                          ; 0                 ; 6       ;
; cfg_data[0]                                  ;                   ;         ;
;      - config_regs:u_cfg|shadow[7][0]        ; 0                 ; 6       ;
;      - config_regs:u_cfg|shadow[1][0]~0      ; 0                 ; 6       ;
;      - config_regs:u_cfg|shadow[5][0]~2      ; 0                 ; 6       ;
;      - config_regs:u_cfg|shadow[3][0]~5      ; 0                 ; 6       ;
;      - config_regs:u_cfg|shadow[4][0]~11     ; 0                 ; 6       ;
;      - config_regs:u_cfg|shadow[0][0]~13     ; 0                 ; 6       ;
;      - config_regs:u_cfg|shadow[2][0]~14     ; 0                 ; 6       ;
;      - config_regs:u_cfg|shadow[6][0]~feeder ; 0                 ; 6       ;
;      - config_regs:u_cfg|shadow[8][0]~feeder ; 0                 ; 6       ;
;      - config_regs:u_cfg|shadow[9][0]~feeder ; 0                 ; 6       ;
; cfg_addr[3]                                  ;                   ;         ;
;      - config_regs:u_cfg|Decoder0~1          ; 1                 ; 6       ;
;      - config_regs:u_cfg|Decoder0~2          ; 1                 ; 6       ;
;      - config_regs:u_cfg|Decoder0~3          ; 1                 ; 6       ;
;      - config_regs:u_cfg|Decoder0~4          ; 1                 ; 6       ;
;      - config_regs:u_cfg|Decoder0~8          ; 1                 ; 6       ;
;      - config_regs:u_cfg|Decoder0~12         ; 1                 ; 6       ;
; cfg_we                                       ;                   ;         ;
;      - config_regs:u_cfg|Decoder0~1          ; 0                 ; 6       ;
;      - config_regs:u_cfg|Decoder0~2          ; 0                 ; 6       ;
;      - config_regs:u_cfg|Decoder0~3          ; 0                 ; 6       ;
;      - config_regs:u_cfg|Decoder0~4          ; 0                 ; 6       ;
;      - config_regs:u_cfg|Decoder0~8          ; 0                 ; 6       ;
;      - config_regs:u_cfg|Decoder0~12         ; 0                 ; 6       ;
; cfg_addr[1]                                  ;                   ;         ;
;      - config_regs:u_cfg|Decoder0~0          ; 1                 ; 6       ;
;      - config_regs:u_cfg|Decoder0~5          ; 1                 ; 6       ;
;      - config_regs:u_cfg|Decoder0~6          ; 1                 ; 6       ;
;      - config_regs:u_cfg|Decoder0~7          ; 1                 ; 6       ;
;      - config_regs:u_cfg|Decoder0~9          ; 1                 ; 6       ;
;      - config_regs:u_cfg|Decoder0~10         ; 1                 ; 6       ;
;      - config_regs:u_cfg|Decoder0~11         ; 1                 ; 6       ;
; cfg_addr[2]                                  ;                   ;         ;
; cfg_addr[0]                                  ;                   ;         ;
; cfg_data[7]                                  ;                   ;         ;
;      - config_regs:u_cfg|shadow[8][7]        ; 0                 ; 6       ;
;      - config_regs:u_cfg|shadow[1][7]        ; 0                 ; 6       ;
;      - config_regs:u_cfg|shadow[2][7]        ; 0                 ; 6       ;
;      - config_regs:u_cfg|shadow[0][7]~feeder ; 0                 ; 6       ;
;      - config_regs:u_cfg|shadow[3][7]~feeder ; 0                 ; 6       ;
;      - config_regs:u_cfg|shadow[7][7]~feeder ; 0                 ; 6       ;
;      - config_regs:u_cfg|shadow[4][7]~feeder ; 0                 ; 6       ;
;      - config_regs:u_cfg|shadow[5][7]~feeder ; 0                 ; 6       ;
;      - config_regs:u_cfg|shadow[6][7]~feeder ; 0                 ; 6       ;
;      - config_regs:u_cfg|shadow[9][7]~feeder ; 0                 ; 6       ;
; cfg_data[6]                                  ;                   ;         ;
; cfg_data[5]                                  ;                   ;         ;
; cfg_data[4]                                  ;                   ;         ;
;      - config_regs:u_cfg|shadow[8][4]        ; 0                 ; 6       ;
;      - config_regs:u_cfg|shadow[0][4]        ; 0                 ; 6       ;
;      - config_regs:u_cfg|shadow[1][4]~feeder ; 0                 ; 6       ;
;      - config_regs:u_cfg|shadow[4][4]~feeder ; 0                 ; 6       ;
;      - config_regs:u_cfg|shadow[7][4]~feeder ; 0                 ; 6       ;
;      - config_regs:u_cfg|shadow[3][4]~feeder ; 0                 ; 6       ;
;      - config_regs:u_cfg|shadow[5][4]~feeder ; 0                 ; 6       ;
;      - config_regs:u_cfg|shadow[6][4]~feeder ; 0                 ; 6       ;
;      - config_regs:u_cfg|shadow[2][4]~feeder ; 0                 ; 6       ;
;      - config_regs:u_cfg|shadow[9][4]~feeder ; 0                 ; 6       ;
; cfg_data[3]                                  ;                   ;         ;
;      - config_regs:u_cfg|shadow[0][3]        ; 0                 ; 6       ;
;      - config_regs:u_cfg|shadow[5][3]~1      ; 0                 ; 6       ;
;      - config_regs:u_cfg|shadow[3][3]~4      ; 0                 ; 6       ;
;      - config_regs:u_cfg|shadow[2][3]~9      ; 0                 ; 6       ;
;      - config_regs:u_cfg|shadow[4][3]~10     ; 0                 ; 6       ;
;      - config_regs:u_cfg|shadow[7][3]~feeder ; 0                 ; 6       ;
;      - config_regs:u_cfg|shadow[8][3]~feeder ; 0                 ; 6       ;
;      - config_regs:u_cfg|shadow[1][3]~feeder ; 0                 ; 6       ;
;      - config_regs:u_cfg|shadow[6][3]~feeder ; 0                 ; 6       ;
;      - config_regs:u_cfg|shadow[9][3]~feeder ; 0                 ; 6       ;
; cfg_data[2]                                  ;                   ;         ;
;      - config_regs:u_cfg|shadow[4][2]        ; 0                 ; 6       ;
;      - config_regs:u_cfg|shadow[7][2]        ; 0                 ; 6       ;
;      - config_regs:u_cfg|shadow[3][2]        ; 0                 ; 6       ;
;      - config_regs:u_cfg|shadow[8][2]        ; 0                 ; 6       ;
;      - config_regs:u_cfg|shadow[1][2]        ; 0                 ; 6       ;
;      - config_regs:u_cfg|shadow[9][2]        ; 0                 ; 6       ;
;      - config_regs:u_cfg|shadow[2][2]        ; 0                 ; 6       ;
;      - config_regs:u_cfg|shadow[0][2]        ; 0                 ; 6       ;
;      - config_regs:u_cfg|shadow[5][2]~feeder ; 0                 ; 6       ;
;      - config_regs:u_cfg|shadow[6][2]~feeder ; 0                 ; 6       ;
; cfg_data[1]                                  ;                   ;         ;
;      - config_regs:u_cfg|shadow[5][1]        ; 1                 ; 6       ;
;      - config_regs:u_cfg|shadow[8][1]        ; 1                 ; 6       ;
;      - config_regs:u_cfg|shadow[2][1]        ; 1                 ; 6       ;
;      - config_regs:u_cfg|shadow[7][1]~3      ; 1                 ; 6       ;
;      - config_regs:u_cfg|shadow[6][1]~6      ; 1                 ; 6       ;
;      - config_regs:u_cfg|shadow[1][1]~7      ; 1                 ; 6       ;
;      - config_regs:u_cfg|shadow[9][1]~8      ; 1                 ; 6       ;
;      - config_regs:u_cfg|shadow[0][1]~12     ; 1                 ; 6       ;
;      - config_regs:u_cfg|shadow[4][1]~feeder ; 1                 ; 6       ;
;      - config_regs:u_cfg|shadow[3][1]~feeder ; 1                 ; 6       ;
+----------------------------------------------+-------------------+---------+


+----------------------------------------------------------------------------------------------------------------------------------------------------------------------------------+
; Control Signals                                                                                                                                                                  ;
+----------------------------------------+--------------------+---------+---------------------------+--------+----------------------+------------------+---------------------------+
; Name                                   ; Location           ; Fan-Out ; Usage                     ; Global ; Global Resource Used ; Global Line Name ; Enable Signal Source Name ;
+----------------------------------------+--------------------+---------+---------------------------+--------+----------------------+------------------+---------------------------+
; clk                                    ; PIN_23             ; 484     ; Clock                     ; yes    ; Global Clock         ; GCLK2            ; --                        ;
; config_regs:u_cfg|Decoder0~1           ; LCCOMB_X28_Y14_N24 ; 8       ; Clock enable              ; no     ; --                   ; --               ; --                        ;
; config_regs:u_cfg|Decoder0~10          ; LCCOMB_X29_Y15_N22 ; 8       ; Clock enable              ; no     ; --                   ; --               ; --                        ;
; config_regs:u_cfg|Decoder0~11          ; LCCOMB_X29_Y15_N12 ; 8       ; Clock enable              ; no     ; --                   ; --               ; --                        ;
; config_regs:u_cfg|Decoder0~12          ; LCCOMB_X26_Y17_N26 ; 8       ; Clock enable              ; no     ; --                   ; --               ; --                        ;
; config_regs:u_cfg|Decoder0~2           ; LCCOMB_X29_Y15_N30 ; 8       ; Clock enable              ; no     ; --                   ; --               ; --                        ;
; config_regs:u_cfg|Decoder0~3           ; LCCOMB_X28_Y14_N26 ; 8       ; Clock enable              ; no     ; --                   ; --               ; --                        ;
; config_regs:u_cfg|Decoder0~5           ; LCCOMB_X29_Y15_N26 ; 8       ; Clock enable              ; no     ; --                   ; --               ; --                        ;
; config_regs:u_cfg|Decoder0~6           ; LCCOMB_X29_Y15_N24 ; 8       ; Clock enable              ; no     ; --                   ; --               ; --                        ;
; config_regs:u_cfg|Decoder0~7           ; LCCOMB_X29_Y15_N18 ; 8       ; Clock enable              ; no     ; --                   ; --               ; --                        ;
; config_regs:u_cfg|Decoder0~9           ; LCCOMB_X29_Y15_N20 ; 8       ; Clock enable              ; no     ; --                   ; --               ; --                        ;
; dip_controller:u_dip|Equal0~2          ; LCCOMB_X13_Y16_N26 ; 24      ; Clock enable, Sync. clear ; no     ; --                   ; --               ; --                        ;
; dip_controller:u_dip|Equal1~2          ; LCCOMB_X21_Y10_N14 ; 5       ; Clock enable              ; no     ; --                   ; --               ; --                        ;
; dip_controller:u_dip|dip_stable[3]~4   ; LCCOMB_X13_Y16_N24 ; 24      ; Clock enable              ; no     ; --                   ; --               ; --                        ;
; direction_sm:u_east|dur[7]~9           ; LCCOMB_X25_Y11_N26 ; 7       ; Clock enable              ; no     ; --                   ; --               ; --                        ;
; direction_sm:u_east|phase_cnt[7]~4     ; LCCOMB_X25_Y11_N20 ; 8       ; Clock enable              ; no     ; --                   ; --               ; --                        ;
; direction_sm:u_east|state~31           ; LCCOMB_X21_Y11_N28 ; 2       ; Clock enable              ; no     ; --                   ; --               ; --                        ;
; direction_sm:u_east|state~32           ; LCCOMB_X21_Y11_N22 ; 2       ; Clock enable              ; no     ; --                   ; --               ; --                        ;
; direction_sm:u_north|dur[7]~11         ; LCCOMB_X22_Y16_N14 ; 7       ; Clock enable              ; no     ; --                   ; --               ; --                        ;
; direction_sm:u_north|phase_cnt[7]~4    ; LCCOMB_X21_Y16_N4  ; 8       ; Clock enable              ; no     ; --                   ; --               ; --                        ;
; direction_sm:u_north|state~30          ; LCCOMB_X21_Y16_N24 ; 2       ; Clock enable              ; no     ; --                   ; --               ; --                        ;
; direction_sm:u_north|state~31          ; LCCOMB_X22_Y16_N10 ; 2       ; Clock enable              ; no     ; --                   ; --               ; --                        ;
; direction_sm:u_south|dur[7]~11         ; LCCOMB_X22_Y17_N8  ; 7       ; Clock enable              ; no     ; --                   ; --               ; --                        ;
; direction_sm:u_south|phase_cnt[7]~4    ; LCCOMB_X22_Y18_N18 ; 8       ; Clock enable              ; no     ; --                   ; --               ; --                        ;
; direction_sm:u_south|state~31          ; LCCOMB_X19_Y18_N18 ; 2       ; Clock enable              ; no     ; --                   ; --               ; --                        ;
; direction_sm:u_south|state~33          ; LCCOMB_X24_Y17_N26 ; 2       ; Clock enable              ; no     ; --                   ; --               ; --                        ;
; direction_sm:u_west|dur[7]~11          ; LCCOMB_X25_Y12_N0  ; 7       ; Clock enable              ; no     ; --                   ; --               ; --                        ;
; direction_sm:u_west|phase_cnt[7]~5     ; LCCOMB_X25_Y12_N14 ; 8       ; Clock enable              ; no     ; --                   ; --               ; --                        ;
; direction_sm:u_west|state~26           ; LCCOMB_X24_Y14_N18 ; 47      ; Clock enable              ; no     ; --                   ; --               ; --                        ;
; direction_sm:u_west|state~30           ; LCCOMB_X26_Y10_N22 ; 2       ; Clock enable              ; no     ; --                   ; --               ; --                        ;
; direction_sm:u_west|state~31           ; LCCOMB_X25_Y10_N30 ; 2       ; Clock enable              ; no     ; --                   ; --               ; --                        ;
; io_mode                                ; PIN_138            ; 8       ; Output enable             ; no     ; --                   ; --               ; --                        ;
; request_decoder:u_req|cnt_e_left[6]~21 ; LCCOMB_X24_Y10_N14 ; 7       ; Clock enable              ; no     ; --                   ; --               ; --                        ;
; request_decoder:u_req|cnt_e_ped[6]~21  ; LCCOMB_X23_Y9_N0   ; 7       ; Clock enable              ; no     ; --                   ; --               ; --                        ;
; request_decoder:u_req|cnt_e_stra[6]~21 ; LCCOMB_X26_Y9_N30  ; 7       ; Clock enable              ; no     ; --                   ; --               ; --                        ;
; request_decoder:u_req|cnt_n_left[6]~21 ; LCCOMB_X21_Y13_N16 ; 7       ; Clock enable              ; no     ; --                   ; --               ; --                        ;
; request_decoder:u_req|cnt_n_ped[6]~21  ; LCCOMB_X24_Y13_N6  ; 7       ; Clock enable              ; no     ; --                   ; --               ; --                        ;
; request_decoder:u_req|cnt_n_stra[6]~21 ; LCCOMB_X21_Y15_N4  ; 7       ; Clock enable              ; no     ; --                   ; --               ; --                        ;
; request_decoder:u_req|cnt_s_left[6]~21 ; LCCOMB_X23_Y13_N30 ; 7       ; Clock enable              ; no     ; --                   ; --               ; --                        ;
; request_decoder:u_req|cnt_s_ped[6]~21  ; LCCOMB_X22_Y13_N2  ; 7       ; Clock enable              ; no     ; --                   ; --               ; --                        ;
; request_decoder:u_req|cnt_s_stra[6]~21 ; LCCOMB_X18_Y14_N16 ; 7       ; Clock enable              ; no     ; --                   ; --               ; --                        ;
; request_decoder:u_req|cnt_w_left[6]~21 ; LCCOMB_X28_Y9_N2   ; 7       ; Clock enable              ; no     ; --                   ; --               ; --                        ;
; request_decoder:u_req|cnt_w_ped[6]~21  ; LCCOMB_X28_Y13_N8  ; 7       ; Clock enable              ; no     ; --                   ; --               ; --                        ;
; request_decoder:u_req|cnt_w_stra[6]~13 ; LCCOMB_X29_Y13_N28 ; 7       ; Clock enable              ; no     ; --                   ; --               ; --                        ;
; rst_n                                  ; PIN_24             ; 484     ; Async. clear              ; yes    ; Global Clock         ; GCLK4            ; --                        ;
; sm0_coordinator:u_sm0|halt             ; FF_X22_Y12_N27     ; 86      ; Clock enable              ; no     ; --                   ; --               ; --                        ;
+----------------------------------------+--------------------+---------+---------------------------+--------+----------------------+------------------+---------------------------+


+-----------------------------------------------------------------------------------------------------------------------------------------+
; Global & Other Fast Signals                                                                                                             ;
+-------+----------+---------+--------------------------------------+----------------------+------------------+---------------------------+
; Name  ; Location ; Fan-Out ; Fan-Out Using Intentional Clock Skew ; Global Resource Used ; Global Line Name ; Enable Signal Source Name ;
+-------+----------+---------+--------------------------------------+----------------------+------------------+---------------------------+
; clk   ; PIN_23   ; 484     ; 28                                   ; Global Clock         ; GCLK2            ; --                        ;
; rst_n ; PIN_24   ; 484     ; 0                                    ; Global Clock         ; GCLK4            ; --                        ;
+-------+----------+---------+--------------------------------------+----------------------+------------------+---------------------------+


+------------------------------------------------+
; Routing Usage Summary                          ;
+-----------------------+------------------------+
; Routing Resource Type ; Usage                  ;
+-----------------------+------------------------+
; Block interconnects   ; 1,800 / 32,401 ( 6 % ) ;
; C16 interconnects     ; 22 / 1,326 ( 2 % )     ;
; C4 interconnects      ; 865 / 21,816 ( 4 % )   ;
; Direct links          ; 365 / 32,401 ( 1 % )   ;
; Global clocks         ; 2 / 10 ( 20 % )        ;
; Local interconnects   ; 665 / 10,320 ( 6 % )   ;
; R24 interconnects     ; 29 / 1,289 ( 2 % )     ;
; R4 interconnects      ; 1,002 / 28,186 ( 4 % ) ;
+-----------------------+------------------------+


+----------------------------------------------------------------------------+
; LAB Logic Elements                                                         ;
+---------------------------------------------+------------------------------+
; Number of Logic Elements  (Average = 13.95) ; Number of LABs  (Total = 93) ;
+---------------------------------------------+------------------------------+
; 1                                           ; 2                            ;
; 2                                           ; 1                            ;
; 3                                           ; 0                            ;
; 4                                           ; 3                            ;
; 5                                           ; 0                            ;
; 6                                           ; 1                            ;
; 7                                           ; 0                            ;
; 8                                           ; 4                            ;
; 9                                           ; 0                            ;
; 10                                          ; 3                            ;
; 11                                          ; 1                            ;
; 12                                          ; 3                            ;
; 13                                          ; 3                            ;
; 14                                          ; 8                            ;
; 15                                          ; 9                            ;
; 16                                          ; 55                           ;
+---------------------------------------------+------------------------------+


+-------------------------------------------------------------------+
; LAB-wide Signals                                                  ;
+------------------------------------+------------------------------+
; LAB-wide Signals  (Average = 2.24) ; Number of LABs  (Total = 93) ;
+------------------------------------+------------------------------+
; 1 Async. clear                     ; 77                           ;
; 1 Clock                            ; 77                           ;
; 1 Clock enable                     ; 38                           ;
; 1 Sync. clear                      ; 1                            ;
; 2 Clock enables                    ; 15                           ;
+------------------------------------+------------------------------+


+-----------------------------------------------------------------------------+
; LAB Signals Sourced                                                         ;
+----------------------------------------------+------------------------------+
; Number of Signals Sourced  (Average = 16.98) ; Number of LABs  (Total = 93) ;
+----------------------------------------------+------------------------------+
; 0                                            ; 0                            ;
; 1                                            ; 2                            ;
; 2                                            ; 2                            ;
; 3                                            ; 0                            ;
; 4                                            ; 3                            ;
; 5                                            ; 2                            ;
; 6                                            ; 1                            ;
; 7                                            ; 1                            ;
; 8                                            ; 0                            ;
; 9                                            ; 4                            ;
; 10                                           ; 6                            ;
; 11                                           ; 3                            ;
; 12                                           ; 2                            ;
; 13                                           ; 2                            ;
; 14                                           ; 2                            ;
; 15                                           ; 3                            ;
; 16                                           ; 5                            ;
; 17                                           ; 4                            ;
; 18                                           ; 5                            ;
; 19                                           ; 5                            ;
; 20                                           ; 4                            ;
; 21                                           ; 6                            ;
; 22                                           ; 7                            ;
; 23                                           ; 10                           ;
; 24                                           ; 3                            ;
; 25                                           ; 5                            ;
; 26                                           ; 1                            ;
; 27                                           ; 4                            ;
; 28                                           ; 0                            ;
; 29                                           ; 0                            ;
; 30                                           ; 0                            ;
; 31                                           ; 0                            ;
; 32                                           ; 1                            ;
+----------------------------------------------+------------------------------+


+--------------------------------------------------------------------------------+
; LAB Signals Sourced Out                                                        ;
+-------------------------------------------------+------------------------------+
; Number of Signals Sourced Out  (Average = 9.33) ; Number of LABs  (Total = 93) ;
+-------------------------------------------------+------------------------------+
; 0                                               ; 0                            ;
; 1                                               ; 2                            ;
; 2                                               ; 3                            ;
; 3                                               ; 4                            ;
; 4                                               ; 6                            ;
; 5                                               ; 5                            ;
; 6                                               ; 7                            ;
; 7                                               ; 4                            ;
; 8                                               ; 9                            ;
; 9                                               ; 8                            ;
; 10                                              ; 12                           ;
; 11                                              ; 8                            ;
; 12                                              ; 1                            ;
; 13                                              ; 4                            ;
; 14                                              ; 6                            ;
; 15                                              ; 2                            ;
; 16                                              ; 8                            ;
; 17                                              ; 3                            ;
; 18                                              ; 0                            ;
; 19                                              ; 0                            ;
; 20                                              ; 1                            ;
+-------------------------------------------------+------------------------------+


+-----------------------------------------------------------------------------+
; LAB Distinct Inputs                                                         ;
+----------------------------------------------+------------------------------+
; Number of Distinct Inputs  (Average = 18.54) ; Number of LABs  (Total = 93) ;
+----------------------------------------------+------------------------------+
; 0                                            ; 0                            ;
; 1                                            ; 0                            ;
; 2                                            ; 1                            ;
; 3                                            ; 1                            ;
; 4                                            ; 3                            ;
; 5                                            ; 2                            ;
; 6                                            ; 2                            ;
; 7                                            ; 7                            ;
; 8                                            ; 2                            ;
; 9                                            ; 2                            ;
; 10                                           ; 2                            ;
; 11                                           ; 8                            ;
; 12                                           ; 6                            ;
; 13                                           ; 0                            ;
; 14                                           ; 3                            ;
; 15                                           ; 4                            ;
; 16                                           ; 3                            ;
; 17                                           ; 0                            ;
; 18                                           ; 2                            ;
; 19                                           ; 2                            ;
; 20                                           ; 4                            ;
; 21                                           ; 2                            ;
; 22                                           ; 2                            ;
; 23                                           ; 2                            ;
; 24                                           ; 2                            ;
; 25                                           ; 2                            ;
; 26                                           ; 5                            ;
; 27                                           ; 3                            ;
; 28                                           ; 3                            ;
; 29                                           ; 2                            ;
; 30                                           ; 6                            ;
; 31                                           ; 1                            ;
; 32                                           ; 1                            ;
; 33                                           ; 0                            ;
; 34                                           ; 0                            ;
; 35                                           ; 1                            ;
; 36                                           ; 4                            ;
; 37                                           ; 1                            ;
; 38                                           ; 2                            ;
+----------------------------------------------+------------------------------+


+------------------------------------------+
; I/O Rules Summary                        ;
+----------------------------------+-------+
; I/O Rules Statistic              ; Total ;
+----------------------------------+-------+
; Total I/O Rules                  ; 30    ;
; Number of I/O Rules Passed       ; 12    ;
; Number of I/O Rules Failed       ; 0     ;
; Number of I/O Rules Unchecked    ; 0     ;
; Number of I/O Rules Inapplicable ; 18    ;
+----------------------------------+-------+


+-----------------------------------------------------------------------------------------------------------------------------------------------------------------------------------------------------------------------------------------------------------------------------------------------------+
; I/O Rules Details                                                                                                                                                                                                                                                                                   ;
+--------------+-----------+-----------------------------------+------------------------------------------------------------------------------------------------------+----------+--------------------------------------------------------------------------+---------------------+-------------------+
; Status       ; ID        ; Category                          ; Rule Description                                                                                     ; Severity ; Information                                                              ; Area                ; Extra Information ;
+--------------+-----------+-----------------------------------+------------------------------------------------------------------------------------------------------+----------+--------------------------------------------------------------------------+---------------------+-------------------+
; Inapplicable ; IO_000002 ; Capacity Checks                   ; Number of clocks in an I/O bank should not exceed the number of clocks available.                    ; Critical ; No Global Signal assignments found.                                      ; I/O                 ;                   ;
; Pass         ; IO_000001 ; Capacity Checks                   ; Number of pins in an I/O bank should not exceed the number of locations available.                   ; Critical ; 0 such failures found.                                                   ; I/O                 ;                   ;
; Pass         ; IO_000003 ; Capacity Checks                   ; Number of pins in a Vrefgroup should not exceed the number of locations available.                   ; Critical ; 0 such failures found.                                                   ; I/O                 ;                   ;
; Inapplicable ; IO_000004 ; Voltage Compatibility Checks      ; The I/O bank should support the requested VCCIO.                                                     ; Critical ; No IOBANK_VCCIO assignments found.                                       ; I/O                 ;                   ;
; Inapplicable ; IO_000005 ; Voltage Compatibility Checks      ; The I/O bank should not have competing VREF values.                                                  ; Critical ; No VREF I/O Standard assignments found.                                  ; I/O                 ;                   ;
; Pass         ; IO_000006 ; Voltage Compatibility Checks      ; The I/O bank should not have competing VCCIO values.                                                 ; Critical ; 0 such failures found.                                                   ; I/O                 ;                   ;
; Pass         ; IO_000007 ; Valid Location Checks             ; Checks for unavailable locations.                                                                    ; Critical ; 0 such failures found.                                                   ; I/O                 ;                   ;
; Inapplicable ; IO_000008 ; Valid Location Checks             ; Checks for reserved locations.                                                                       ; Critical ; No reserved LogicLock region found.                                      ; I/O                 ;                   ;
; Inapplicable ; IO_000047 ; I/O Properties Checks for One I/O ; On Chip Termination and Slew Rate should not be used at the same time.                               ; Critical ; No Slew Rate assignments found.                                          ; I/O                 ;                   ;
; Inapplicable ; IO_000046 ; I/O Properties Checks for One I/O ; The location should support the requested Slew Rate value.                                           ; Critical ; No Slew Rate assignments found.                                          ; I/O                 ;                   ;
; Inapplicable ; IO_000045 ; I/O Properties Checks for One I/O ; The I/O standard should support the requested Slew Rate value.                                       ; Critical ; No Slew Rate assignments found.                                          ; I/O                 ;                   ;
; Inapplicable ; IO_000027 ; I/O Properties Checks for One I/O ; Weak Pull Up and Bus Hold should not be used at the same time.                                       ; Critical ; No Enable Bus-Hold Circuitry or Weak Pull-Up Resistor assignments found. ; I/O                 ;                   ;
; Inapplicable ; IO_000026 ; I/O Properties Checks for One I/O ; On Chip Termination and Current Strength should not be used at the same time.                        ; Critical ; No Current Strength assignments found.                                   ; I/O                 ;                   ;
; Pass         ; IO_000024 ; I/O Properties Checks for One I/O ; The I/O direction should support the On Chip Termination value.                                      ; Critical ; 0 such failures found.                                                   ; I/O                 ;                   ;
; Inapplicable ; IO_000023 ; I/O Properties Checks for One I/O ; The I/O standard should support the Open Drain value.                                                ; Critical ; No open drain assignments found.                                         ; I/O                 ;                   ;
; Inapplicable ; IO_000022 ; I/O Properties Checks for One I/O ; The I/O standard should support the requested Bus Hold value.                                        ; Critical ; No Enable Bus-Hold Circuitry assignments found.                          ; I/O                 ;                   ;
; Inapplicable ; IO_000021 ; I/O Properties Checks for One I/O ; The I/O standard should support the requested Weak Pull Up value.                                    ; Critical ; No Weak Pull-Up Resistor assignments found.                              ; I/O                 ;                   ;
; Pass         ; IO_000020 ; I/O Properties Checks for One I/O ; The I/O standard should support the requested PCI Clamp Diode.                                       ; Critical ; 0 such failures found.                                                   ; I/O                 ;                   ;
; Pass         ; IO_000019 ; I/O Properties Checks for One I/O ; The I/O standard should support the requested On Chip Termination value.                             ; Critical ; 0 such failures found.                                                   ; I/O                 ;                   ;
; Inapplicable ; IO_000018 ; I/O Properties Checks for One I/O ; The I/O standard should support the requested Current Strength.                                      ; Critical ; No Current Strength assignments found.                                   ; I/O                 ;                   ;
; Pass         ; IO_000015 ; I/O Properties Checks for One I/O ; The location should support the requested PCI Clamp Diode.                                           ; Critical ; 0 such failures found.                                                   ; I/O                 ;                   ;
; Inapplicable ; IO_000014 ; I/O Properties Checks for One I/O ; The location should support the requested Weak Pull Up value.                                        ; Critical ; No Weak Pull-Up Resistor assignments found.                              ; I/O                 ;                   ;
; Inapplicable ; IO_000013 ; I/O Properties Checks for One I/O ; The location should support the requested Bus Hold value.                                            ; Critical ; No Enable Bus-Hold Circuitry assignments found.                          ; I/O                 ;                   ;
; Pass         ; IO_000012 ; I/O Properties Checks for One I/O ; The location should support the requested On Chip Termination value.                                 ; Critical ; 0 such failures found.                                                   ; I/O                 ;                   ;
; Inapplicable ; IO_000011 ; I/O Properties Checks for One I/O ; The location should support the requested Current Strength.                                          ; Critical ; No Current Strength assignments found.                                   ; I/O                 ;                   ;
; Pass         ; IO_000010 ; I/O Properties Checks for One I/O ; The location should support the requested I/O direction.                                             ; Critical ; 0 such failures found.                                                   ; I/O                 ;                   ;
; Pass         ; IO_000009 ; I/O Properties Checks for One I/O ; The location should support the requested I/O standard.                                              ; Critical ; 0 such failures found.                                                   ; I/O                 ;                   ;
; Pass         ; IO_000033 ; Electromigration Checks           ; Current density for consecutive I/Os should not exceed 240mA for row I/Os and 240mA for column I/Os. ; Critical ; 0 such failures found.                                                   ; I/O                 ;                   ;
; Inapplicable ; IO_000034 ; SI Related Distance Checks        ; Single-ended outputs should be 5 LAB row(s) away from a differential I/O.                            ; High     ; No Differential I/O Standard assignments found.                          ; I/O                 ;                   ;
; Inapplicable ; IO_000042 ; SI Related SSO Limit Checks       ; No more than 20 outputs are allowed in a VREF group when VREF is being read from.                    ; High     ; No VREF I/O Standard assignments found.                                  ; I/O                 ;                   ;
; ----         ; ----      ; Disclaimer                        ; OCT rules are checked but not reported.                                                              ; None     ; ----                                                                     ; On Chip Termination ;                   ;
+--------------+-----------+-----------------------------------+------------------------------------------------------------------------------------------------------+----------+--------------------------------------------------------------------------+---------------------+-------------------+


+--------------------------------------------------------------------------------------------------------------------------------------------------------------------------------------------------------------------------------------------------------------------------------------------------------------------------------------------------------------------------------------------------------------------------------------------------------------------------+
; I/O Rules Matrix                                                                                                                                                                                                                                                                                                                                                                                                                                                         ;
+--------------------+--------------+--------------+--------------+--------------+--------------+-----------+--------------+--------------+--------------+--------------+--------------+--------------+--------------+--------------+--------------+--------------+--------------+--------------+--------------+--------------+--------------+--------------+--------------+--------------+--------------+-----------+-----------+-----------+--------------+--------------+
; Pin/Rules          ; IO_000002    ; IO_000001    ; IO_000003    ; IO_000004    ; IO_000005    ; IO_000006 ; IO_000007    ; IO_000008    ; IO_000047    ; IO_000046    ; IO_000045    ; IO_000027    ; IO_000026    ; IO_000024    ; IO_000023    ; IO_000022    ; IO_000021    ; IO_000020    ; IO_000019    ; IO_000018    ; IO_000015    ; IO_000014    ; IO_000013    ; IO_000012    ; IO_000011    ; IO_000010 ; IO_000009 ; IO_000033 ; IO_000034    ; IO_000042    ;
+--------------------+--------------+--------------+--------------+--------------+--------------+-----------+--------------+--------------+--------------+--------------+--------------+--------------+--------------+--------------+--------------+--------------+--------------+--------------+--------------+--------------+--------------+--------------+--------------+--------------+--------------+-----------+-----------+-----------+--------------+--------------+
; Total Pass         ; 0            ; 34           ; 34           ; 0            ; 0            ; 61        ; 34           ; 0            ; 0            ; 0            ; 0            ; 0            ; 0            ; 4            ; 0            ; 0            ; 0            ; 20           ; 4            ; 0            ; 20           ; 0            ; 0            ; 4            ; 0            ; 61        ; 61        ; 61        ; 0            ; 0            ;
; Total Unchecked    ; 0            ; 0            ; 0            ; 0            ; 0            ; 0         ; 0            ; 0            ; 0            ; 0            ; 0            ; 0            ; 0            ; 0            ; 0            ; 0            ; 0            ; 0            ; 0            ; 0            ; 0            ; 0            ; 0            ; 0            ; 0            ; 0         ; 0         ; 0         ; 0            ; 0            ;
; Total Inapplicable ; 61           ; 27           ; 27           ; 61           ; 61           ; 0         ; 27           ; 61           ; 61           ; 61           ; 61           ; 61           ; 61           ; 57           ; 61           ; 61           ; 61           ; 41           ; 57           ; 61           ; 41           ; 61           ; 61           ; 57           ; 61           ; 0         ; 0         ; 0         ; 61           ; 61           ;
; Total Fail         ; 0            ; 0            ; 0            ; 0            ; 0            ; 0         ; 0            ; 0            ; 0            ; 0            ; 0            ; 0            ; 0            ; 0            ; 0            ; 0            ; 0            ; 0            ; 0            ; 0            ; 0            ; 0            ; 0            ; 0            ; 0            ; 0         ; 0         ; 0         ; 0            ; 0            ;
; SVNSEG_SEG[0]      ; Inapplicable ; Pass         ; Pass         ; Inapplicable ; Inapplicable ; Pass      ; Pass         ; Inapplicable ; Inapplicable ; Inapplicable ; Inapplicable ; Inapplicable ; Inapplicable ; Inapplicable ; Inapplicable ; Inapplicable ; Inapplicable ; Inapplicable ; Inapplicable ; Inapplicable ; Inapplicable ; Inapplicable ; Inapplicable ; Inapplicable ; Inapplicable ; Pass      ; Pass      ; Pass      ; Inapplicable ; Inapplicable ;
; SVNSEG_SEG[1]      ; Inapplicable ; Pass         ; Pass         ; Inapplicable ; Inapplicable ; Pass      ; Pass         ; Inapplicable ; Inapplicable ; Inapplicable ; Inapplicable ; Inapplicable ; Inapplicable ; Inapplicable ; Inapplicable ; Inapplicable ; Inapplicable ; Inapplicable ; Inapplicable ; Inapplicable ; Inapplicable ; Inapplicable ; Inapplicable ; Inapplicable ; Inapplicable ; Pass      ; Pass      ; Pass      ; Inapplicable ; Inapplicable ;
; SVNSEG_SEG[2]      ; Inapplicable ; Pass         ; Pass         ; Inapplicable ; Inapplicable ; Pass      ; Pass         ; Inapplicable ; Inapplicable ; Inapplicable ; Inapplicable ; Inapplicable ; Inapplicable ; Inapplicable ; Inapplicable ; Inapplicable ; Inapplicable ; Inapplicable ; Inapplicable ; Inapplicable ; Inapplicable ; Inapplicable ; Inapplicable ; Inapplicable ; Inapplicable ; Pass      ; Pass      ; Pass      ; Inapplicable ; Inapplicable ;
; SVNSEG_SEG[3]      ; Inapplicable ; Pass         ; Pass         ; Inapplicable ; Inapplicable ; Pass      ; Pass         ; Inapplicable ; Inapplicable ; Inapplicable ; Inapplicable ; Inapplicable ; Inapplicable ; Inapplicable ; Inapplicable ; Inapplicable ; Inapplicable ; Inapplicable ; Inapplicable ; Inapplicable ; Inapplicable ; Inapplicable ; Inapplicable ; Inapplicable ; Inapplicable ; Pass      ; Pass      ; Pass      ; Inapplicable ; Inapplicable ;
; SVNSEG_SEG[4]      ; Inapplicable ; Pass         ; Pass         ; Inapplicable ; Inapplicable ; Pass      ; Pass         ; Inapplicable ; Inapplicable ; Inapplicable ; Inapplicable ; Inapplicable ; Inapplicable ; Inapplicable ; Inapplicable ; Inapplicable ; Inapplicable ; Inapplicable ; Inapplicable ; Inapplicable ; Inapplicable ; Inapplicable ; Inapplicable ; Inapplicable ; Inapplicable ; Pass      ; Pass      ; Pass      ; Inapplicable ; Inapplicable ;
; SVNSEG_SEG[5]      ; Inapplicable ; Pass         ; Pass         ; Inapplicable ; Inapplicable ; Pass      ; Pass         ; Inapplicable ; Inapplicable ; Inapplicable ; Inapplicable ; Inapplicable ; Inapplicable ; Inapplicable ; Inapplicable ; Inapplicable ; Inapplicable ; Inapplicable ; Inapplicable ; Inapplicable ; Inapplicable ; Inapplicable ; Inapplicable ; Inapplicable ; Inapplicable ; Pass      ; Pass      ; Pass      ; Inapplicable ; Inapplicable ;
; SVNSEG_SEG[6]      ; Inapplicable ; Pass         ; Pass         ; Inapplicable ; Inapplicable ; Pass      ; Pass         ; Inapplicable ; Inapplicable ; Inapplicable ; Inapplicable ; Inapplicable ; Inapplicable ; Inapplicable ; Inapplicable ; Inapplicable ; Inapplicable ; Inapplicable ; Inapplicable ; Inapplicable ; Inapplicable ; Inapplicable ; Inapplicable ; Inapplicable ; Inapplicable ; Pass      ; Pass      ; Pass      ; Inapplicable ; Inapplicable ;
; SVNSEG_SEG[7]      ; Inapplicable ; Pass         ; Pass         ; Inapplicable ; Inapplicable ; Pass      ; Pass         ; Inapplicable ; Inapplicable ; Inapplicable ; Inapplicable ; Inapplicable ; Inapplicable ; Inapplicable ; Inapplicable ; Inapplicable ; Inapplicable ; Inapplicable ; Inapplicable ; Inapplicable ; Inapplicable ; Inapplicable ; Inapplicable ; Inapplicable ; Inapplicable ; Pass      ; Pass      ; Pass      ; Inapplicable ; Inapplicable ;
; n_r_left           ; Inapplicable ; Pass         ; Pass         ; Inapplicable ; Inapplicable ; Pass      ; Pass         ; Inapplicable ; Inapplicable ; Inapplicable ; Inapplicable ; Inapplicable ; Inapplicable ; Inapplicable ; Inapplicable ; Inapplicable ; Inapplicable ; Inapplicable ; Inapplicable ; Inapplicable ; Inapplicable ; Inapplicable ; Inapplicable ; Inapplicable ; Inapplicable ; Pass      ; Pass      ; Pass      ; Inapplicable ; Inapplicable ;
; n_y_left           ; Inapplicable ; Pass         ; Pass         ; Inapplicable ; Inapplicable ; Pass      ; Pass         ; Inapplicable ; Inapplicable ; Inapplicable ; Inapplicable ; Inapplicable ; Inapplicable ; Inapplicable ; Inapplicable ; Inapplicable ; Inapplicable ; Inapplicable ; Inapplicable ; Inapplicable ; Inapplicable ; Inapplicable ; Inapplicable ; Inapplicable ; Inapplicable ; Pass      ; Pass      ; Pass      ; Inapplicable ; Inapplicable ;
; n_g_left           ; Inapplicable ; Pass         ; Pass         ; Inapplicable ; Inapplicable ; Pass      ; Pass         ; Inapplicable ; Inapplicable ; Inapplicable ; Inapplicable ; Inapplicable ; Inapplicable ; Inapplicable ; Inapplicable ; Inapplicable ; Inapplicable ; Inapplicable ; Inapplicable ; Inapplicable ; Inapplicable ; Inapplicable ; Inapplicable ; Inapplicable ; Inapplicable ; Pass      ; Pass      ; Pass      ; Inapplicable ; Inapplicable ;
; n_r_ped            ; Inapplicable ; Inapplicable ; Inapplicable ; Inapplicable ; Inapplicable ; Pass      ; Inapplicable ; Inapplicable ; Inapplicable ; Inapplicable ; Inapplicable ; Inapplicable ; Inapplicable ; Pass         ; Inapplicable ; Inapplicable ; Inapplicable ; Inapplicable ; Pass         ; Inapplicable ; Inapplicable ; Inapplicable ; Inapplicable ; Pass         ; Inapplicable ; Pass      ; Pass      ; Pass      ; Inapplicable ; Inapplicable ;
; n_g_ped            ; Inapplicable ; Pass         ; Pass         ; Inapplicable ; Inapplicable ; Pass      ; Pass         ; Inapplicable ; Inapplicable ; Inapplicable ; Inapplicable ; Inapplicable ; Inapplicable ; Inapplicable ; Inapplicable ; Inapplicable ; Inapplicable ; Inapplicable ; Inapplicable ; Inapplicable ; Inapplicable ; Inapplicable ; Inapplicable ; Inapplicable ; Inapplicable ; Pass      ; Pass      ; Pass      ; Inapplicable ; Inapplicable ;
; n_r_stra           ; Inapplicable ; Pass         ; Pass         ; Inapplicable ; Inapplicable ; Pass      ; Pass         ; Inapplicable ; Inapplicable ; Inapplicable ; Inapplicable ; Inapplicable ; Inapplicable ; Inapplicable ; Inapplicable ; Inapplicable ; Inapplicable ; Inapplicable ; Inapplicable ; Inapplicable ; Inapplicable ; Inapplicable ; Inapplicable ; Inapplicable ; Inapplicable ; Pass      ; Pass      ; Pass      ; Inapplicable ; Inapplicable ;
; n_y_stra           ; Inapplicable ; Pass         ; Pass         ; Inapplicable ; Inapplicable ; Pass      ; Pass         ; Inapplicable ; Inapplicable ; Inapplicable ; Inapplicable ; Inapplicable ; Inapplicable ; Inapplicable ; Inapplicable ; Inapplicable ; Inapplicable ; Inapplicable ; Inapplicable ; Inapplicable ; Inapplicable ; Inapplicable ; Inapplicable ; Inapplicable ; Inapplicable ; Pass      ; Pass      ; Pass      ; Inapplicable ; Inapplicable ;
; n_g_stra           ; Inapplicable ; Pass         ; Pass         ; Inapplicable ; Inapplicable ; Pass      ; Pass         ; Inapplicable ; Inapplicable ; Inapplicable ; Inapplicable ; Inapplicable ; Inapplicable ; Inapplicable ; Inapplicable ; Inapplicable ; Inapplicable ; Inapplicable ; Inapplicable ; Inapplicable ; Inapplicable ; Inapplicable ; Inapplicable ; Inapplicable ; Inapplicable ; Pass      ; Pass      ; Pass      ; Inapplicable ; Inapplicable ;
; s_r_left           ; Inapplicable ; Inapplicable ; Inapplicable ; Inapplicable ; Inapplicable ; Pass      ; Inapplicable ; Inapplicable ; Inapplicable ; Inapplicable ; Inapplicable ; Inapplicable ; Inapplicable ; Inapplicable ; Inapplicable ; Inapplicable ; Inapplicable ; Inapplicable ; Inapplicable ; Inapplicable ; Inapplicable ; Inapplicable ; Inapplicable ; Inapplicable ; Inapplicable ; Pass      ; Pass      ; Pass      ; Inapplicable ; Inapplicable ;
; s_y_left           ; Inapplicable ; Inapplicable ; Inapplicable ; Inapplicable ; Inapplicable ; Pass      ; Inapplicable ; Inapplicable ; Inapplicable ; Inapplicable ; Inapplicable ; Inapplicable ; Inapplicable ; Inapplicable ; Inapplicable ; Inapplicable ; Inapplicable ; Inapplicable ; Inapplicable ; Inapplicable ; Inapplicable ; Inapplicable ; Inapplicable ; Inapplicable ; Inapplicable ; Pass      ; Pass      ; Pass      ; Inapplicable ; Inapplicable ;
; s_g_left           ; Inapplicable ; Inapplicable ; Inapplicable ; Inapplicable ; Inapplicable ; Pass      ; Inapplicable ; Inapplicable ; Inapplicable ; Inapplicable ; Inapplicable ; Inapplicable ; Inapplicable ; Inapplicable ; Inapplicable ; Inapplicable ; Inapplicable ; Inapplicable ; Inapplicable ; Inapplicable ; Inapplicable ; Inapplicable ; Inapplicable ; Inapplicable ; Inapplicable ; Pass      ; Pass      ; Pass      ; Inapplicable ; Inapplicable ;
; s_r_ped            ; Inapplicable ; Inapplicable ; Inapplicable ; Inapplicable ; Inapplicable ; Pass      ; Inapplicable ; Inapplicable ; Inapplicable ; Inapplicable ; Inapplicable ; Inapplicable ; Inapplicable ; Pass         ; Inapplicable ; Inapplicable ; Inapplicable ; Inapplicable ; Pass         ; Inapplicable ; Inapplicable ; Inapplicable ; Inapplicable ; Pass         ; Inapplicable ; Pass      ; Pass      ; Pass      ; Inapplicable ; Inapplicable ;
; s_g_ped            ; Inapplicable ; Pass         ; Pass         ; Inapplicable ; Inapplicable ; Pass      ; Pass         ; Inapplicable ; Inapplicable ; Inapplicable ; Inapplicable ; Inapplicable ; Inapplicable ; Inapplicable ; Inapplicable ; Inapplicable ; Inapplicable ; Inapplicable ; Inapplicable ; Inapplicable ; Inapplicable ; Inapplicable ; Inapplicable ; Inapplicable ; Inapplicable ; Pass      ; Pass      ; Pass      ; Inapplicable ; Inapplicable ;
; s_r_stra           ; Inapplicable ; Inapplicable ; Inapplicable ; Inapplicable ; Inapplicable ; Pass      ; Inapplicable ; Inapplicable ; Inapplicable ; Inapplicable ; Inapplicable ; Inapplicable ; Inapplicable ; Inapplicable ; Inapplicable ; Inapplicable ; Inapplicable ; Inapplicable ; Inapplicable ; Inapplicable ; Inapplicable ; Inapplicable ; Inapplicable ; Inapplicable ; Inapplicable ; Pass      ; Pass      ; Pass      ; Inapplicable ; Inapplicable ;
; s_y_stra           ; Inapplicable ; Inapplicable ; Inapplicable ; Inapplicable ; Inapplicable ; Pass      ; Inapplicable ; Inapplicable ; Inapplicable ; Inapplicable ; Inapplicable ; Inapplicable ; Inapplicable ; Inapplicable ; Inapplicable ; Inapplicable ; Inapplicable ; Inapplicable ; Inapplicable ; Inapplicable ; Inapplicable ; Inapplicable ; Inapplicable ; Inapplicable ; Inapplicable ; Pass      ; Pass      ; Pass      ; Inapplicable ; Inapplicable ;
; s_g_stra           ; Inapplicable ; Inapplicable ; Inapplicable ; Inapplicable ; Inapplicable ; Pass      ; Inapplicable ; Inapplicable ; Inapplicable ; Inapplicable ; Inapplicable ; Inapplicable ; Inapplicable ; Inapplicable ; Inapplicable ; Inapplicable ; Inapplicable ; Inapplicable ; Inapplicable ; Inapplicable ; Inapplicable ; Inapplicable ; Inapplicable ; Inapplicable ; Inapplicable ; Pass      ; Pass      ; Pass      ; Inapplicable ; Inapplicable ;
; e_r_left           ; Inapplicable ; Pass         ; Pass         ; Inapplicable ; Inapplicable ; Pass      ; Pass         ; Inapplicable ; Inapplicable ; Inapplicable ; Inapplicable ; Inapplicable ; Inapplicable ; Inapplicable ; Inapplicable ; Inapplicable ; Inapplicable ; Inapplicable ; Inapplicable ; Inapplicable ; Inapplicable ; Inapplicable ; Inapplicable ; Inapplicable ; Inapplicable ; Pass      ; Pass      ; Pass      ; Inapplicable ; Inapplicable ;
; e_y_left           ; Inapplicable ; Pass         ; Pass         ; Inapplicable ; Inapplicable ; Pass      ; Pass         ; Inapplicable ; Inapplicable ; Inapplicable ; Inapplicable ; Inapplicable ; Inapplicable ; Inapplicable ; Inapplicable ; Inapplicable ; Inapplicable ; Inapplicable ; Inapplicable ; Inapplicable ; Inapplicable ; Inapplicable ; Inapplicable ; Inapplicable ; Inapplicable ; Pass      ; Pass      ; Pass      ; Inapplicable ; Inapplicable ;
; e_g_left           ; Inapplicable ; Inapplicable ; Inapplicable ; Inapplicable ; Inapplicable ; Pass      ; Inapplicable ; Inapplicable ; Inapplicable ; Inapplicable ; Inapplicable ; Inapplicable ; Inapplicable ; Inapplicable ; Inapplicable ; Inapplicable ; Inapplicable ; Inapplicable ; Inapplicable ; Inapplicable ; Inapplicable ; Inapplicable ; Inapplicable ; Inapplicable ; Inapplicable ; Pass      ; Pass      ; Pass      ; Inapplicable ; Inapplicable ;
; e_r_ped            ; Inapplicable ; Inapplicable ; Inapplicable ; Inapplicable ; Inapplicable ; Pass      ; Inapplicable ; Inapplicable ; Inapplicable ; Inapplicable ; Inapplicable ; Inapplicable ; Inapplicable ; Pass         ; Inapplicable ; Inapplicable ; Inapplicable ; Inapplicable ; Pass         ; Inapplicable ; Inapplicable ; Inapplicable ; Inapplicable ; Pass         ; Inapplicable ; Pass      ; Pass      ; Pass      ; Inapplicable ; Inapplicable ;
; e_g_ped            ; Inapplicable ; Pass         ; Pass         ; Inapplicable ; Inapplicable ; Pass      ; Pass         ; Inapplicable ; Inapplicable ; Inapplicable ; Inapplicable ; Inapplicable ; Inapplicable ; Inapplicable ; Inapplicable ; Inapplicable ; Inapplicable ; Inapplicable ; Inapplicable ; Inapplicable ; Inapplicable ; Inapplicable ; Inapplicable ; Inapplicable ; Inapplicable ; Pass      ; Pass      ; Pass      ; Inapplicable ; Inapplicable ;
; e_r_stra           ; Inapplicable ; Pass         ; Pass         ; Inapplicable ; Inapplicable ; Pass      ; Pass         ; Inapplicable ; Inapplicable ; Inapplicable ; Inapplicable ; Inapplicable ; Inapplicable ; Inapplicable ; Inapplicable ; Inapplicable ; Inapplicable ; Inapplicable ; Inapplicable ; Inapplicable ; Inapplicable ; Inapplicable ; Inapplicable ; Inapplicable ; Inapplicable ; Pass      ; Pass      ; Pass      ; Inapplicable ; Inapplicable ;
; e_y_stra           ; Inapplicable ; Inapplicable ; Inapplicable ; Inapplicable ; Inapplicable ; Pass      ; Inapplicable ; Inapplicable ; Inapplicable ; Inapplicable ; Inapplicable ; Inapplicable ; Inapplicable ; Inapplicable ; Inapplicable ; Inapplicable ; Inapplicable ; Inapplicable ; Inapplicable ; Inapplicable ; Inapplicable ; Inapplicable ; Inapplicable ; Inapplicable ; Inapplicable ; Pass      ; Pass      ; Pass      ; Inapplicable ; Inapplicable ;
; e_g_stra           ; Inapplicable ; Inapplicable ; Inapplicable ; Inapplicable ; Inapplicable ; Pass      ; Inapplicable ; Inapplicable ; Inapplicable ; Inapplicable ; Inapplicable ; Inapplicable ; Inapplicable ; Inapplicable ; Inapplicable ; Inapplicable ; Inapplicable ; Inapplicable ; Inapplicable ; Inapplicable ; Inapplicable ; Inapplicable ; Inapplicable ; Inapplicable ; Inapplicable ; Pass      ; Pass      ; Pass      ; Inapplicable ; Inapplicable ;
; w_r_left           ; Inapplicable ; Pass         ; Pass         ; Inapplicable ; Inapplicable ; Pass      ; Pass         ; Inapplicable ; Inapplicable ; Inapplicable ; Inapplicable ; Inapplicable ; Inapplicable ; Inapplicable ; Inapplicable ; Inapplicable ; Inapplicable ; Inapplicable ; Inapplicable ; Inapplicable ; Inapplicable ; Inapplicable ; Inapplicable ; Inapplicable ; Inapplicable ; Pass      ; Pass      ; Pass      ; Inapplicable ; Inapplicable ;
; w_y_left           ; Inapplicable ; Pass         ; Pass         ; Inapplicable ; Inapplicable ; Pass      ; Pass         ; Inapplicable ; Inapplicable ; Inapplicable ; Inapplicable ; Inapplicable ; Inapplicable ; Inapplicable ; Inapplicable ; Inapplicable ; Inapplicable ; Inapplicable ; Inapplicable ; Inapplicable ; Inapplicable ; Inapplicable ; Inapplicable ; Inapplicable ; Inapplicable ; Pass      ; Pass      ; Pass      ; Inapplicable ; Inapplicable ;
; w_g_left           ; Inapplicable ; Pass         ; Pass         ; Inapplicable ; Inapplicable ; Pass      ; Pass         ; Inapplicable ; Inapplicable ; Inapplicable ; Inapplicable ; Inapplicable ; Inapplicable ; Inapplicable ; Inapplicable ; Inapplicable ; Inapplicable ; Inapplicable ; Inapplicable ; Inapplicable ; Inapplicable ; Inapplicable ; Inapplicable ; Inapplicable ; Inapplicable ; Pass      ; Pass      ; Pass      ; Inapplicable ; Inapplicable ;
; w_r_ped            ; Inapplicable ; Inapplicable ; Inapplicable ; Inapplicable ; Inapplicable ; Pass      ; Inapplicable ; Inapplicable ; Inapplicable ; Inapplicable ; Inapplicable ; Inapplicable ; Inapplicable ; Pass         ; Inapplicable ; Inapplicable ; Inapplicable ; Inapplicable ; Pass         ; Inapplicable ; Inapplicable ; Inapplicable ; Inapplicable ; Pass         ; Inapplicable ; Pass      ; Pass      ; Pass      ; Inapplicable ; Inapplicable ;
; w_g_ped            ; Inapplicable ; Pass         ; Pass         ; Inapplicable ; Inapplicable ; Pass      ; Pass         ; Inapplicable ; Inapplicable ; Inapplicable ; Inapplicable ; Inapplicable ; Inapplicable ; Inapplicable ; Inapplicable ; Inapplicable ; Inapplicable ; Inapplicable ; Inapplicable ; Inapplicable ; Inapplicable ; Inapplicable ; Inapplicable ; Inapplicable ; Inapplicable ; Pass      ; Pass      ; Pass      ; Inapplicable ; Inapplicable ;
; w_r_stra           ; Inapplicable ; Pass         ; Pass         ; Inapplicable ; Inapplicable ; Pass      ; Pass         ; Inapplicable ; Inapplicable ; Inapplicable ; Inapplicable ; Inapplicable ; Inapplicable ; Inapplicable ; Inapplicable ; Inapplicable ; Inapplicable ; Inapplicable ; Inapplicable ; Inapplicable ; Inapplicable ; Inapplicable ; Inapplicable ; Inapplicable ; Inapplicable ; Pass      ; Pass      ; Pass      ; Inapplicable ; Inapplicable ;
; w_y_stra           ; Inapplicable ; Pass         ; Pass         ; Inapplicable ; Inapplicable ; Pass      ; Pass         ; Inapplicable ; Inapplicable ; Inapplicable ; Inapplicable ; Inapplicable ; Inapplicable ; Inapplicable ; Inapplicable ; Inapplicable ; Inapplicable ; Inapplicable ; Inapplicable ; Inapplicable ; Inapplicable ; Inapplicable ; Inapplicable ; Inapplicable ; Inapplicable ; Pass      ; Pass      ; Pass      ; Inapplicable ; Inapplicable ;
; w_g_stra           ; Inapplicable ; Pass         ; Pass         ; Inapplicable ; Inapplicable ; Pass      ; Pass         ; Inapplicable ; Inapplicable ; Inapplicable ; Inapplicable ; Inapplicable ; Inapplicable ; Inapplicable ; Inapplicable ; Inapplicable ; Inapplicable ; Inapplicable ; Inapplicable ; Inapplicable ; Inapplicable ; Inapplicable ; Inapplicable ; Inapplicable ; Inapplicable ; Pass      ; Pass      ; Pass      ; Inapplicable ; Inapplicable ;
; system_fault_led   ; Inapplicable ; Pass         ; Pass         ; Inapplicable ; Inapplicable ; Pass      ; Pass         ; Inapplicable ; Inapplicable ; Inapplicable ; Inapplicable ; Inapplicable ; Inapplicable ; Inapplicable ; Inapplicable ; Inapplicable ; Inapplicable ; Inapplicable ; Inapplicable ; Inapplicable ; Inapplicable ; Inapplicable ; Inapplicable ; Inapplicable ; Inapplicable ; Pass      ; Pass      ; Pass      ; Inapplicable ; Inapplicable ;
; dig_dip[0]         ; Inapplicable ; Pass         ; Pass         ; Inapplicable ; Inapplicable ; Pass      ; Pass         ; Inapplicable ; Inapplicable ; Inapplicable ; Inapplicable ; Inapplicable ; Inapplicable ; Inapplicable ; Inapplicable ; Inapplicable ; Inapplicable ; Pass         ; Inapplicable ; Inapplicable ; Pass         ; Inapplicable ; Inapplicable ; Inapplicable ; Inapplicable ; Pass      ; Pass      ; Pass      ; Inapplicable ; Inapplicable ;
; dig_dip[1]         ; Inapplicable ; Pass         ; Pass         ; Inapplicable ; Inapplicable ; Pass      ; Pass         ; Inapplicable ; Inapplicable ; Inapplicable ; Inapplicable ; Inapplicable ; Inapplicable ; Inapplicable ; Inapplicable ; Inapplicable ; Inapplicable ; Pass         ; Inapplicable ; Inapplicable ; Pass         ; Inapplicable ; Inapplicable ; Inapplicable ; Inapplicable ; Pass      ; Pass      ; Pass      ; Inapplicable ; Inapplicable ;
; dig_dip[2]         ; Inapplicable ; Pass         ; Pass         ; Inapplicable ; Inapplicable ; Pass      ; Pass         ; Inapplicable ; Inapplicable ; Inapplicable ; Inapplicable ; Inapplicable ; Inapplicable ; Inapplicable ; Inapplicable ; Inapplicable ; Inapplicable ; Pass         ; Inapplicable ; Inapplicable ; Pass         ; Inapplicable ; Inapplicable ; Inapplicable ; Inapplicable ; Pass      ; Pass      ; Pass      ; Inapplicable ; Inapplicable ;
; dig_dip[3]         ; Inapplicable ; Pass         ; Pass         ; Inapplicable ; Inapplicable ; Pass      ; Pass         ; Inapplicable ; Inapplicable ; Inapplicable ; Inapplicable ; Inapplicable ; Inapplicable ; Inapplicable ; Inapplicable ; Inapplicable ; Inapplicable ; Pass         ; Inapplicable ; Inapplicable ; Pass         ; Inapplicable ; Inapplicable ; Inapplicable ; Inapplicable ; Pass      ; Pass      ; Pass      ; Inapplicable ; Inapplicable ;
; clk                ; Inapplicable ; Pass         ; Pass         ; Inapplicable ; Inapplicable ; Pass      ; Pass         ; Inapplicable ; Inapplicable ; Inapplicable ; Inapplicable ; Inapplicable ; Inapplicable ; Inapplicable ; Inapplicable ; Inapplicable ; Inapplicable ; Pass         ; Inapplicable ; Inapplicable ; Pass         ; Inapplicable ; Inapplicable ; Inapplicable ; Inapplicable ; Pass      ; Pass      ; Pass      ; Inapplicable ; Inapplicable ;
; rst_n              ; Inapplicable ; Pass         ; Pass         ; Inapplicable ; Inapplicable ; Pass      ; Pass         ; Inapplicable ; Inapplicable ; Inapplicable ; Inapplicable ; Inapplicable ; Inapplicable ; Inapplicable ; Inapplicable ; Inapplicable ; Inapplicable ; Pass         ; Inapplicable ; Inapplicable ; Pass         ; Inapplicable ; Inapplicable ; Inapplicable ; Inapplicable ; Pass      ; Pass      ; Pass      ; Inapplicable ; Inapplicable ;
; io_mode            ; Inapplicable ; Inapplicable ; Inapplicable ; Inapplicable ; Inapplicable ; Pass      ; Inapplicable ; Inapplicable ; Inapplicable ; Inapplicable ; Inapplicable ; Inapplicable ; Inapplicable ; Inapplicable ; Inapplicable ; Inapplicable ; Inapplicable ; Pass         ; Inapplicable ; Inapplicable ; Pass         ; Inapplicable ; Inapplicable ; Inapplicable ; Inapplicable ; Pass      ; Pass      ; Pass      ; Inapplicable ; Inapplicable ;
; cfg_data[0]        ; Inapplicable ; Inapplicable ; Inapplicable ; Inapplicable ; Inapplicable ; Pass      ; Inapplicable ; Inapplicable ; Inapplicable ; Inapplicable ; Inapplicable ; Inapplicable ; Inapplicable ; Inapplicable ; Inapplicable ; Inapplicable ; Inapplicable ; Pass         ; Inapplicable ; Inapplicable ; Pass         ; Inapplicable ; Inapplicable ; Inapplicable ; Inapplicable ; Pass      ; Pass      ; Pass      ; Inapplicable ; Inapplicable ;
; cfg_addr[3]        ; Inapplicable ; Inapplicable ; Inapplicable ; Inapplicable ; Inapplicable ; Pass      ; Inapplicable ; Inapplicable ; Inapplicable ; Inapplicable ; Inapplicable ; Inapplicable ; Inapplicable ; Inapplicable ; Inapplicable ; Inapplicable ; Inapplicable ; Pass         ; Inapplicable ; Inapplicable ; Pass         ; Inapplicable ; Inapplicable ; Inapplicable ; Inapplicable ; Pass      ; Pass      ; Pass      ; Inapplicable ; Inapplicable ;
; cfg_we             ; Inapplicable ; Inapplicable ; Inapplicable ; Inapplicable ; Inapplicable ; Pass      ; Inapplicable ; Inapplicable ; Inapplicable ; Inapplicable ; Inapplicable ; Inapplicable ; Inapplicable ; Inapplicable ; Inapplicable ; Inapplicable ; Inapplicable ; Pass         ; Inapplicable ; Inapplicable ; Pass         ; Inapplicable ; Inapplicable ; Inapplicable ; Inapplicable ; Pass      ; Pass      ; Pass      ; Inapplicable ; Inapplicable ;
; cfg_addr[1]        ; Inapplicable ; Inapplicable ; Inapplicable ; Inapplicable ; Inapplicable ; Pass      ; Inapplicable ; Inapplicable ; Inapplicable ; Inapplicable ; Inapplicable ; Inapplicable ; Inapplicable ; Inapplicable ; Inapplicable ; Inapplicable ; Inapplicable ; Pass         ; Inapplicable ; Inapplicable ; Pass         ; Inapplicable ; Inapplicable ; Inapplicable ; Inapplicable ; Pass      ; Pass      ; Pass      ; Inapplicable ; Inapplicable ;
; cfg_addr[2]        ; Inapplicable ; Inapplicable ; Inapplicable ; Inapplicable ; Inapplicable ; Pass      ; Inapplicable ; Inapplicable ; Inapplicable ; Inapplicable ; Inapplicable ; Inapplicable ; Inapplicable ; Inapplicable ; Inapplicable ; Inapplicable ; Inapplicable ; Pass         ; Inapplicable ; Inapplicable ; Pass         ; Inapplicable ; Inapplicable ; Inapplicable ; Inapplicable ; Pass      ; Pass      ; Pass      ; Inapplicable ; Inapplicable ;
; cfg_addr[0]        ; Inapplicable ; Inapplicable ; Inapplicable ; Inapplicable ; Inapplicable ; Pass      ; Inapplicable ; Inapplicable ; Inapplicable ; Inapplicable ; Inapplicable ; Inapplicable ; Inapplicable ; Inapplicable ; Inapplicable ; Inapplicable ; Inapplicable ; Pass         ; Inapplicable ; Inapplicable ; Pass         ; Inapplicable ; Inapplicable ; Inapplicable ; Inapplicable ; Pass      ; Pass      ; Pass      ; Inapplicable ; Inapplicable ;
; cfg_data[7]        ; Inapplicable ; Inapplicable ; Inapplicable ; Inapplicable ; Inapplicable ; Pass      ; Inapplicable ; Inapplicable ; Inapplicable ; Inapplicable ; Inapplicable ; Inapplicable ; Inapplicable ; Inapplicable ; Inapplicable ; Inapplicable ; Inapplicable ; Pass         ; Inapplicable ; Inapplicable ; Pass         ; Inapplicable ; Inapplicable ; Inapplicable ; Inapplicable ; Pass      ; Pass      ; Pass      ; Inapplicable ; Inapplicable ;
; cfg_data[6]        ; Inapplicable ; Inapplicable ; Inapplicable ; Inapplicable ; Inapplicable ; Pass      ; Inapplicable ; Inapplicable ; Inapplicable ; Inapplicable ; Inapplicable ; Inapplicable ; Inapplicable ; Inapplicable ; Inapplicable ; Inapplicable ; Inapplicable ; Pass         ; Inapplicable ; Inapplicable ; Pass         ; Inapplicable ; Inapplicable ; Inapplicable ; Inapplicable ; Pass      ; Pass      ; Pass      ; Inapplicable ; Inapplicable ;
; cfg_data[5]        ; Inapplicable ; Inapplicable ; Inapplicable ; Inapplicable ; Inapplicable ; Pass      ; Inapplicable ; Inapplicable ; Inapplicable ; Inapplicable ; Inapplicable ; Inapplicable ; Inapplicable ; Inapplicable ; Inapplicable ; Inapplicable ; Inapplicable ; Pass         ; Inapplicable ; Inapplicable ; Pass         ; Inapplicable ; Inapplicable ; Inapplicable ; Inapplicable ; Pass      ; Pass      ; Pass      ; Inapplicable ; Inapplicable ;
; cfg_data[4]        ; Inapplicable ; Inapplicable ; Inapplicable ; Inapplicable ; Inapplicable ; Pass      ; Inapplicable ; Inapplicable ; Inapplicable ; Inapplicable ; Inapplicable ; Inapplicable ; Inapplicable ; Inapplicable ; Inapplicable ; Inapplicable ; Inapplicable ; Pass         ; Inapplicable ; Inapplicable ; Pass         ; Inapplicable ; Inapplicable ; Inapplicable ; Inapplicable ; Pass      ; Pass      ; Pass      ; Inapplicable ; Inapplicable ;
; cfg_data[3]        ; Inapplicable ; Inapplicable ; Inapplicable ; Inapplicable ; Inapplicable ; Pass      ; Inapplicable ; Inapplicable ; Inapplicable ; Inapplicable ; Inapplicable ; Inapplicable ; Inapplicable ; Inapplicable ; Inapplicable ; Inapplicable ; Inapplicable ; Pass         ; Inapplicable ; Inapplicable ; Pass         ; Inapplicable ; Inapplicable ; Inapplicable ; Inapplicable ; Pass      ; Pass      ; Pass      ; Inapplicable ; Inapplicable ;
; cfg_data[2]        ; Inapplicable ; Inapplicable ; Inapplicable ; Inapplicable ; Inapplicable ; Pass      ; Inapplicable ; Inapplicable ; Inapplicable ; Inapplicable ; Inapplicable ; Inapplicable ; Inapplicable ; Inapplicable ; Inapplicable ; Inapplicable ; Inapplicable ; Pass         ; Inapplicable ; Inapplicable ; Pass         ; Inapplicable ; Inapplicable ; Inapplicable ; Inapplicable ; Pass      ; Pass      ; Pass      ; Inapplicable ; Inapplicable ;
; cfg_data[1]        ; Inapplicable ; Inapplicable ; Inapplicable ; Inapplicable ; Inapplicable ; Pass      ; Inapplicable ; Inapplicable ; Inapplicable ; Inapplicable ; Inapplicable ; Inapplicable ; Inapplicable ; Inapplicable ; Inapplicable ; Inapplicable ; Inapplicable ; Pass         ; Inapplicable ; Inapplicable ; Pass         ; Inapplicable ; Inapplicable ; Inapplicable ; Inapplicable ; Pass      ; Pass      ; Pass      ; Inapplicable ; Inapplicable ;
+--------------------+--------------+--------------+--------------+--------------+--------------+-----------+--------------+--------------+--------------+--------------+--------------+--------------+--------------+--------------+--------------+--------------+--------------+--------------+--------------+--------------+--------------+--------------+--------------+--------------+--------------+-----------+-----------+-----------+--------------+--------------+


+---------------------------------------------------------------------------------------------+
; Fitter Device Options                                                                       ;
+------------------------------------------------------------------+--------------------------+
; Option                                                           ; Setting                  ;
+------------------------------------------------------------------+--------------------------+
; Enable user-supplied start-up clock (CLKUSR)                     ; Off                      ;
; Enable device-wide reset (DEV_CLRn)                              ; Off                      ;
; Enable device-wide output enable (DEV_OE)                        ; Off                      ;
; Enable INIT_DONE output                                          ; Off                      ;
; Configuration scheme                                             ; Active Serial            ;
; Error detection CRC                                              ; Off                      ;
; Enable open drain on CRC_ERROR pin                               ; Off                      ;
; Enable input tri-state on active configuration pins in user mode ; Off                      ;
; Configuration Voltage Level                                      ; Auto                     ;
; Force Configuration Voltage Level                                ; Off                      ;
; nCEO                                                             ; As output driving ground ;
; Data[0]                                                          ; As input tri-stated      ;
; Data[1]/ASDO                                                     ; As input tri-stated      ;
; Data[7..2]                                                       ; Unreserved               ;
; FLASH_nCE/nCSO                                                   ; As input tri-stated      ;
; Other Active Parallel pins                                       ; Unreserved               ;
; DCLK                                                             ; As output driving ground ;
+------------------------------------------------------------------+--------------------------+


+------------------------------------+
; Operating Settings and Conditions  ;
+---------------------------+--------+
; Setting                   ; Value  ;
+---------------------------+--------+
; Nominal Core Voltage      ; 1.20 V ;
; Low Junction Temperature  ; 0 °C   ;
; High Junction Temperature ; 85 °C  ;
+---------------------------+--------+


+------------------------------------------------------------+
; Estimated Delay Added for Hold Timing Summary              ;
+-----------------+----------------------+-------------------+
; Source Clock(s) ; Destination Clock(s) ; Delay Added in ns ;
+-----------------+----------------------+-------------------+
Note: For more information on problematic transfers, consider running the Fitter again with the Optimize hold timing option (Settings Menu) turned off.
This will disable optimization of problematic paths and expose them for further analysis using the Timing Analyzer.


+------------------------------------------------------------------------------------------------+
; Estimated Delay Added for Hold Timing Details                                                  ;
+------------------------------------------+---------------------------------+-------------------+
; Source Register                          ; Destination Register            ; Delay Added in ns ;
+------------------------------------------+---------------------------------+-------------------+
; direction_sm:u_east|state.SM3_STRA_YELL  ; direction_sm:u_east|state.IDLE  ; 0.047             ;
; direction_sm:u_south|state.SM3_STRA_YELL ; direction_sm:u_south|state.IDLE ; 0.043             ;
+------------------------------------------+---------------------------------+-------------------+
Note: This table only shows the top 2 path(s) that have the largest delay added for hold.


+-----------------+
; Fitter Messages ;
+-----------------+
Warning (18236): Number of processors has not been specified which may cause overloading on shared machines.  Set the global assignment NUM_PARALLEL_PROCESSORS in your QSF to an appropriate value for best performance.
Info (20030): Parallel compilation is enabled and will use 4 of the 4 processors detected
Info (119006): Selected device EP4CE6E22C8 for design "traffic_button"
Info (21077): Low junction temperature is 0 degrees C
Info (21077): High junction temperature is 85 degrees C
Info (171003): Fitter is performing an Auto Fit compilation, which may decrease Fitter effort to reduce compilation time
Warning (292013): Feature LogicLock is only available with a valid subscription license. You can purchase a software subscription to gain full access to this feature.
Info (176444): Device migration not selected. If you intend to use device migration later, you may need to change the pin assignments as they may be incompatible with other devices
    Info (176445): Device EP4CE10E22C8 is compatible
    Info (176445): Device EP4CE15E22C8 is compatible
    Info (176445): Device EP4CE22E22C8 is compatible
Info (169124): Fitter converted 5 user pins into dedicated programming pins
    Info (169125): Pin ~ALTERA_ASDO_DATA1~ is reserved at location 6
    Info (169125): Pin ~ALTERA_FLASH_nCE_nCSO~ is reserved at location 8
    Info (169125): Pin ~ALTERA_DCLK~ is reserved at location 12
    Info (169125): Pin ~ALTERA_DATA0~ is reserved at location 13
    Info (169125): Pin ~ALTERA_nCEO~ is reserved at location 101
Warning (15714): Some pins have incomplete I/O assignments. Refer to the I/O Assignment Warnings report for details
Critical Warning (169085): No exact pin location assignment(s) for 27 pins of 61 total pins. For the list of pins please refer to the I/O Assignment Warnings table in the fitter report.
Critical Warning (332012): Synopsys Design Constraints File file not found: 'traffic_button.sdc'. A Synopsys Design Constraints File is required by the Timing Analyzer to get proper timing constraints. Without it, the Compiler will not properly optimize the design.
Info (332144): No user constrained base clocks found in the design
Info (332143): No user constrained clock uncertainty found in the design. Calling "derive_clock_uncertainty"
Info (332154): The derive_clock_uncertainty command did not apply clock uncertainty to any clock-to-clock transfers.
Info (332130): Timing requirements not specified -- quality metrics such as performance may be sacrificed to reduce compilation time.
Info (176353): Automatically promoted node clk~input (placed in PIN 23 (CLK1, DIFFCLK_0n)) File: /home/hoangbuikhanh/WORKSPACE/traffic_control_system_buttons/script/traffic_light_top.v Line: 19
    Info (176355): Automatically promoted destinations to use location or clock signal Global Clock CLKCTRL_G2
Info (176353): Automatically promoted node rst_n~input (placed in PIN 24 (CLK2, DIFFCLK_1p)) File: /home/hoangbuikhanh/WORKSPACE/traffic_control_system_buttons/script/traffic_light_top.v Line: 20
    Info (176355): Automatically promoted destinations to use location or clock signal Global Clock CLKCTRL_G4
Info (176233): Starting register packing
Info (176235): Finished register packing
    Extra Info (176219): No registers were packed into other blocks
Info (176214): Statistics of I/O pins that need to be placed that use the same VCCIO and VREF, before I/O pin placement
    Info (176211): Number of I/O pins in group: 4 (unused VREF, 2.5V VCCIO, 0 input, 4 output, 0 bidirectional)
        Info (176212): I/O standards used: 2.5 V.
    Info (176211): Number of I/O pins in group: 23 (unused VREF, 3.3V VCCIO, 14 input, 9 output, 0 bidirectional)
        Info (176212): I/O standards used: 3.3-V LVTTL.
Info (176215): I/O bank details before I/O pin placement
    Info (176214): Statistics of I/O banks
        Info (176213): I/O bank number 1 does not use VREF pins and has undetermined VCCIO pins. 5 total pin(s) used --  6 pins available
        Info (176213): I/O bank number 2 does not use VREF pins and has 3.3V VCCIO pins. 7 total pin(s) used --  1 pins available
        Info (176213): I/O bank number 3 does not use VREF pins and has undetermined VCCIO pins. 0 total pin(s) used --  11 pins available
        Info (176213): I/O bank number 4 does not use VREF pins and has 3.3V VCCIO pins. 8 total pin(s) used --  6 pins available
        Info (176213): I/O bank number 5 does not use VREF pins and has 3.3V VCCIO pins. 5 total pin(s) used --  8 pins available
        Info (176213): I/O bank number 6 does not use VREF pins and has undetermined VCCIO pins. 1 total pin(s) used --  9 pins available
        Info (176213): I/O bank number 7 does not use VREF pins and has 3.3V VCCIO pins. 5 total pin(s) used --  8 pins available
        Info (176213): I/O bank number 8 does not use VREF pins and has 3.3V VCCIO pins. 8 total pin(s) used --  4 pins available
Warning (15705): Ignored locations or region assignments to the following nodes
    Warning (15706): Node "ped_E" is assigned to location or region, but does not exist in design
    Warning (15706): Node "ped_N" is assigned to location or region, but does not exist in design
    Warning (15706): Node "ped_S" is assigned to location or region, but does not exist in design
    Warning (15706): Node "ped_W" is assigned to location or region, but does not exist in design
Info (171121): Fitter preparation operations ending: elapsed time is 00:00:01
Info (14896): Fitter has disabled Advanced Physical Optimization because it is not supported for the current family.
Info (170189): Fitter placement preparation operations beginning
Info (170190): Fitter placement preparation operations ending: elapsed time is 00:00:00
Info (170191): Fitter placement operations beginning
Info (170137): Fitter placement was successful
Info (170192): Fitter placement operations ending: elapsed time is 00:00:01
Info (170193): Fitter routing operations beginning
Info (170195): Router estimated average interconnect usage is 3% of the available device resources
    Info (170196): Router estimated peak interconnect usage is 7% of the available device resources in the region that extends from location X23_Y12 to location X34_Y24
Info (170199): The Fitter performed an Auto Fit compilation.  Optimizations were skipped to reduce compilation time.
    Info (170201): Optimizations that may affect the design's routability were skipped
Info (170194): Fitter routing operations ending: elapsed time is 00:00:01
Info (11888): Total time spent on timing analysis during the Fitter is 0.46 seconds.
Info (334003): Started post-fitting delay annotation
Info (334004): Delay annotation completed successfully
Info (334003): Started post-fitting delay annotation
Info (334004): Delay annotation completed successfully
Info (11218): Fitter post-fit operations ending: elapsed time is 00:00:01
Warning (171167): Found invalid Fitter assignments. See the Ignored Assignments panel in the Fitter Compilation Report for more information.
Warning (169177): 20 pins must meet Intel FPGA requirements for 3.3-, 3.0-, and 2.5-V interfaces. For more information, refer to AN 447: Interfacing Cyclone IV E Devices with 3.3/3.0/2.5-V LVTTL/LVCMOS I/O Systems.
    Info (169178): Pin dig_dip[0] uses I/O standard 3.3-V LVTTL at 133 File: /home/hoangbuikhanh/WORKSPACE/traffic_control_system_buttons/script/traffic_light_top.v Line: 24
    Info (169178): Pin dig_dip[1] uses I/O standard 3.3-V LVTTL at 135 File: /home/hoangbuikhanh/WORKSPACE/traffic_control_system_buttons/script/traffic_light_top.v Line: 24
    Info (169178): Pin dig_dip[2] uses I/O standard 3.3-V LVTTL at 136 File: /home/hoangbuikhanh/WORKSPACE/traffic_control_system_buttons/script/traffic_light_top.v Line: 24
    Info (169178): Pin dig_dip[3] uses I/O standard 3.3-V LVTTL at 137 File: /home/hoangbuikhanh/WORKSPACE/traffic_control_system_buttons/script/traffic_light_top.v Line: 24
    Info (169178): Pin clk uses I/O standard 3.3-V LVTTL at 23 File: /home/hoangbuikhanh/WORKSPACE/traffic_control_system_buttons/script/traffic_light_top.v Line: 19
    Info (169178): Pin rst_n uses I/O standard 3.3-V LVTTL at 24 File: /home/hoangbuikhanh/WORKSPACE/traffic_control_system_buttons/script/traffic_light_top.v Line: 20
    Info (169178): Pin io_mode uses I/O standard 3.3-V LVTTL at 138 File: /home/hoangbuikhanh/WORKSPACE/traffic_control_system_buttons/script/traffic_light_top.v Line: 23
    Info (169178): Pin cfg_data[0] uses I/O standard 3.3-V LVTTL at 103 File: /home/hoangbuikhanh/WORKSPACE/traffic_control_system_buttons/script/traffic_light_top.v Line: 28
    Info (169178): Pin cfg_addr[3] uses I/O standard 3.3-V LVTTL at 106 File: /home/hoangbuikhanh/WORKSPACE/traffic_control_system_buttons/script/traffic_light_top.v Line: 27
    Info (169178): Pin cfg_we uses I/O standard 3.3-V LVTTL at 110 File: /home/hoangbuikhanh/WORKSPACE/traffic_control_system_buttons/script/traffic_light_top.v Line: 29
    Info (169178): Pin cfg_addr[1] uses I/O standard 3.3-V LVTTL at 83 File: /home/hoangbuikhanh/WORKSPACE/traffic_control_system_buttons/script/traffic_light_top.v Line: 27
    Info (169178): Pin cfg_addr[2] uses I/O standard 3.3-V LVTTL at 88 File: /home/hoangbuikhanh/WORKSPACE/traffic_control_system_buttons/script/traffic_light_top.v Line: 27
    Info (169178): Pin cfg_addr[0] uses I/O standard 3.3-V LVTTL at 89 File: /home/hoangbuikhanh/WORKSPACE/traffic_control_system_buttons/script/traffic_light_top.v Line: 27
    Info (169178): Pin cfg_data[7] uses I/O standard 3.3-V LVTTL at 105 File: /home/hoangbuikhanh/WORKSPACE/traffic_control_system_buttons/script/traffic_light_top.v Line: 28
    Info (169178): Pin cfg_data[6] uses I/O standard 3.3-V LVTTL at 90 File: /home/hoangbuikhanh/WORKSPACE/traffic_control_system_buttons/script/traffic_light_top.v Line: 28
    Info (169178): Pin cfg_data[5] uses I/O standard 3.3-V LVTTL at 91 File: /home/hoangbuikhanh/WORKSPACE/traffic_control_system_buttons/script/traffic_light_top.v Line: 28
    Info (169178): Pin cfg_data[4] uses I/O standard 3.3-V LVTTL at 114 File: /home/hoangbuikhanh/WORKSPACE/traffic_control_system_buttons/script/traffic_light_top.v Line: 28
    Info (169178): Pin cfg_data[3] uses I/O standard 3.3-V LVTTL at 115 File: /home/hoangbuikhanh/WORKSPACE/traffic_control_system_buttons/script/traffic_light_top.v Line: 28
    Info (169178): Pin cfg_data[2] uses I/O standard 3.3-V LVTTL at 104 File: /home/hoangbuikhanh/WORKSPACE/traffic_control_system_buttons/script/traffic_light_top.v Line: 28
    Info (169178): Pin cfg_data[1] uses I/O standard 3.3-V LVTTL at 98 File: /home/hoangbuikhanh/WORKSPACE/traffic_control_system_buttons/script/traffic_light_top.v Line: 28
Info (144001): Generated suppressed messages file /home/hoangbuikhanh/WORKSPACE/traffic_control_system_buttons/output/output_files/traffic_button.fit.smsg
Info: Quartus Prime Fitter was successful. 0 errors, 12 warnings
    Info: Peak virtual memory: 970 megabytes
    Info: Processing ended: Fri Apr 10 04:15:30 2026
    Info: Elapsed time: 00:00:07
    Info: Total CPU time (on all processors): 00:00:10


+----------------------------+
; Fitter Suppressed Messages ;
+----------------------------+
The suppressed messages can be found in /home/hoangbuikhanh/WORKSPACE/traffic_control_system_buttons/output/output_files/traffic_button.fit.smsg.


